recommended_wave,originalLocation,x,y,z,assigned_units
1,I-23-13,86.0,572.0,1.0,12
1,I-23-23,86.0,572.0,2.0,12
2,I-23-13,86.0,572.0,1.0,12
2,I-23-23,86.0,572.0,2.0,12
3,I-23-13,86.0,572.0,1.0,12
3,I-23-23,86.0,572.0,2.0,12
4,I-23-13,86.0,572.0,1.0,12
4,I-23-23,86.0,572.0,2.0,12
5,I-23-13,86.0,572.0,1.0,4
5,I-23-23,86.0,572.0,2.0,12
5,I-23-22,102.0,572.0,2.0,9
6,I-23-12,102.0,572.0,1.0,12
6,I-23-22,102.0,572.0,2.0,12
7,I-23-12,102.0,572.0,1.0,12
7,I-23-22,102.0,572.0,2.0,12
8,I-23-12,102.0,572.0,1.0,12
8,I-23-22,102.0,572.0,2.0,12
9,I-23-12,102.0,572.0,1.0,12
9,I-23-22,102.0,572.0,2.0,12
10,I-23-12,102.0,572.0,1.0,12
10,I-23-22,102.0,572.0,2.0,12
11,I-23-12,102.0,572.0,1.0,12
11,I-23-22,102.0,572.0,2.0,12
12,I-23-12,102.0,572.0,1.0,12
12,I-23-22,102.0,572.0,2.0,12
13,I-23-12,102.0,572.0,1.0,12
13,I-23-22,102.0,572.0,2.0,12
14,I-23-12,102.0,572.0,1.0,12
14,I-23-22,102.0,572.0,2.0,12
15,I-23-12,102.0,572.0,1.0,12
15,I-23-22,102.0,572.0,2.0,12
16,I-23-12,102.0,572.0,1.0,12
16,I-23-22,102.0,572.0,2.0,12
17,I-23-12,102.0,572.0,1.0,12
17,I-23-22,102.0,572.0,2.0,12
18,I-23-12,102.0,572.0,1.0,12
18,I-23-22,102.0,572.0,2.0,12
19,I-23-12,102.0,572.0,1.0,12
19,I-23-22,102.0,572.0,2.0,12
20,I-23-12,102.0,572.0,1.0,12
20,I-23-22,102.0,572.0,2.0,12
21,I-23-12,102.0,572.0,1.0,12
21,I-23-22,102.0,572.0,2.0,12
22,I-23-12,102.0,572.0,1.0,12
22,I-23-22,102.0,572.0,2.0,12
23,I-23-12,102.0,572.0,1.0,12
23,I-23-22,102.0,572.0,2.0,12
24,I-23-12,102.0,572.0,1.0,12
24,I-23-22,102.0,572.0,2.0,12
25,I-23-12,102.0,572.0,1.0,12
25,I-23-22,102.0,572.0,2.0,12
26,I-23-12,102.0,572.0,1.0,12
26,I-23-22,102.0,572.0,2.0,12
27,I-23-12,102.0,572.0,1.0,12
27,I-23-22,102.0,572.0,2.0,12
28,I-23-12,102.0,572.0,1.0,12
28,I-23-22,102.0,572.0,2.0,12
29,I-23-12,102.0,572.0,1.0,12
29,I-23-22,102.0,572.0,2.0,12
30,I-23-12,102.0,572.0,1.0,12
30,I-23-22,102.0,572.0,2.0,12
31,I-23-12,102.0,572.0,1.0,12
31,I-23-22,102.0,572.0,2.0,12
32,I-23-12,102.0,572.0,1.0,12
32,I-23-22,102.0,572.0,2.0,12
33,I-23-12,102.0,572.0,1.0,12
33,I-23-22,102.0,572.0,2.0,12
34,I-23-12,102.0,572.0,1.0,12
34,I-23-22,102.0,572.0,2.0,12
35,I-23-12,102.0,572.0,1.0,12
35,I-23-22,102.0,572.0,2.0,12
36,I-23-12,102.0,572.0,1.0,12
36,I-23-22,102.0,572.0,2.0,12
37,I-23-12,102.0,572.0,1.0,12
37,I-23-22,102.0,572.0,2.0,12
38,I-23-12,102.0,572.0,1.0,12
38,I-23-22,102.0,572.0,2.0,12
39,I-23-12,102.0,572.0,1.0,12
39,I-23-22,102.0,572.0,2.0,12
40,I-23-12,102.0,572.0,1.0,12
40,I-23-22,102.0,572.0,2.0,12
41,I-23-12,102.0,572.0,1.0,12
41,I-23-22,102.0,572.0,2.0,12
42,I-23-12,102.0,572.0,1.0,12
42,I-23-22,102.0,572.0,2.0,12
43,I-23-12,102.0,572.0,1.0,12
43,I-23-22,102.0,572.0,2.0,12
44,I-23-12,102.0,572.0,1.0,12
44,I-23-22,102.0,572.0,2.0,12
45,I-23-12,102.0,572.0,1.0,12
45,I-23-22,102.0,572.0,2.0,12
46,I-23-12,102.0,572.0,1.0,12
46,I-23-22,102.0,572.0,2.0,12
47,I-23-12,102.0,572.0,1.0,12
47,I-23-22,102.0,572.0,2.0,12
48,I-23-12,102.0,572.0,1.0,12
48,I-23-22,102.0,572.0,2.0,12
49,I-23-12,102.0,572.0,1.0,12
49,I-23-22,102.0,572.0,2.0,12
50,I-23-12,102.0,572.0,1.0,12
50,I-23-22,102.0,572.0,2.0,12
51,I-23-12,102.0,572.0,1.0,12
51,I-23-22,102.0,572.0,2.0,12
52,I-23-12,102.0,572.0,1.0,12
52,I-23-22,102.0,572.0,2.0,12
53,I-23-12,102.0,572.0,1.0,12
53,I-23-22,102.0,572.0,2.0,12
54,I-23-12,102.0,572.0,1.0,12
54,I-23-22,102.0,572.0,2.0,12
55,I-23-12,102.0,572.0,1.0,12
55,I-23-22,102.0,572.0,2.0,12
56,I-23-12,102.0,572.0,1.0,12
56,I-23-22,102.0,572.0,2.0,12
57,I-23-12,102.0,572.0,1.0,12
57,I-23-22,102.0,572.0,2.0,12
58,I-23-12,102.0,572.0,1.0,12
58,I-23-22,102.0,572.0,2.0,12
59,I-23-12,102.0,572.0,1.0,12
59,I-23-22,102.0,572.0,2.0,12
60,I-23-12,102.0,572.0,1.0,12
60,I-23-22,102.0,572.0,2.0,12
61,I-23-12,102.0,572.0,1.0,12
61,I-23-22,102.0,572.0,2.0,12
62,I-23-12,102.0,572.0,1.0,12
62,I-23-22,102.0,572.0,2.0,12
63,I-23-12,102.0,572.0,1.0,12
63,I-23-22,102.0,572.0,2.0,12
64,I-23-12,102.0,572.0,1.0,12
64,I-23-22,102.0,572.0,2.0,1
64,I-23-23,86.0,572.0,2.0,12
65,I-23-12,102.0,572.0,1.0,12
65,I-23-11,118.0,572.0,1.0,12
66,I-23-12,102.0,572.0,1.0,12
66,I-23-11,118.0,572.0,1.0,12
67,I-23-12,102.0,572.0,1.0,12
67,I-23-11,118.0,572.0,1.0,12
68,I-23-12,102.0,572.0,1.0,12
68,I-23-11,118.0,572.0,1.0,12
69,I-23-12,102.0,572.0,1.0,12
69,I-23-11,118.0,572.0,1.0,12
70,I-23-12,102.0,572.0,1.0,12
70,I-23-11,118.0,572.0,1.0,12
71,I-23-12,102.0,572.0,1.0,12
71,I-23-11,118.0,572.0,1.0,12
72,I-23-12,102.0,572.0,1.0,12
72,I-23-11,118.0,572.0,1.0,12
73,I-23-12,102.0,572.0,1.0,12
73,I-23-11,118.0,572.0,1.0,12
74,I-23-12,102.0,572.0,1.0,12
74,I-23-11,118.0,572.0,1.0,12
75,I-23-12,102.0,572.0,1.0,12
75,I-23-11,118.0,572.0,1.0,12
76,I-23-12,102.0,572.0,1.0,12
76,I-23-11,118.0,572.0,1.0,12
77,I-23-12,102.0,572.0,1.0,10
77,I-23-11,118.0,572.0,1.0,12
77,I-23-21,118.0,572.0,2.0,3
78,I-23-11,118.0,572.0,1.0,12
78,I-23-21,118.0,572.0,2.0,12
79,I-23-11,118.0,572.0,1.0,12
79,I-23-21,118.0,572.0,2.0,12
80,I-23-11,118.0,572.0,1.0,12
80,I-23-21,118.0,572.0,2.0,12
81,I-23-11,118.0,572.0,1.0,12
81,I-23-21,118.0,572.0,2.0,12
82,I-23-11,118.0,572.0,1.0,12
82,I-23-21,118.0,572.0,2.0,12
83,I-23-11,118.0,572.0,1.0,12
83,I-23-21,118.0,572.0,2.0,12
84,I-23-11,118.0,572.0,1.0,12
84,I-23-21,118.0,572.0,2.0,12
85,I-23-11,118.0,572.0,1.0,12
85,I-23-21,118.0,572.0,2.0,12
86,I-23-11,118.0,572.0,1.0,12
86,I-23-21,118.0,572.0,2.0,12
87,I-23-11,118.0,572.0,1.0,12
87,I-23-21,118.0,572.0,2.0,12
88,I-23-11,118.0,572.0,1.0,12
88,I-23-21,118.0,572.0,2.0,12
89,I-23-11,118.0,572.0,1.0,12
89,I-23-21,118.0,572.0,2.0,12
90,I-23-11,118.0,572.0,1.0,12
90,I-23-21,118.0,572.0,2.0,12
91,I-23-11,118.0,572.0,1.0,12
91,I-23-21,118.0,572.0,2.0,12
92,I-23-11,118.0,572.0,1.0,12
92,I-23-21,118.0,572.0,2.0,12
93,I-23-11,118.0,572.0,1.0,12
93,I-23-21,118.0,572.0,2.0,12
94,I-23-11,118.0,572.0,1.0,12
94,I-23-21,118.0,572.0,2.0,12
95,I-23-11,118.0,572.0,1.0,12
95,I-23-21,118.0,572.0,2.0,12
96,I-23-11,118.0,572.0,1.0,12
96,I-23-21,118.0,572.0,2.0,12
97,I-23-11,118.0,572.0,1.0,12
97,I-23-21,118.0,572.0,2.0,12
98,I-23-11,118.0,572.0,1.0,12
98,I-23-21,118.0,572.0,2.0,12
99,I-23-11,118.0,572.0,1.0,12
99,I-23-21,118.0,572.0,2.0,12
100,I-23-11,118.0,572.0,1.0,12
100,I-23-21,118.0,572.0,2.0,12
101,I-23-11,118.0,572.0,1.0,12
101,I-21-13,136.0,572.0,1.0,12
102,I-23-11,118.0,572.0,1.0,12
102,I-21-13,136.0,572.0,1.0,12
103,I-23-11,118.0,572.0,1.0,12
103,I-21-13,136.0,572.0,1.0,12
104,I-23-11,118.0,572.0,1.0,12
104,I-21-13,136.0,572.0,1.0,12
105,I-23-11,118.0,572.0,1.0,12
105,I-21-13,136.0,572.0,1.0,12
106,I-23-11,118.0,572.0,1.0,12
106,I-21-13,136.0,572.0,1.0,12
107,I-23-11,118.0,572.0,1.0,12
107,I-21-13,136.0,572.0,1.0,12
108,I-23-11,118.0,572.0,1.0,12
108,I-21-13,136.0,572.0,1.0,12
109,I-23-11,118.0,572.0,1.0,12
109,I-21-13,136.0,572.0,1.0,12
110,I-23-11,118.0,572.0,1.0,12
110,I-21-13,136.0,572.0,1.0,12
111,I-23-11,118.0,572.0,1.0,12
111,I-21-13,136.0,572.0,1.0,12
112,I-23-11,118.0,572.0,1.0,12
112,I-21-13,136.0,572.0,1.0,12
113,I-23-11,118.0,572.0,1.0,12
113,I-21-13,136.0,572.0,1.0,12
114,I-23-11,118.0,572.0,1.0,12
114,I-21-13,136.0,572.0,1.0,12
115,I-23-11,118.0,572.0,1.0,12
115,I-21-13,136.0,572.0,1.0,12
116,I-23-11,118.0,572.0,1.0,12
116,I-21-13,136.0,572.0,1.0,12
117,I-23-11,118.0,572.0,1.0,4
117,I-21-13,136.0,572.0,1.0,12
117,I-21-23,136.0,572.0,2.0,9
118,I-21-13,136.0,572.0,1.0,12
118,I-21-23,136.0,572.0,2.0,12
119,I-21-13,136.0,572.0,1.0,12
119,I-21-23,136.0,572.0,2.0,12
120,I-21-13,136.0,572.0,1.0,12
120,I-21-23,136.0,572.0,2.0,12
121,I-21-13,136.0,572.0,1.0,12
121,I-21-23,136.0,572.0,2.0,12
122,I-21-13,136.0,572.0,1.0,12
122,I-21-23,136.0,572.0,2.0,12
123,I-21-13,136.0,572.0,1.0,12
123,I-21-23,136.0,572.0,2.0,12
124,I-21-13,136.0,572.0,1.0,6
124,I-21-23,136.0,572.0,2.0,12
124,I-21-22,152.0,572.0,2.0,7
125,I-21-12,152.0,572.0,1.0,12
125,I-21-22,152.0,572.0,2.0,12
126,I-21-12,152.0,572.0,1.0,12
126,I-21-22,152.0,572.0,2.0,12
127,I-21-12,152.0,572.0,1.0,12
127,I-21-22,152.0,572.0,2.0,12
128,I-21-12,152.0,572.0,1.0,12
128,I-21-22,152.0,572.0,2.0,12
129,I-21-12,152.0,572.0,1.0,12
129,I-21-22,152.0,572.0,2.0,12
130,I-21-12,152.0,572.0,1.0,12
130,I-21-22,152.0,572.0,2.0,12
131,I-21-12,152.0,572.0,1.0,12
131,I-21-22,152.0,572.0,2.0,12
132,I-21-12,152.0,572.0,1.0,12
132,I-21-22,152.0,572.0,2.0,12
133,I-21-12,152.0,572.0,1.0,12
133,I-21-22,152.0,572.0,2.0,12
134,I-21-12,152.0,572.0,1.0,12
134,I-21-22,152.0,572.0,2.0,12
135,I-21-12,152.0,572.0,1.0,12
135,I-21-22,152.0,572.0,2.0,12
136,I-21-12,152.0,572.0,1.0,12
136,I-21-22,152.0,572.0,2.0,12
137,I-21-12,152.0,572.0,1.0,12
137,I-21-22,152.0,572.0,2.0,12
138,I-21-12,152.0,572.0,1.0,12
138,I-21-22,152.0,572.0,2.0,12
139,I-21-12,152.0,572.0,1.0,12
139,I-21-22,152.0,572.0,2.0,12
140,I-21-12,152.0,572.0,1.0,12
140,I-21-22,152.0,572.0,2.0,12
141,I-21-12,152.0,572.0,1.0,12
141,I-21-22,152.0,572.0,2.0,12
142,I-21-12,152.0,572.0,1.0,12
142,I-21-22,152.0,572.0,2.0,12
143,I-21-12,152.0,572.0,1.0,12
143,I-21-22,152.0,572.0,2.0,12
144,I-21-12,152.0,572.0,1.0,12
144,I-21-22,152.0,572.0,2.0,12
145,I-21-12,152.0,572.0,1.0,12
145,I-21-22,152.0,572.0,2.0,12
146,I-21-12,152.0,572.0,1.0,12
146,I-21-22,152.0,572.0,2.0,11
146,I-21-23,136.0,572.0,2.0,2
147,I-21-12,152.0,572.0,1.0,12
147,I-21-11,168.0,572.0,1.0,12
148,I-21-12,152.0,572.0,1.0,12
148,I-21-11,168.0,572.0,1.0,12
149,I-21-12,152.0,572.0,1.0,12
149,I-21-11,168.0,572.0,1.0,12
150,I-21-12,152.0,572.0,1.0,12
150,I-21-11,168.0,572.0,1.0,12
151,I-21-12,152.0,572.0,1.0,12
151,I-21-11,168.0,572.0,1.0,12
152,I-21-12,152.0,572.0,1.0,12
152,I-21-11,168.0,572.0,1.0,12
153,I-21-12,152.0,572.0,1.0,12
153,I-21-11,168.0,572.0,1.0,12
154,I-21-12,152.0,572.0,1.0,12
154,I-21-11,168.0,572.0,1.0,12
155,I-21-12,152.0,572.0,1.0,12
155,I-21-11,168.0,572.0,1.0,12
156,I-21-12,152.0,572.0,1.0,12
156,I-21-11,168.0,572.0,1.0,12
157,I-21-12,152.0,572.0,1.0,12
157,I-21-11,168.0,572.0,1.0,12
158,I-21-12,152.0,572.0,1.0,12
158,I-21-11,168.0,572.0,1.0,9
158,I-21-21,168.0,572.0,2.0,4
159,I-21-12,152.0,572.0,1.0,12
159,I-21-23,136.0,572.0,2.0,12
160,I-21-12,152.0,572.0,1.0,2
160,I-21-23,136.0,572.0,2.0,12
160,I-21-21,168.0,572.0,2.0,11
161,I-19-13,186.0,572.0,1.0,12
161,I-19-23,186.0,572.0,2.0,12
162,I-19-13,186.0,572.0,1.0,12
162,I-19-23,186.0,572.0,2.0,12
163,I-19-13,186.0,572.0,1.0,12
163,I-19-23,186.0,572.0,2.0,12
164,I-19-13,186.0,572.0,1.0,12
164,I-19-23,186.0,572.0,2.0,12
165,I-19-13,186.0,572.0,1.0,12
165,I-19-23,186.0,572.0,2.0,12
166,I-19-13,186.0,572.0,1.0,12
166,I-19-23,186.0,572.0,2.0,12
167,I-19-13,186.0,572.0,1.0,12
167,I-19-23,186.0,572.0,2.0,12
168,I-19-13,186.0,572.0,1.0,12
168,I-19-23,186.0,572.0,2.0,12
169,I-19-13,186.0,572.0,1.0,12
169,I-19-23,186.0,572.0,2.0,12
170,I-19-13,186.0,572.0,1.0,12
170,I-19-23,186.0,572.0,2.0,12
171,I-19-13,186.0,572.0,1.0,12
171,I-19-23,186.0,572.0,2.0,12
172,I-19-13,186.0,572.0,1.0,5
172,I-19-23,186.0,572.0,2.0,12
172,I-19-22,202.0,572.0,2.0,8
173,I-19-12,202.0,572.0,1.0,12
173,I-19-22,202.0,572.0,2.0,12
174,I-19-12,202.0,572.0,1.0,12
174,I-19-22,202.0,572.0,2.0,12
175,I-19-12,202.0,572.0,1.0,12
175,I-19-22,202.0,572.0,2.0,12
176,I-19-12,202.0,572.0,1.0,12
176,I-19-22,202.0,572.0,2.0,12
177,I-19-12,202.0,572.0,1.0,12
177,I-19-22,202.0,572.0,2.0,12
178,I-19-12,202.0,572.0,1.0,12
178,I-19-22,202.0,572.0,2.0,12
179,I-19-12,202.0,572.0,1.0,12
179,I-19-22,202.0,572.0,2.0,12
180,I-19-12,202.0,572.0,1.0,12
180,I-19-22,202.0,572.0,2.0,8
180,I-19-23,186.0,572.0,2.0,5
181,I-19-12,202.0,572.0,1.0,10
181,I-19-11,218.0,572.0,1.0,12
181,I-19-21,218.0,572.0,2.0,3
182,I-19-11,218.0,572.0,1.0,12
182,I-19-21,218.0,572.0,2.0,12
183,I-19-11,218.0,572.0,1.0,12
183,I-19-21,218.0,572.0,2.0,12
184,I-19-11,218.0,572.0,1.0,12
184,I-19-21,218.0,572.0,2.0,12
185,I-19-11,218.0,572.0,1.0,12
185,I-19-21,218.0,572.0,2.0,12
186,I-19-11,218.0,572.0,1.0,12
186,I-19-21,218.0,572.0,2.0,12
187,I-19-11,218.0,572.0,1.0,3
187,I-19-21,218.0,572.0,2.0,12
187,I-17-23,236.0,572.0,2.0,10
188,I-17-13,236.0,572.0,1.0,12
188,I-17-23,236.0,572.0,2.0,12
189,I-17-13,236.0,572.0,1.0,12
189,I-17-23,236.0,572.0,2.0,12
190,I-17-13,236.0,572.0,1.0,12
190,I-17-23,236.0,572.0,2.0,12
191,I-17-13,236.0,572.0,1.0,12
191,I-17-23,236.0,572.0,2.0,12
192,I-17-13,236.0,572.0,1.0,12
192,I-17-23,236.0,572.0,2.0,12
193,I-17-13,236.0,572.0,1.0,12
193,I-17-23,236.0,572.0,2.0,12
194,I-17-13,236.0,572.0,1.0,12
194,I-17-23,236.0,572.0,2.0,12
195,I-17-13,236.0,572.0,1.0,12
195,I-17-23,236.0,572.0,2.0,12
196,I-17-13,236.0,572.0,1.0,12
196,I-17-23,236.0,572.0,2.0,12
197,I-17-13,236.0,572.0,1.0,12
197,I-17-23,236.0,572.0,2.0,12
198,I-17-13,236.0,572.0,1.0,12
198,I-17-23,236.0,572.0,2.0,12
199,I-17-13,236.0,572.0,1.0,12
199,I-17-23,236.0,572.0,2.0,12
200,I-17-13,236.0,572.0,1.0,12
200,I-17-23,236.0,572.0,2.0,12
201,I-17-13,236.0,572.0,1.0,12
201,I-17-23,236.0,572.0,2.0,12
202,I-17-13,236.0,572.0,1.0,12
202,I-17-23,236.0,572.0,2.0,12
203,I-17-13,236.0,572.0,1.0,12
203,I-17-23,236.0,572.0,2.0,12
204,I-17-13,236.0,572.0,1.0,12
204,I-17-23,236.0,572.0,2.0,12
205,I-17-13,236.0,572.0,1.0,12
205,I-17-23,236.0,572.0,2.0,12
206,I-17-13,236.0,572.0,1.0,12
206,I-17-23,236.0,572.0,2.0,12
207,I-17-13,236.0,572.0,1.0,10
207,I-17-23,236.0,572.0,2.0,12
207,I-17-22,252.0,572.0,2.0,3
208,I-17-12,252.0,572.0,1.0,12
208,I-17-22,252.0,572.0,2.0,12
209,I-17-12,252.0,572.0,1.0,12
209,I-17-22,252.0,572.0,2.0,12
210,I-17-12,252.0,572.0,1.0,12
210,I-17-22,252.0,572.0,2.0,12
211,I-17-12,252.0,572.0,1.0,12
211,I-17-22,252.0,572.0,2.0,12
212,I-17-12,252.0,572.0,1.0,12
212,I-17-22,252.0,572.0,2.0,12
213,I-17-12,252.0,572.0,1.0,12
213,I-17-22,252.0,572.0,2.0,12
214,I-17-12,252.0,572.0,1.0,12
214,I-17-22,252.0,572.0,2.0,12
215,I-17-12,252.0,572.0,1.0,12
215,I-17-22,252.0,572.0,2.0,12
216,I-17-12,252.0,572.0,1.0,12
216,I-17-22,252.0,572.0,2.0,12
217,I-17-12,252.0,572.0,1.0,12
217,I-17-22,252.0,572.0,2.0,12
218,I-17-12,252.0,572.0,1.0,12
218,I-17-22,252.0,572.0,2.0,12
219,I-17-12,252.0,572.0,1.0,12
219,I-17-22,252.0,572.0,2.0,12
220,I-17-12,252.0,572.0,1.0,12
220,I-17-22,252.0,572.0,2.0,12
221,I-17-12,252.0,572.0,1.0,12
221,I-17-22,252.0,572.0,2.0,12
222,I-17-12,252.0,572.0,1.0,12
222,I-17-22,252.0,572.0,2.0,12
223,I-17-12,252.0,572.0,1.0,12
223,I-17-22,252.0,572.0,2.0,12
224,I-17-12,252.0,572.0,1.0,12
224,I-17-22,252.0,572.0,2.0,12
225,I-17-12,252.0,572.0,1.0,12
225,I-17-22,252.0,572.0,2.0,12
226,I-17-12,252.0,572.0,1.0,12
226,I-17-22,252.0,572.0,2.0,12
227,I-17-12,252.0,572.0,1.0,12
227,I-17-22,252.0,572.0,2.0,12
228,I-17-12,252.0,572.0,1.0,12
228,I-17-22,252.0,572.0,2.0,12
229,I-17-12,252.0,572.0,1.0,12
229,I-17-22,252.0,572.0,2.0,12
230,I-17-12,252.0,572.0,1.0,12
230,I-17-22,252.0,572.0,2.0,12
231,I-17-12,252.0,572.0,1.0,12
231,I-17-22,252.0,572.0,2.0,12
232,I-17-12,252.0,572.0,1.0,12
232,I-17-22,252.0,572.0,2.0,12
233,I-17-12,252.0,572.0,1.0,12
233,I-17-22,252.0,572.0,2.0,12
234,I-17-12,252.0,572.0,1.0,12
234,I-17-22,252.0,572.0,2.0,12
235,I-17-12,252.0,572.0,1.0,12
235,I-17-22,252.0,572.0,2.0,12
236,I-17-12,252.0,572.0,1.0,12
236,I-17-22,252.0,572.0,2.0,12
237,I-17-12,252.0,572.0,1.0,12
237,I-17-22,252.0,572.0,2.0,12
238,I-17-12,252.0,572.0,1.0,12
238,I-17-22,252.0,572.0,2.0,12
239,I-17-12,252.0,572.0,1.0,12
239,I-17-22,252.0,572.0,2.0,12
240,I-17-12,252.0,572.0,1.0,12
240,I-17-22,252.0,572.0,2.0,12
241,I-17-12,252.0,572.0,1.0,12
241,I-17-22,252.0,572.0,2.0,12
242,I-17-12,252.0,572.0,1.0,12
242,I-17-22,252.0,572.0,2.0,12
243,I-17-12,252.0,572.0,1.0,12
243,I-17-22,252.0,572.0,2.0,12
244,I-17-12,252.0,572.0,1.0,12
244,I-17-22,252.0,572.0,2.0,12
245,I-17-12,252.0,572.0,1.0,12
245,I-17-22,252.0,572.0,2.0,12
246,I-17-12,252.0,572.0,1.0,12
246,I-17-22,252.0,572.0,2.0,12
247,I-17-12,252.0,572.0,1.0,12
247,I-17-22,252.0,572.0,2.0,12
248,I-17-12,252.0,572.0,1.0,12
248,I-17-22,252.0,572.0,2.0,12
249,I-17-12,252.0,572.0,1.0,12
249,I-17-22,252.0,572.0,2.0,12
250,I-17-12,252.0,572.0,1.0,12
250,I-17-22,252.0,572.0,2.0,12
251,I-17-12,252.0,572.0,1.0,4
251,I-17-22,252.0,572.0,2.0,12
251,I-17-23,236.0,572.0,2.0,9
252,I-17-11,268.0,572.0,1.0,12
252,I-17-21,268.0,572.0,2.0,12
253,I-17-11,268.0,572.0,1.0,12
253,I-17-21,268.0,572.0,2.0,12
254,I-17-11,268.0,572.0,1.0,12
254,I-17-21,268.0,572.0,2.0,12
255,I-17-11,268.0,572.0,1.0,12
255,I-17-21,268.0,572.0,2.0,12
256,I-17-11,268.0,572.0,1.0,12
256,I-17-21,268.0,572.0,2.0,12
257,I-17-11,268.0,572.0,1.0,12
257,I-17-21,268.0,572.0,2.0,12
258,I-17-11,268.0,572.0,1.0,12
258,I-17-21,268.0,572.0,2.0,12
259,I-17-11,268.0,572.0,1.0,12
259,I-17-21,268.0,572.0,2.0,12
260,I-17-11,268.0,572.0,1.0,12
260,I-17-21,268.0,572.0,2.0,12
261,I-17-11,268.0,572.0,1.0,12
261,I-17-21,268.0,572.0,2.0,12
262,I-17-11,268.0,572.0,1.0,12
262,I-17-21,268.0,572.0,2.0,12
263,I-17-11,268.0,572.0,1.0,12
263,I-17-21,268.0,572.0,2.0,12
264,I-17-11,268.0,572.0,1.0,12
264,I-17-21,268.0,572.0,2.0,12
265,I-17-11,268.0,572.0,1.0,12
265,I-17-21,268.0,572.0,2.0,12
266,I-17-11,268.0,572.0,1.0,12
266,I-17-21,268.0,572.0,2.0,12
267,I-17-11,268.0,572.0,1.0,12
267,I-17-21,268.0,572.0,2.0,12
268,I-17-11,268.0,572.0,1.0,12
268,I-17-21,268.0,572.0,2.0,12
269,I-17-11,268.0,572.0,1.0,12
269,I-17-21,268.0,572.0,2.0,12
270,I-17-11,268.0,572.0,1.0,12
270,I-17-21,268.0,572.0,2.0,12
271,I-17-11,268.0,572.0,1.0,12
271,I-17-21,268.0,572.0,2.0,12
272,I-17-11,268.0,572.0,1.0,12
272,I-17-21,268.0,572.0,2.0,12
273,I-17-11,268.0,572.0,1.0,12
273,I-17-21,268.0,572.0,2.0,12
274,I-17-11,268.0,572.0,1.0,12
274,I-17-21,268.0,572.0,2.0,12
275,I-17-11,268.0,572.0,1.0,12
275,I-17-21,268.0,572.0,2.0,12
276,I-17-11,268.0,572.0,1.0,12
276,I-17-21,268.0,572.0,2.0,12
277,I-17-11,268.0,572.0,1.0,12
277,I-17-21,268.0,572.0,2.0,12
278,I-17-11,268.0,572.0,1.0,12
278,I-17-21,268.0,572.0,2.0,12
279,I-17-11,268.0,572.0,1.0,12
279,I-17-21,268.0,572.0,2.0,12
280,I-17-11,268.0,572.0,1.0,12
280,I-17-21,268.0,572.0,2.0,5
280,I-17-22,252.0,572.0,2.0,8
281,I-17-11,268.0,572.0,1.0,12
281,I-17-22,252.0,572.0,2.0,11
281,I-17-23,236.0,572.0,2.0,2
282,I-17-11,268.0,572.0,1.0,12
282,I-15-13,286.0,572.0,1.0,12
283,I-17-11,268.0,572.0,1.0,8
283,I-15-13,286.0,572.0,1.0,12
283,I-15-23,286.0,572.0,2.0,5
284,I-15-13,286.0,572.0,1.0,12
284,I-15-23,286.0,572.0,2.0,12
285,I-15-13,286.0,572.0,1.0,12
285,I-15-23,286.0,572.0,2.0,12
286,I-15-13,286.0,572.0,1.0,12
286,I-15-23,286.0,572.0,2.0,12
287,I-15-13,286.0,572.0,1.0,12
287,I-15-23,286.0,572.0,2.0,12
288,I-15-13,286.0,572.0,1.0,12
288,I-15-23,286.0,572.0,2.0,12
289,I-15-13,286.0,572.0,1.0,12
289,I-15-23,286.0,572.0,2.0,12
290,I-15-13,286.0,572.0,1.0,12
290,I-15-23,286.0,572.0,2.0,12
291,I-15-13,286.0,572.0,1.0,12
291,I-15-23,286.0,572.0,2.0,12
292,I-15-13,286.0,572.0,1.0,12
292,I-15-23,286.0,572.0,2.0,12
293,I-15-13,286.0,572.0,1.0,12
293,I-15-23,286.0,572.0,2.0,12
294,I-15-13,286.0,572.0,1.0,12
294,I-15-23,286.0,572.0,2.0,12
295,I-15-13,286.0,572.0,1.0,12
295,I-15-23,286.0,572.0,2.0,12
296,I-15-13,286.0,572.0,1.0,12
296,I-15-23,286.0,572.0,2.0,12
297,I-15-13,286.0,572.0,1.0,12
297,I-15-23,286.0,572.0,2.0,12
298,I-15-13,286.0,572.0,1.0,12
298,I-15-23,286.0,572.0,2.0,12
299,I-15-13,286.0,572.0,1.0,12
299,I-15-23,286.0,572.0,2.0,12
300,I-15-13,286.0,572.0,1.0,12
300,I-15-23,286.0,572.0,2.0,12
301,I-15-13,286.0,572.0,1.0,12
301,I-15-23,286.0,572.0,2.0,12
302,I-15-13,286.0,572.0,1.0,12
302,I-15-23,286.0,572.0,2.0,12
303,I-15-13,286.0,572.0,1.0,12
303,I-15-23,286.0,572.0,2.0,12
304,I-15-13,286.0,572.0,1.0,12
304,I-15-23,286.0,572.0,2.0,12
305,I-15-13,286.0,572.0,1.0,12
305,I-15-23,286.0,572.0,2.0,12
306,I-15-13,286.0,572.0,1.0,1
306,I-15-23,286.0,572.0,2.0,12
306,I-15-22,302.0,572.0,2.0,12
307,I-15-12,302.0,572.0,1.0,12
307,I-15-22,302.0,572.0,2.0,12
308,I-15-12,302.0,572.0,1.0,12
308,I-15-22,302.0,572.0,2.0,12
309,I-15-12,302.0,572.0,1.0,12
309,I-15-22,302.0,572.0,2.0,12
310,I-15-12,302.0,572.0,1.0,12
310,I-15-22,302.0,572.0,2.0,12
311,I-15-12,302.0,572.0,1.0,12
311,I-15-22,302.0,572.0,2.0,12
312,I-15-12,302.0,572.0,1.0,12
312,I-15-22,302.0,572.0,2.0,12
313,I-15-12,302.0,572.0,1.0,12
313,I-15-22,302.0,572.0,2.0,12
314,I-15-12,302.0,572.0,1.0,12
314,I-15-22,302.0,572.0,2.0,12
315,I-15-12,302.0,572.0,1.0,12
315,I-15-22,302.0,572.0,2.0,12
316,I-15-12,302.0,572.0,1.0,12
316,I-15-22,302.0,572.0,2.0,12
317,I-15-12,302.0,572.0,1.0,12
317,I-15-22,302.0,572.0,2.0,12
318,I-15-12,302.0,572.0,1.0,12
318,I-15-22,302.0,572.0,2.0,12
319,I-15-12,302.0,572.0,1.0,12
319,I-15-22,302.0,572.0,2.0,12
320,I-15-12,302.0,572.0,1.0,12
320,I-15-22,302.0,572.0,2.0,12
321,I-15-12,302.0,572.0,1.0,12
321,I-15-22,302.0,572.0,2.0,12
322,I-15-12,302.0,572.0,1.0,12
322,I-15-22,302.0,572.0,2.0,12
323,I-15-12,302.0,572.0,1.0,12
323,I-15-22,302.0,572.0,2.0,12
324,I-15-12,302.0,572.0,1.0,12
324,I-15-22,302.0,572.0,2.0,12
325,I-15-12,302.0,572.0,1.0,12
325,I-15-22,302.0,572.0,2.0,12
326,I-15-12,302.0,572.0,1.0,6
326,I-15-22,302.0,572.0,2.0,12
326,I-15-23,286.0,572.0,2.0,7
327,I-15-11,318.0,572.0,1.0,12
327,I-15-21,318.0,572.0,2.0,12
328,I-15-11,318.0,572.0,1.0,12
328,I-15-21,318.0,572.0,2.0,12
329,I-15-11,318.0,572.0,1.0,12
329,I-15-21,318.0,572.0,2.0,12
330,I-15-11,318.0,572.0,1.0,12
330,I-15-21,318.0,572.0,2.0,12
331,I-15-11,318.0,572.0,1.0,12
331,I-15-21,318.0,572.0,2.0,12
332,I-15-11,318.0,572.0,1.0,12
332,I-15-21,318.0,572.0,2.0,12
333,I-15-11,318.0,572.0,1.0,12
333,I-15-21,318.0,572.0,2.0,12
334,I-15-11,318.0,572.0,1.0,12
334,I-15-21,318.0,572.0,2.0,12
335,I-15-11,318.0,572.0,1.0,12
335,I-15-21,318.0,572.0,2.0,12
336,I-15-11,318.0,572.0,1.0,12
336,I-15-21,318.0,572.0,2.0,12
337,I-15-11,318.0,572.0,1.0,12
337,I-15-21,318.0,572.0,2.0,6
337,I-15-22,302.0,572.0,2.0,7
338,I-15-11,318.0,572.0,1.0,12
338,I-15-22,302.0,572.0,2.0,12
339,I-15-11,318.0,572.0,1.0,12
339,I-15-22,302.0,572.0,2.0,12
340,I-15-11,318.0,572.0,1.0,12
340,I-15-22,302.0,572.0,2.0,12
341,I-15-11,318.0,572.0,1.0,12
341,I-15-22,302.0,572.0,2.0,12
342,I-15-11,318.0,572.0,1.0,12
342,I-15-22,302.0,572.0,2.0,12
343,I-15-11,318.0,572.0,1.0,12
343,I-15-22,302.0,572.0,2.0,12
344,I-15-11,318.0,572.0,1.0,12
344,I-15-22,302.0,572.0,2.0,12
345,I-15-11,318.0,572.0,1.0,12
345,I-15-22,302.0,572.0,2.0,12
346,I-15-11,318.0,572.0,1.0,12
346,I-15-22,302.0,572.0,2.0,12
347,I-15-11,318.0,572.0,1.0,12
347,I-15-22,302.0,572.0,2.0,12
348,I-15-11,318.0,572.0,1.0,12
348,I-15-22,302.0,572.0,2.0,12
349,I-15-11,318.0,572.0,1.0,12
349,I-15-22,302.0,572.0,2.0,12
350,I-15-11,318.0,572.0,1.0,12
350,I-15-22,302.0,572.0,2.0,12
351,I-15-11,318.0,572.0,1.0,12
351,I-15-22,302.0,572.0,2.0,12
352,I-15-11,318.0,572.0,1.0,12
352,I-15-22,302.0,572.0,2.0,12
353,I-15-11,318.0,572.0,1.0,6
353,I-15-22,302.0,572.0,2.0,12
353,I-15-23,286.0,572.0,2.0,7
354,I-13-13,336.0,572.0,1.0,12
354,I-13-23,336.0,572.0,2.0,12
355,I-13-13,336.0,572.0,1.0,12
355,I-13-23,336.0,572.0,2.0,12
356,I-13-13,336.0,572.0,1.0,12
356,I-13-23,336.0,572.0,2.0,12
357,I-13-13,336.0,572.0,1.0,12
357,I-13-23,336.0,572.0,2.0,12
358,I-13-13,336.0,572.0,1.0,12
358,I-13-23,336.0,572.0,2.0,12
359,I-13-13,336.0,572.0,1.0,12
359,I-13-23,336.0,572.0,2.0,12
360,I-13-13,336.0,572.0,1.0,12
360,I-13-23,336.0,572.0,2.0,12
361,I-13-13,336.0,572.0,1.0,12
361,I-13-23,336.0,572.0,2.0,12
362,I-13-13,336.0,572.0,1.0,12
362,I-13-23,336.0,572.0,2.0,12
363,I-13-13,336.0,572.0,1.0,12
363,I-13-23,336.0,572.0,2.0,12
364,I-13-13,336.0,572.0,1.0,12
364,I-13-23,336.0,572.0,2.0,12
365,I-13-13,336.0,572.0,1.0,12
365,I-13-23,336.0,572.0,2.0,12
366,I-13-13,336.0,572.0,1.0,12
366,I-13-23,336.0,572.0,2.0,12
367,I-13-13,336.0,572.0,1.0,12
367,I-13-23,336.0,572.0,2.0,12
368,I-13-13,336.0,572.0,1.0,12
368,I-13-23,336.0,572.0,2.0,12
369,I-13-13,336.0,572.0,1.0,12
369,I-13-23,336.0,572.0,2.0,12
370,I-13-13,336.0,572.0,1.0,12
370,I-13-23,336.0,572.0,2.0,12
371,I-13-13,336.0,572.0,1.0,8
371,I-13-23,336.0,572.0,2.0,12
371,I-13-22,352.0,572.0,2.0,5
372,I-13-12,352.0,572.0,1.0,12
372,I-13-22,352.0,572.0,2.0,12
373,I-13-12,352.0,572.0,1.0,12
373,I-13-22,352.0,572.0,2.0,12
374,I-13-12,352.0,572.0,1.0,12
374,I-13-22,352.0,572.0,2.0,12
375,I-13-12,352.0,572.0,1.0,12
375,I-13-22,352.0,572.0,2.0,12
376,I-13-12,352.0,572.0,1.0,12
376,I-13-22,352.0,572.0,2.0,12
377,I-13-12,352.0,572.0,1.0,12
377,I-13-22,352.0,572.0,2.0,12
378,I-13-12,352.0,572.0,1.0,12
378,I-13-22,352.0,572.0,2.0,12
379,I-13-12,352.0,572.0,1.0,12
379,I-13-22,352.0,572.0,2.0,12
380,I-13-12,352.0,572.0,1.0,12
380,I-13-22,352.0,572.0,2.0,12
381,I-13-12,352.0,572.0,1.0,12
381,I-13-22,352.0,572.0,2.0,12
382,I-13-12,352.0,572.0,1.0,12
382,I-13-22,352.0,572.0,2.0,12
383,I-13-12,352.0,572.0,1.0,12
383,I-13-22,352.0,572.0,2.0,12
384,I-13-12,352.0,572.0,1.0,12
384,I-13-22,352.0,572.0,2.0,12
385,I-13-12,352.0,572.0,1.0,12
385,I-13-22,352.0,572.0,2.0,12
386,I-13-12,352.0,572.0,1.0,12
386,I-13-22,352.0,572.0,2.0,12
387,I-13-12,352.0,572.0,1.0,12
387,I-13-22,352.0,572.0,2.0,12
388,I-13-12,352.0,572.0,1.0,12
388,I-13-22,352.0,572.0,2.0,12
389,I-13-12,352.0,572.0,1.0,12
389,I-13-22,352.0,572.0,2.0,12
390,I-13-12,352.0,572.0,1.0,12
390,I-13-22,352.0,572.0,2.0,12
391,I-13-12,352.0,572.0,1.0,12
391,I-13-22,352.0,572.0,2.0,12
392,I-13-12,352.0,572.0,1.0,6
392,I-13-22,352.0,572.0,2.0,12
392,I-13-23,336.0,572.0,2.0,7
393,I-13-11,368.0,572.0,1.0,12
393,I-13-21,368.0,572.0,2.0,12
394,I-13-11,368.0,572.0,1.0,12
394,I-13-21,368.0,572.0,2.0,12
395,I-13-11,368.0,572.0,1.0,12
395,I-13-21,368.0,572.0,2.0,12
396,I-13-11,368.0,572.0,1.0,12
396,I-13-21,368.0,572.0,2.0,12
397,I-13-11,368.0,572.0,1.0,12
397,I-13-21,368.0,572.0,2.0,12
398,I-13-11,368.0,572.0,1.0,12
398,I-13-21,368.0,572.0,2.0,12
399,I-13-11,368.0,572.0,1.0,12
399,I-13-21,368.0,572.0,2.0,12
400,I-13-11,368.0,572.0,1.0,12
400,I-13-21,368.0,572.0,2.0,12
401,I-13-11,368.0,572.0,1.0,12
401,I-13-21,368.0,572.0,2.0,12
402,I-13-11,368.0,572.0,1.0,12
402,I-13-21,368.0,572.0,2.0,12
403,I-13-11,368.0,572.0,1.0,12
403,I-13-21,368.0,572.0,2.0,12
404,I-13-11,368.0,572.0,1.0,12
404,I-13-21,368.0,572.0,2.0,4
404,I-13-22,352.0,572.0,2.0,2
404,I-13-23,336.0,572.0,2.0,7
405,I-13-11,368.0,572.0,1.0,12
405,H-14-21,368.0,540.0,2.0,12
406,I-13-11,368.0,572.0,1.0,12
406,H-14-21,368.0,540.0,2.0,4
406,I-13-23,336.0,572.0,2.0,2
406,I-15-22,302.0,572.0,2.0,7
407,I-13-11,368.0,572.0,1.0,12
408,I-13-11,368.0,572.0,1.0,12
409,I-13-11,368.0,572.0,1.0,12
410,I-13-11,368.0,572.0,1.0,12
411,I-13-11,368.0,572.0,1.0,12
412,I-13-11,368.0,572.0,1.0,2
413,I-24-13,86.0,688.0,1.0,12
413,I-24-23,86.0,688.0,2.0,12
414,I-24-13,86.0,688.0,1.0,7
414,I-24-23,86.0,688.0,2.0,12
414,I-24-22,102.0,688.0,2.0,6
415,I-24-12,102.0,688.0,1.0,12
415,I-24-22,102.0,688.0,2.0,12
416,I-24-12,102.0,688.0,1.0,12
416,I-24-22,102.0,688.0,2.0,12
417,I-24-12,102.0,688.0,1.0,12
417,I-24-22,102.0,688.0,2.0,12
418,I-24-12,102.0,688.0,1.0,12
418,I-24-22,102.0,688.0,2.0,12
419,I-24-12,102.0,688.0,1.0,12
419,I-24-22,102.0,688.0,2.0,12
420,I-24-12,102.0,688.0,1.0,12
420,I-24-22,102.0,688.0,2.0,12
421,I-24-12,102.0,688.0,1.0,12
421,I-24-22,102.0,688.0,2.0,12
422,I-24-12,102.0,688.0,1.0,12
422,I-24-22,102.0,688.0,2.0,12
423,I-24-12,102.0,688.0,1.0,12
423,I-24-22,102.0,688.0,2.0,12
424,I-24-12,102.0,688.0,1.0,12
424,I-24-22,102.0,688.0,2.0,12
425,I-24-12,102.0,688.0,1.0,12
425,I-24-22,102.0,688.0,2.0,12
426,I-24-12,102.0,688.0,1.0,12
426,I-24-22,102.0,688.0,2.0,12
427,I-24-12,102.0,688.0,1.0,12
427,I-24-22,102.0,688.0,2.0,12
428,I-24-12,102.0,688.0,1.0,12
428,I-24-22,102.0,688.0,2.0,12
429,I-24-12,102.0,688.0,1.0,12
429,I-24-22,102.0,688.0,2.0,12
430,I-24-12,102.0,688.0,1.0,12
430,I-24-22,102.0,688.0,2.0,12
431,I-24-12,102.0,688.0,1.0,12
431,I-24-22,102.0,688.0,2.0,12
432,I-24-12,102.0,688.0,1.0,12
432,I-24-22,102.0,688.0,2.0,12
433,I-24-12,102.0,688.0,1.0,12
433,I-24-22,102.0,688.0,2.0,12
434,I-24-12,102.0,688.0,1.0,2
434,I-24-22,102.0,688.0,2.0,12
434,I-24-23,86.0,688.0,2.0,11
435,I-24-11,118.0,688.0,1.0,12
435,I-24-21,118.0,688.0,2.0,12
436,I-24-11,118.0,688.0,1.0,12
436,I-24-21,118.0,688.0,2.0,12
437,I-24-11,118.0,688.0,1.0,12
437,I-24-21,118.0,688.0,2.0,12
438,I-24-11,118.0,688.0,1.0,12
438,I-24-21,118.0,688.0,2.0,12
439,I-24-11,118.0,688.0,1.0,12
439,I-24-21,118.0,688.0,2.0,12
440,I-24-11,118.0,688.0,1.0,12
440,I-24-21,118.0,688.0,2.0,12
441,I-24-11,118.0,688.0,1.0,8
441,I-24-21,118.0,688.0,2.0,12
441,I-24-22,102.0,688.0,2.0,5
442,I-22-13,136.0,688.0,1.0,12
442,I-22-23,136.0,688.0,2.0,12
443,I-22-13,136.0,688.0,1.0,12
443,I-22-23,136.0,688.0,2.0,12
444,I-22-13,136.0,688.0,1.0,12
444,I-22-23,136.0,688.0,2.0,12
445,I-22-13,136.0,688.0,1.0,12
445,I-22-23,136.0,688.0,2.0,12
446,I-22-13,136.0,688.0,1.0,12
446,I-22-23,136.0,688.0,2.0,12
447,I-22-13,136.0,688.0,1.0,12
447,I-22-23,136.0,688.0,2.0,12
448,I-22-13,136.0,688.0,1.0,12
448,I-22-23,136.0,688.0,2.0,12
449,I-22-13,136.0,688.0,1.0,12
449,I-22-23,136.0,688.0,2.0,12
450,I-22-13,136.0,688.0,1.0,12
450,I-22-23,136.0,688.0,2.0,12
451,I-22-13,136.0,688.0,1.0,12
451,I-22-23,136.0,688.0,2.0,12
452,I-22-13,136.0,688.0,1.0,12
452,I-22-23,136.0,688.0,2.0,12
453,I-22-13,136.0,688.0,1.0,12
453,I-22-23,136.0,688.0,2.0,12
454,I-22-13,136.0,688.0,1.0,12
454,I-22-23,136.0,688.0,2.0,12
455,I-22-13,136.0,688.0,1.0,12
455,I-22-23,136.0,688.0,2.0,12
456,I-22-12,152.0,688.0,1.0,12
456,I-22-22,152.0,688.0,2.0,12
457,I-22-12,152.0,688.0,1.0,12
457,I-22-22,152.0,688.0,2.0,12
458,I-22-12,152.0,688.0,1.0,12
458,I-22-22,152.0,688.0,2.0,12
459,I-22-12,152.0,688.0,1.0,12
459,I-22-22,152.0,688.0,2.0,12
460,I-22-12,152.0,688.0,1.0,12
460,I-22-22,152.0,688.0,2.0,12
461,I-22-12,152.0,688.0,1.0,12
461,I-22-22,152.0,688.0,2.0,12
462,I-22-12,152.0,688.0,1.0,12
462,I-22-22,152.0,688.0,2.0,12
463,I-22-12,152.0,688.0,1.0,12
463,I-22-22,152.0,688.0,2.0,12
464,I-22-12,152.0,688.0,1.0,12
464,I-22-22,152.0,688.0,2.0,12
465,I-22-12,152.0,688.0,1.0,12
465,I-22-22,152.0,688.0,2.0,12
466,I-22-12,152.0,688.0,1.0,12
466,I-22-22,152.0,688.0,2.0,12
467,I-22-12,152.0,688.0,1.0,9
467,I-22-22,152.0,688.0,2.0,12
467,I-22-23,136.0,688.0,2.0,4
468,I-22-11,168.0,688.0,1.0,12
468,I-22-21,168.0,688.0,2.0,12
469,I-22-11,168.0,688.0,1.0,12
469,I-22-21,168.0,688.0,2.0,12
470,I-22-11,168.0,688.0,1.0,12
470,I-22-21,168.0,688.0,2.0,12
471,I-22-11,168.0,688.0,1.0,12
471,I-22-21,168.0,688.0,2.0,12
472,I-22-11,168.0,688.0,1.0,12
472,I-22-21,168.0,688.0,2.0,12
473,I-22-11,168.0,688.0,1.0,12
473,I-22-21,168.0,688.0,2.0,12
474,I-22-11,168.0,688.0,1.0,12
474,I-22-21,168.0,688.0,2.0,12
475,I-22-11,168.0,688.0,1.0,12
475,I-22-21,168.0,688.0,2.0,12
476,I-22-11,168.0,688.0,1.0,4
476,I-22-21,168.0,688.0,2.0,12
476,I-22-22,152.0,688.0,2.0,9
477,I-20-13,186.0,688.0,1.0,12
477,I-20-23,186.0,688.0,2.0,12
478,I-20-13,186.0,688.0,1.0,12
478,I-20-23,186.0,688.0,2.0,12
479,I-20-13,186.0,688.0,1.0,12
479,I-20-23,186.0,688.0,2.0,12
480,I-20-13,186.0,688.0,1.0,12
480,I-20-23,186.0,688.0,2.0,12
481,I-20-13,186.0,688.0,1.0,12
481,I-20-23,186.0,688.0,2.0,12
482,I-20-13,186.0,688.0,1.0,8
482,I-20-23,186.0,688.0,2.0,12
482,I-20-22,202.0,688.0,2.0,5
483,I-20-12,202.0,688.0,1.0,12
483,I-20-22,202.0,688.0,2.0,12
484,I-20-12,202.0,688.0,1.0,12
484,I-20-22,202.0,688.0,2.0,12
485,I-20-12,202.0,688.0,1.0,12
485,I-20-22,202.0,688.0,2.0,12
486,I-20-12,202.0,688.0,1.0,12
486,I-20-22,202.0,688.0,2.0,12
487,I-20-12,202.0,688.0,1.0,12
487,I-20-22,202.0,688.0,2.0,12
488,I-20-12,202.0,688.0,1.0,12
488,I-20-22,202.0,688.0,2.0,12
489,I-20-12,202.0,688.0,1.0,12
489,I-20-22,202.0,688.0,2.0,12
490,I-20-12,202.0,688.0,1.0,5
490,I-20-22,202.0,688.0,2.0,12
490,I-20-23,186.0,688.0,2.0,8
491,I-20-11,218.0,688.0,1.0,12
491,I-20-21,218.0,688.0,2.0,12
492,I-20-11,218.0,688.0,1.0,12
492,I-20-21,218.0,688.0,2.0,12
493,I-20-11,218.0,688.0,1.0,12
493,I-20-21,218.0,688.0,2.0,12
494,I-20-11,218.0,688.0,1.0,12
494,I-20-21,218.0,688.0,2.0,12
495,I-20-11,218.0,688.0,1.0,12
495,I-20-21,218.0,688.0,2.0,12
496,I-20-11,218.0,688.0,1.0,12
496,I-20-21,218.0,688.0,2.0,12
497,I-20-11,218.0,688.0,1.0,12
497,I-20-21,218.0,688.0,2.0,12
498,I-20-11,218.0,688.0,1.0,12
498,I-20-21,218.0,688.0,2.0,12
499,I-20-11,218.0,688.0,1.0,12
499,I-20-21,218.0,688.0,2.0,5
499,I-20-22,202.0,688.0,2.0,8
500,I-20-11,218.0,688.0,1.0,12
500,I-20-22,202.0,688.0,2.0,12
501,I-20-11,218.0,688.0,1.0,12
501,I-20-22,202.0,688.0,2.0,12
502,I-20-11,218.0,688.0,1.0,12
502,I-20-22,202.0,688.0,2.0,12
503,I-20-11,218.0,688.0,1.0,12
503,I-20-22,202.0,688.0,2.0,12
504,I-20-11,218.0,688.0,1.0,12
504,I-20-22,202.0,688.0,2.0,12
505,I-20-11,218.0,688.0,1.0,12
505,I-20-22,202.0,688.0,2.0,12
506,I-20-11,218.0,688.0,1.0,12
506,I-20-22,202.0,688.0,2.0,4
506,I-20-23,186.0,688.0,2.0,9
507,I-20-11,218.0,688.0,1.0,2
507,I-18-13,236.0,688.0,1.0,12
507,I-18-23,236.0,688.0,2.0,11
508,I-18-13,236.0,688.0,1.0,12
508,I-18-23,236.0,688.0,2.0,12
509,I-18-13,236.0,688.0,1.0,12
509,I-18-23,236.0,688.0,2.0,12
510,I-18-13,236.0,688.0,1.0,3
510,I-18-23,236.0,688.0,2.0,12
510,I-18-22,252.0,688.0,2.0,10
511,I-18-12,252.0,688.0,1.0,12
511,I-18-22,252.0,688.0,2.0,12
512,I-18-12,252.0,688.0,1.0,12
512,I-18-22,252.0,688.0,2.0,12
513,I-18-12,252.0,688.0,1.0,12
513,I-18-22,252.0,688.0,2.0,12
514,I-18-12,252.0,688.0,1.0,12
514,I-18-22,252.0,688.0,2.0,12
515,I-18-12,252.0,688.0,1.0,12
515,I-18-22,252.0,688.0,2.0,12
516,I-18-12,252.0,688.0,1.0,12
516,I-18-22,252.0,688.0,2.0,12
517,I-18-12,252.0,688.0,1.0,12
517,I-18-22,252.0,688.0,2.0,12
518,I-18-12,252.0,688.0,1.0,12
518,I-18-22,252.0,688.0,2.0,12
519,I-18-12,252.0,688.0,1.0,12
519,I-18-22,252.0,688.0,2.0,12
520,I-18-12,252.0,688.0,1.0,12
520,I-18-22,252.0,688.0,2.0,12
521,I-18-12,252.0,688.0,1.0,12
521,I-18-22,252.0,688.0,2.0,12
522,I-18-12,252.0,688.0,1.0,12
522,I-18-22,252.0,688.0,2.0,12
523,I-18-12,252.0,688.0,1.0,12
523,I-18-22,252.0,688.0,2.0,12
524,I-18-12,252.0,688.0,1.0,12
524,I-18-22,252.0,688.0,2.0,12
525,I-18-12,252.0,688.0,1.0,12
525,I-18-22,252.0,688.0,2.0,12
526,I-18-12,252.0,688.0,1.0,12
526,I-18-22,252.0,688.0,2.0,12
527,I-18-12,252.0,688.0,1.0,12
527,I-18-22,252.0,688.0,2.0,12
528,I-18-12,252.0,688.0,1.0,12
528,I-18-22,252.0,688.0,2.0,12
529,I-18-12,252.0,688.0,1.0,12
529,I-18-22,252.0,688.0,2.0,12
530,I-18-12,252.0,688.0,1.0,12
530,I-18-22,252.0,688.0,2.0,12
531,I-18-12,252.0,688.0,1.0,12
531,I-18-22,252.0,688.0,2.0,12
532,I-18-12,252.0,688.0,1.0,12
532,I-18-22,252.0,688.0,2.0,12
533,I-18-12,252.0,688.0,1.0,12
533,I-18-22,252.0,688.0,2.0,12
534,I-18-12,252.0,688.0,1.0,12
534,I-18-22,252.0,688.0,2.0,12
535,I-18-12,252.0,688.0,1.0,12
535,I-18-22,252.0,688.0,2.0,12
536,I-18-12,252.0,688.0,1.0,12
536,I-18-22,252.0,688.0,2.0,12
537,I-18-12,252.0,688.0,1.0,12
537,I-18-22,252.0,688.0,2.0,12
538,I-18-12,252.0,688.0,1.0,12
538,I-18-22,252.0,688.0,2.0,12
539,I-18-12,252.0,688.0,1.0,12
539,I-18-22,252.0,688.0,2.0,12
540,I-18-12,252.0,688.0,1.0,12
540,I-18-22,252.0,688.0,2.0,12
541,I-18-12,252.0,688.0,1.0,12
541,I-18-22,252.0,688.0,2.0,12
542,I-18-12,252.0,688.0,1.0,12
542,I-18-22,252.0,688.0,2.0,12
543,I-18-12,252.0,688.0,1.0,12
543,I-18-22,252.0,688.0,2.0,12
544,I-18-12,252.0,688.0,1.0,12
544,I-18-22,252.0,688.0,2.0,12
545,I-18-12,252.0,688.0,1.0,12
545,I-18-22,252.0,688.0,2.0,4
545,I-18-23,236.0,688.0,2.0,9
546,I-18-12,252.0,688.0,1.0,12
546,I-18-11,268.0,688.0,1.0,12
547,I-18-12,252.0,688.0,1.0,12
547,I-18-11,268.0,688.0,1.0,12
548,I-18-12,252.0,688.0,1.0,12
548,I-18-11,268.0,688.0,1.0,12
549,I-18-12,252.0,688.0,1.0,12
549,I-18-11,268.0,688.0,1.0,12
550,I-18-12,252.0,688.0,1.0,12
550,I-18-11,268.0,688.0,1.0,12
551,I-18-12,252.0,688.0,1.0,12
551,I-18-11,268.0,688.0,1.0,12
552,I-18-12,252.0,688.0,1.0,12
552,I-18-11,268.0,688.0,1.0,12
553,I-18-12,252.0,688.0,1.0,11
553,I-18-11,268.0,688.0,1.0,12
553,I-18-21,268.0,688.0,2.0,2
554,I-18-11,268.0,688.0,1.0,12
554,I-18-21,268.0,688.0,2.0,12
555,I-18-11,268.0,688.0,1.0,12
555,I-18-21,268.0,688.0,2.0,12
556,I-18-11,268.0,688.0,1.0,12
556,I-18-21,268.0,688.0,2.0,12
557,I-18-11,268.0,688.0,1.0,12
557,I-18-21,268.0,688.0,2.0,12
558,I-18-11,268.0,688.0,1.0,12
558,I-18-21,268.0,688.0,2.0,12
559,I-18-11,268.0,688.0,1.0,12
559,I-18-21,268.0,688.0,2.0,12
560,I-18-11,268.0,688.0,1.0,12
560,I-18-21,268.0,688.0,2.0,12
561,I-18-11,268.0,688.0,1.0,12
561,I-18-21,268.0,688.0,2.0,12
562,I-18-11,268.0,688.0,1.0,12
562,I-18-21,268.0,688.0,2.0,12
563,I-18-11,268.0,688.0,1.0,12
563,I-18-21,268.0,688.0,2.0,12
564,I-18-11,268.0,688.0,1.0,12
564,I-18-21,268.0,688.0,2.0,12
565,I-18-11,268.0,688.0,1.0,9
565,I-18-21,268.0,688.0,2.0,12
565,I-16-23,286.0,688.0,2.0,4
566,I-16-13,286.0,688.0,1.0,12
566,I-16-23,286.0,688.0,2.0,12
567,I-16-13,286.0,688.0,1.0,12
567,I-16-23,286.0,688.0,2.0,12
568,I-16-13,286.0,688.0,1.0,12
568,I-16-23,286.0,688.0,2.0,12
569,I-16-13,286.0,688.0,1.0,12
569,I-16-23,286.0,688.0,2.0,12
570,I-16-13,286.0,688.0,1.0,12
570,I-16-23,286.0,688.0,2.0,12
571,I-16-13,286.0,688.0,1.0,12
571,I-16-23,286.0,688.0,2.0,12
572,I-16-13,286.0,688.0,1.0,12
572,I-16-23,286.0,688.0,2.0,12
573,I-16-13,286.0,688.0,1.0,12
573,I-16-23,286.0,688.0,2.0,12
574,I-16-13,286.0,688.0,1.0,12
574,I-16-23,286.0,688.0,2.0,12
575,I-16-13,286.0,688.0,1.0,12
575,I-16-23,286.0,688.0,2.0,12
576,I-16-13,286.0,688.0,1.0,12
576,I-16-23,286.0,688.0,2.0,12
577,I-16-13,286.0,688.0,1.0,12
577,I-16-23,286.0,688.0,2.0,12
578,I-16-13,286.0,688.0,1.0,12
578,I-16-23,286.0,688.0,2.0,12
579,I-16-13,286.0,688.0,1.0,12
579,I-16-23,286.0,688.0,2.0,12
580,I-16-13,286.0,688.0,1.0,12
580,I-16-23,286.0,688.0,2.0,12
581,I-16-13,286.0,688.0,1.0,12
581,I-16-23,286.0,688.0,2.0,12
582,I-16-13,286.0,688.0,1.0,12
582,I-16-23,286.0,688.0,2.0,7
582,I-16-22,302.0,688.0,2.0,6
583,I-16-13,286.0,688.0,1.0,12
583,I-16-12,302.0,688.0,1.0,12
584,I-16-13,286.0,688.0,1.0,12
584,I-16-12,302.0,688.0,1.0,12
585,I-16-13,286.0,688.0,1.0,12
585,I-16-12,302.0,688.0,1.0,12
586,I-16-13,286.0,688.0,1.0,12
586,I-16-12,302.0,688.0,1.0,12
587,I-16-13,286.0,688.0,1.0,12
587,I-16-12,302.0,688.0,1.0,12
588,I-16-13,286.0,688.0,1.0,3
588,I-16-12,302.0,688.0,1.0,12
588,I-16-22,302.0,688.0,2.0,10
589,I-16-12,302.0,688.0,1.0,12
589,I-16-22,302.0,688.0,2.0,12
590,I-16-12,302.0,688.0,1.0,12
590,I-16-22,302.0,688.0,2.0,12
591,I-16-12,302.0,688.0,1.0,12
591,I-16-22,302.0,688.0,2.0,12
592,I-16-12,302.0,688.0,1.0,12
592,I-16-22,302.0,688.0,2.0,12
593,I-16-12,302.0,688.0,1.0,12
593,I-16-22,302.0,688.0,2.0,12
594,I-16-12,302.0,688.0,1.0,12
594,I-16-22,302.0,688.0,2.0,12
595,I-16-12,302.0,688.0,1.0,12
595,I-16-22,302.0,688.0,2.0,12
596,I-16-12,302.0,688.0,1.0,12
596,I-16-22,302.0,688.0,2.0,12
597,I-16-12,302.0,688.0,1.0,12
597,I-16-22,302.0,688.0,2.0,12
598,I-16-12,302.0,688.0,1.0,12
598,I-16-22,302.0,688.0,2.0,12
599,I-16-12,302.0,688.0,1.0,12
599,I-16-22,302.0,688.0,2.0,12
600,I-16-12,302.0,688.0,1.0,12
600,I-16-22,302.0,688.0,2.0,12
601,I-16-12,302.0,688.0,1.0,12
601,I-16-22,302.0,688.0,2.0,12
602,I-16-12,302.0,688.0,1.0,12
602,I-16-22,302.0,688.0,2.0,12
603,I-16-12,302.0,688.0,1.0,12
603,I-16-22,302.0,688.0,2.0,12
604,I-16-12,302.0,688.0,1.0,12
604,I-16-22,302.0,688.0,2.0,12
605,I-16-12,302.0,688.0,1.0,12
605,I-16-22,302.0,688.0,2.0,8
605,I-16-21,318.0,688.0,2.0,5
606,I-16-12,302.0,688.0,1.0,12
606,I-16-11,318.0,688.0,1.0,12
607,I-16-12,302.0,688.0,1.0,1
607,I-16-11,318.0,688.0,1.0,12
607,I-16-21,318.0,688.0,2.0,12
608,I-16-11,318.0,688.0,1.0,12
608,I-16-21,318.0,688.0,2.0,12
609,I-16-11,318.0,688.0,1.0,12
609,I-16-21,318.0,688.0,2.0,12
610,I-16-11,318.0,688.0,1.0,12
610,I-16-21,318.0,688.0,2.0,12
611,I-16-11,318.0,688.0,1.0,12
611,I-16-21,318.0,688.0,2.0,12
612,I-16-11,318.0,688.0,1.0,12
612,I-16-21,318.0,688.0,2.0,12
613,I-16-11,318.0,688.0,1.0,12
613,I-16-21,318.0,688.0,2.0,12
614,I-16-11,318.0,688.0,1.0,12
614,I-16-21,318.0,688.0,2.0,12
615,I-16-11,318.0,688.0,1.0,12
615,I-16-21,318.0,688.0,2.0,12
616,I-16-11,318.0,688.0,1.0,12
616,I-16-21,318.0,688.0,2.0,1
616,I-14-23,336.0,688.0,2.0,12
617,I-16-11,318.0,688.0,1.0,2
617,I-14-13,336.0,688.0,1.0,12
617,I-14-23,336.0,688.0,2.0,11
618,I-14-13,336.0,688.0,1.0,12
618,I-14-23,336.0,688.0,2.0,12
619,I-14-13,336.0,688.0,1.0,12
619,I-14-23,336.0,688.0,2.0,12
620,I-14-13,336.0,688.0,1.0,12
620,I-14-23,336.0,688.0,2.0,12
621,I-14-13,336.0,688.0,1.0,12
621,I-14-23,336.0,688.0,2.0,12
622,I-14-13,336.0,688.0,1.0,12
622,I-14-23,336.0,688.0,2.0,12
623,I-14-13,336.0,688.0,1.0,1
623,I-14-23,336.0,688.0,2.0,12
623,I-14-22,352.0,688.0,2.0,12
624,I-14-12,352.0,688.0,1.0,12
624,I-14-22,352.0,688.0,2.0,12
625,I-14-12,352.0,688.0,1.0,12
625,I-14-22,352.0,688.0,2.0,12
626,I-14-12,352.0,688.0,1.0,12
626,I-14-22,352.0,688.0,2.0,12
627,I-14-12,352.0,688.0,1.0,12
627,I-14-22,352.0,688.0,2.0,12
628,I-14-12,352.0,688.0,1.0,3
628,I-14-22,352.0,688.0,2.0,12
628,I-14-23,336.0,688.0,2.0,10
629,I-14-11,368.0,688.0,1.0,12
629,I-14-21,368.0,688.0,2.0,12
630,I-14-11,368.0,688.0,1.0,7
630,I-14-21,368.0,688.0,2.0,12
630,I-14-22,352.0,688.0,2.0,6
631,H-10-13,434.0,688.0,1.0,12
631,H-10-23,434.0,688.0,2.0,12
632,H-10-13,434.0,688.0,1.0,12
632,H-10-23,434.0,688.0,2.0,12
633,H-10-13,434.0,688.0,1.0,12
633,H-10-23,434.0,688.0,2.0,12
634,H-10-13,434.0,688.0,1.0,12
634,H-10-23,434.0,688.0,2.0,12
635,H-10-13,434.0,688.0,1.0,12
635,H-10-23,434.0,688.0,2.0,12
636,H-10-13,434.0,688.0,1.0,12
636,H-10-23,434.0,688.0,2.0,12
637,H-10-13,434.0,688.0,1.0,12
637,H-10-23,434.0,688.0,2.0,12
638,H-10-13,434.0,688.0,1.0,12
638,H-10-23,434.0,688.0,2.0,12
639,H-10-13,434.0,688.0,1.0,12
639,H-10-23,434.0,688.0,2.0,12
640,H-10-13,434.0,688.0,1.0,12
640,H-10-23,434.0,688.0,2.0,12
641,H-10-13,434.0,688.0,1.0,12
641,H-10-23,434.0,688.0,2.0,12
642,H-10-13,434.0,688.0,1.0,10
642,H-10-23,434.0,688.0,2.0,12
642,H-10-22,450.0,688.0,2.0,3
643,H-10-12,450.0,688.0,1.0,12
643,H-10-22,450.0,688.0,2.0,12
644,H-10-12,450.0,688.0,1.0,12
644,H-10-22,450.0,688.0,2.0,12
645,H-10-12,450.0,688.0,1.0,12
645,H-10-22,450.0,688.0,2.0,12
646,H-10-12,450.0,688.0,1.0,12
646,H-10-22,450.0,688.0,2.0,12
647,H-10-12,450.0,688.0,1.0,12
647,H-10-22,450.0,688.0,2.0,12
648,H-10-12,450.0,688.0,1.0,12
648,H-10-22,450.0,688.0,2.0,12
649,H-10-12,450.0,688.0,1.0,12
649,H-10-22,450.0,688.0,2.0,12
650,H-10-12,450.0,688.0,1.0,12
650,H-10-22,450.0,688.0,2.0,12
651,H-10-12,450.0,688.0,1.0,12
651,H-10-22,450.0,688.0,2.0,12
652,H-10-12,450.0,688.0,1.0,12
652,H-10-22,450.0,688.0,2.0,12
653,H-10-12,450.0,688.0,1.0,12
653,H-10-22,450.0,688.0,2.0,12
654,H-10-12,450.0,688.0,1.0,12
654,H-10-22,450.0,688.0,2.0,12
655,H-10-12,450.0,688.0,1.0,12
655,H-10-22,450.0,688.0,2.0,12
656,H-10-12,450.0,688.0,1.0,12
656,H-10-22,450.0,688.0,2.0,12
657,H-10-12,450.0,688.0,1.0,12
657,H-10-22,450.0,688.0,2.0,12
658,H-10-12,450.0,688.0,1.0,12
658,H-10-22,450.0,688.0,2.0,12
659,H-10-12,450.0,688.0,1.0,12
659,H-10-22,450.0,688.0,2.0,12
660,H-10-12,450.0,688.0,1.0,12
660,H-10-22,450.0,688.0,2.0,12
661,H-10-12,450.0,688.0,1.0,12
661,H-10-22,450.0,688.0,2.0,12
662,H-10-12,450.0,688.0,1.0,12
662,H-10-22,450.0,688.0,2.0,12
663,H-10-12,450.0,688.0,1.0,12
663,H-10-22,450.0,688.0,2.0,12
664,H-10-12,450.0,688.0,1.0,12
664,H-10-22,450.0,688.0,2.0,12
665,H-10-12,450.0,688.0,1.0,12
665,H-10-22,450.0,688.0,2.0,12
666,H-10-12,450.0,688.0,1.0,12
666,H-10-22,450.0,688.0,2.0,12
667,H-10-12,450.0,688.0,1.0,12
667,H-10-22,450.0,688.0,2.0,12
668,H-10-12,450.0,688.0,1.0,12
668,H-10-22,450.0,688.0,2.0,12
669,H-10-12,450.0,688.0,1.0,12
669,H-10-22,450.0,688.0,2.0,12
670,H-10-12,450.0,688.0,1.0,12
670,H-10-22,450.0,688.0,2.0,12
671,H-10-12,450.0,688.0,1.0,12
671,H-10-22,450.0,688.0,2.0,12
672,H-10-12,450.0,688.0,1.0,12
672,H-10-22,450.0,688.0,2.0,12
673,H-10-12,450.0,688.0,1.0,12
673,H-10-22,450.0,688.0,2.0,12
674,H-10-12,450.0,688.0,1.0,12
674,H-10-22,450.0,688.0,2.0,12
675,H-10-12,450.0,688.0,1.0,12
675,H-10-22,450.0,688.0,2.0,12
676,H-10-12,450.0,688.0,1.0,12
676,H-10-22,450.0,688.0,2.0,12
677,H-10-12,450.0,688.0,1.0,12
677,H-10-22,450.0,688.0,2.0,12
678,H-10-12,450.0,688.0,1.0,12
678,H-10-22,450.0,688.0,2.0,12
679,H-10-12,450.0,688.0,1.0,12
679,H-10-22,450.0,688.0,2.0,12
680,H-10-12,450.0,688.0,1.0,12
680,H-10-22,450.0,688.0,2.0,12
681,H-10-12,450.0,688.0,1.0,12
681,H-10-22,450.0,688.0,2.0,12
682,H-10-12,450.0,688.0,1.0,12
682,H-10-22,450.0,688.0,2.0,12
683,H-10-12,450.0,688.0,1.0,12
683,H-10-22,450.0,688.0,2.0,12
684,H-10-12,450.0,688.0,1.0,12
684,H-10-22,450.0,688.0,2.0,12
685,H-10-12,450.0,688.0,1.0,12
685,H-10-22,450.0,688.0,2.0,12
686,H-10-12,450.0,688.0,1.0,12
686,H-10-22,450.0,688.0,2.0,12
687,H-10-12,450.0,688.0,1.0,12
687,H-10-22,450.0,688.0,2.0,12
688,H-10-12,450.0,688.0,1.0,12
688,H-10-22,450.0,688.0,2.0,12
689,H-10-12,450.0,688.0,1.0,12
689,H-10-22,450.0,688.0,2.0,12
690,H-10-12,450.0,688.0,1.0,12
690,H-10-22,450.0,688.0,2.0,12
691,H-10-12,450.0,688.0,1.0,12
691,H-10-22,450.0,688.0,2.0,12
692,H-10-12,450.0,688.0,1.0,12
692,H-10-22,450.0,688.0,2.0,12
693,H-10-12,450.0,688.0,1.0,12
693,H-10-22,450.0,688.0,2.0,12
694,H-10-12,450.0,688.0,1.0,12
694,H-10-22,450.0,688.0,2.0,12
695,H-10-12,450.0,688.0,1.0,12
695,H-10-22,450.0,688.0,2.0,12
696,H-10-12,450.0,688.0,1.0,12
696,H-10-22,450.0,688.0,2.0,12
697,H-10-12,450.0,688.0,1.0,12
697,H-10-22,450.0,688.0,2.0,12
698,H-10-12,450.0,688.0,1.0,12
698,H-10-22,450.0,688.0,2.0,12
699,H-10-12,450.0,688.0,1.0,12
699,H-10-22,450.0,688.0,2.0,12
700,H-10-12,450.0,688.0,1.0,12
700,H-10-22,450.0,688.0,2.0,12
701,H-10-12,450.0,688.0,1.0,12
701,H-10-22,450.0,688.0,2.0,12
702,H-10-12,450.0,688.0,1.0,12
702,H-10-22,450.0,688.0,2.0,12
703,H-10-12,450.0,688.0,1.0,12
703,H-10-22,450.0,688.0,2.0,12
704,H-10-12,450.0,688.0,1.0,12
704,H-10-22,450.0,688.0,2.0,12
705,H-10-12,450.0,688.0,1.0,12
705,H-10-22,450.0,688.0,2.0,12
706,H-10-12,450.0,688.0,1.0,12
706,H-10-22,450.0,688.0,2.0,12
707,H-10-12,450.0,688.0,1.0,12
707,H-10-22,450.0,688.0,2.0,12
708,H-10-12,450.0,688.0,1.0,12
708,H-10-22,450.0,688.0,2.0,12
709,H-10-12,450.0,688.0,1.0,12
709,H-10-22,450.0,688.0,2.0,12
710,H-10-12,450.0,688.0,1.0,12
710,H-10-22,450.0,688.0,2.0,12
711,H-10-12,450.0,688.0,1.0,12
711,H-10-22,450.0,688.0,2.0,12
712,H-10-12,450.0,688.0,1.0,12
712,H-10-22,450.0,688.0,2.0,12
713,H-10-12,450.0,688.0,1.0,12
713,H-10-22,450.0,688.0,2.0,12
714,H-10-12,450.0,688.0,1.0,12
714,H-10-22,450.0,688.0,2.0,12
715,H-10-12,450.0,688.0,1.0,12
715,H-10-22,450.0,688.0,2.0,12
716,H-10-12,450.0,688.0,1.0,12
716,H-10-22,450.0,688.0,2.0,12
717,H-10-12,450.0,688.0,1.0,12
717,H-10-22,450.0,688.0,2.0,12
718,H-10-12,450.0,688.0,1.0,12
718,H-10-22,450.0,688.0,2.0,12
719,H-10-12,450.0,688.0,1.0,12
719,H-10-22,450.0,688.0,2.0,12
720,H-10-12,450.0,688.0,1.0,1
720,H-10-22,450.0,688.0,2.0,12
720,H-10-23,434.0,688.0,2.0,12
721,H-10-11,466.0,688.0,1.0,12
721,H-10-21,466.0,688.0,2.0,12
722,H-10-11,466.0,688.0,1.0,12
722,H-10-21,466.0,688.0,2.0,12
723,H-10-11,466.0,688.0,1.0,12
723,H-10-21,466.0,688.0,2.0,12
724,H-10-11,466.0,688.0,1.0,12
724,H-10-21,466.0,688.0,2.0,12
725,H-10-11,466.0,688.0,1.0,12
725,H-10-21,466.0,688.0,2.0,12
726,H-10-11,466.0,688.0,1.0,12
726,H-10-21,466.0,688.0,2.0,12
727,H-10-11,466.0,688.0,1.0,12
727,H-10-21,466.0,688.0,2.0,12
728,H-10-11,466.0,688.0,1.0,12
728,H-10-21,466.0,688.0,2.0,12
729,H-10-11,466.0,688.0,1.0,12
729,H-10-21,466.0,688.0,2.0,12
730,H-10-11,466.0,688.0,1.0,12
730,H-10-21,466.0,688.0,2.0,12
731,H-10-11,466.0,688.0,1.0,12
731,H-10-21,466.0,688.0,2.0,12
732,H-10-11,466.0,688.0,1.0,12
732,H-10-21,466.0,688.0,2.0,12
733,H-10-11,466.0,688.0,1.0,12
733,H-10-21,466.0,688.0,2.0,12
734,H-10-11,466.0,688.0,1.0,12
734,H-10-21,466.0,688.0,2.0,12
735,H-10-11,466.0,688.0,1.0,12
735,H-10-21,466.0,688.0,2.0,12
736,H-10-11,466.0,688.0,1.0,12
736,H-10-21,466.0,688.0,2.0,12
737,H-10-11,466.0,688.0,1.0,12
737,H-10-21,466.0,688.0,2.0,12
738,H-10-11,466.0,688.0,1.0,12
738,H-10-21,466.0,688.0,2.0,12
739,H-10-11,466.0,688.0,1.0,12
739,H-10-21,466.0,688.0,2.0,12
740,H-10-11,466.0,688.0,1.0,12
740,H-10-21,466.0,688.0,2.0,12
741,H-10-11,466.0,688.0,1.0,12
741,H-10-21,466.0,688.0,2.0,12
742,H-10-11,466.0,688.0,1.0,12
742,H-10-21,466.0,688.0,2.0,12
743,H-10-11,466.0,688.0,1.0,12
743,H-10-21,466.0,688.0,2.0,12
744,H-10-11,466.0,688.0,1.0,12
744,H-10-21,466.0,688.0,2.0,12
745,H-10-11,466.0,688.0,1.0,12
745,H-10-21,466.0,688.0,2.0,12
746,H-10-11,466.0,688.0,1.0,12
746,H-10-21,466.0,688.0,2.0,12
747,H-10-11,466.0,688.0,1.0,12
747,H-10-21,466.0,688.0,2.0,12
748,H-10-11,466.0,688.0,1.0,12
748,H-10-21,466.0,688.0,2.0,12
749,H-10-11,466.0,688.0,1.0,12
749,H-10-21,466.0,688.0,2.0,12
750,H-10-11,466.0,688.0,1.0,12
750,H-10-21,466.0,688.0,2.0,12
751,H-10-11,466.0,688.0,1.0,12
751,H-10-21,466.0,688.0,2.0,12
752,H-10-11,466.0,688.0,1.0,12
752,H-10-21,466.0,688.0,2.0,12
753,H-10-11,466.0,688.0,1.0,12
753,H-10-21,466.0,688.0,2.0,12
754,H-10-11,466.0,688.0,1.0,12
754,H-10-21,466.0,688.0,2.0,12
755,H-10-11,466.0,688.0,1.0,12
755,H-10-21,466.0,688.0,2.0,12
756,H-10-11,466.0,688.0,1.0,12
756,H-10-21,466.0,688.0,2.0,12
757,H-10-11,466.0,688.0,1.0,12
757,H-10-21,466.0,688.0,2.0,12
758,H-10-11,466.0,688.0,1.0,12
758,H-10-21,466.0,688.0,2.0,12
759,H-10-11,466.0,688.0,1.0,12
759,H-10-21,466.0,688.0,2.0,12
760,H-10-11,466.0,688.0,1.0,12
760,H-10-21,466.0,688.0,2.0,12
761,H-10-11,466.0,688.0,1.0,12
761,H-10-21,466.0,688.0,2.0,12
762,H-10-11,466.0,688.0,1.0,12
762,H-10-21,466.0,688.0,2.0,12
763,H-10-11,466.0,688.0,1.0,12
763,H-10-21,466.0,688.0,2.0,12
764,H-10-11,466.0,688.0,1.0,12
764,H-10-21,466.0,688.0,2.0,12
765,H-10-11,466.0,688.0,1.0,12
765,H-10-21,466.0,688.0,2.0,12
766,H-10-11,466.0,688.0,1.0,12
766,H-10-21,466.0,688.0,2.0,12
767,H-10-11,466.0,688.0,1.0,12
767,H-10-21,466.0,688.0,2.0,12
768,H-10-11,466.0,688.0,1.0,12
768,H-10-21,466.0,688.0,2.0,12
769,H-10-11,466.0,688.0,1.0,12
769,H-10-21,466.0,688.0,2.0,12
770,H-10-11,466.0,688.0,1.0,12
770,H-10-21,466.0,688.0,2.0,12
771,H-10-11,466.0,688.0,1.0,12
771,H-10-21,466.0,688.0,2.0,12
772,H-10-11,466.0,688.0,1.0,12
772,H-10-21,466.0,688.0,2.0,12
773,H-10-11,466.0,688.0,1.0,12
773,H-10-21,466.0,688.0,2.0,12
774,H-10-11,466.0,688.0,1.0,12
774,H-10-21,466.0,688.0,2.0,12
775,H-10-11,466.0,688.0,1.0,12
775,H-10-21,466.0,688.0,2.0,12
776,H-10-11,466.0,688.0,1.0,12
776,H-10-21,466.0,688.0,2.0,12
777,H-10-11,466.0,688.0,1.0,12
777,H-10-21,466.0,688.0,2.0,12
778,H-10-11,466.0,688.0,1.0,12
778,H-10-21,466.0,688.0,2.0,12
779,H-10-11,466.0,688.0,1.0,12
779,H-10-21,466.0,688.0,2.0,12
780,H-10-11,466.0,688.0,1.0,12
780,H-10-21,466.0,688.0,2.0,12
781,H-10-11,466.0,688.0,1.0,12
781,H-10-21,466.0,688.0,2.0,12
782,H-10-11,466.0,688.0,1.0,12
782,H-10-21,466.0,688.0,2.0,12
783,H-10-11,466.0,688.0,1.0,12
783,H-10-21,466.0,688.0,2.0,12
784,H-10-11,466.0,688.0,1.0,12
784,H-10-21,466.0,688.0,2.0,12
785,H-10-11,466.0,688.0,1.0,12
785,H-10-21,466.0,688.0,2.0,12
786,H-10-11,466.0,688.0,1.0,12
786,H-10-21,466.0,688.0,2.0,12
787,H-10-11,466.0,688.0,1.0,12
787,H-10-21,466.0,688.0,2.0,12
788,H-10-11,466.0,688.0,1.0,12
788,H-10-21,466.0,688.0,2.0,12
789,H-10-11,466.0,688.0,1.0,12
789,H-10-21,466.0,688.0,2.0,12
790,H-10-11,466.0,688.0,1.0,12
790,H-10-21,466.0,688.0,2.0,12
791,H-10-11,466.0,688.0,1.0,12
791,H-10-21,466.0,688.0,2.0,12
792,H-10-11,466.0,688.0,1.0,12
792,H-10-21,466.0,688.0,2.0,12
793,H-10-11,466.0,688.0,1.0,12
793,H-10-21,466.0,688.0,2.0,12
794,H-10-11,466.0,688.0,1.0,12
794,H-10-21,466.0,688.0,2.0,12
795,H-10-11,466.0,688.0,1.0,12
795,H-10-21,466.0,688.0,2.0,12
796,H-10-11,466.0,688.0,1.0,12
796,H-10-21,466.0,688.0,2.0,12
797,H-10-11,466.0,688.0,1.0,12
797,H-10-21,466.0,688.0,2.0,12
798,H-10-11,466.0,688.0,1.0,12
798,H-10-21,466.0,688.0,2.0,12
799,H-10-11,466.0,688.0,1.0,12
799,H-10-21,466.0,688.0,2.0,12
800,H-10-11,466.0,688.0,1.0,12
800,H-10-21,466.0,688.0,2.0,12
801,H-10-11,466.0,688.0,1.0,12
801,H-10-21,466.0,688.0,2.0,12
802,H-10-11,466.0,688.0,1.0,12
802,H-10-21,466.0,688.0,2.0,12
803,H-10-11,466.0,688.0,1.0,12
803,H-10-21,466.0,688.0,2.0,12
804,H-10-11,466.0,688.0,1.0,12
804,H-10-21,466.0,688.0,2.0,12
805,H-10-11,466.0,688.0,1.0,12
805,H-10-21,466.0,688.0,2.0,12
806,H-10-11,466.0,688.0,1.0,12
806,H-10-21,466.0,688.0,2.0,12
807,H-10-11,466.0,688.0,1.0,12
807,H-10-21,466.0,688.0,2.0,12
808,H-10-11,466.0,688.0,1.0,12
808,H-10-21,466.0,688.0,2.0,12
809,H-10-11,466.0,688.0,1.0,12
809,H-10-21,466.0,688.0,2.0,12
810,H-10-11,466.0,688.0,1.0,12
810,H-10-21,466.0,688.0,2.0,12
811,H-10-11,466.0,688.0,1.0,12
811,H-10-21,466.0,688.0,2.0,12
812,H-10-11,466.0,688.0,1.0,12
812,H-10-21,466.0,688.0,2.0,12
813,H-10-11,466.0,688.0,1.0,12
813,H-10-21,466.0,688.0,2.0,12
814,H-10-11,466.0,688.0,1.0,12
814,H-10-21,466.0,688.0,2.0,12
815,H-10-11,466.0,688.0,1.0,12
815,H-10-21,466.0,688.0,2.0,12
816,H-10-11,466.0,688.0,1.0,12
816,H-10-21,466.0,688.0,2.0,12
817,H-10-11,466.0,688.0,1.0,12
817,H-10-21,466.0,688.0,2.0,12
818,H-10-11,466.0,688.0,1.0,12
818,H-10-21,466.0,688.0,2.0,12
819,H-10-11,466.0,688.0,1.0,12
819,H-10-21,466.0,688.0,2.0,12
820,H-10-11,466.0,688.0,1.0,12
820,H-10-21,466.0,688.0,2.0,12
821,H-10-11,466.0,688.0,1.0,12
821,H-10-21,466.0,688.0,2.0,12
822,H-10-11,466.0,688.0,1.0,12
822,H-10-21,466.0,688.0,2.0,12
823,H-10-11,466.0,688.0,1.0,12
823,H-10-21,466.0,688.0,2.0,12
824,H-10-11,466.0,688.0,1.0,12
824,H-10-21,466.0,688.0,2.0,12
825,H-10-11,466.0,688.0,1.0,12
825,H-10-21,466.0,688.0,2.0,12
826,H-10-11,466.0,688.0,1.0,12
826,H-10-21,466.0,688.0,2.0,12
827,H-10-11,466.0,688.0,1.0,12
827,H-10-21,466.0,688.0,2.0,12
828,H-10-11,466.0,688.0,1.0,12
828,H-10-21,466.0,688.0,2.0,12
829,H-10-11,466.0,688.0,1.0,12
829,H-10-21,466.0,688.0,2.0,12
830,H-10-11,466.0,688.0,1.0,12
830,H-10-21,466.0,688.0,2.0,12
831,H-10-11,466.0,688.0,1.0,12
831,H-10-21,466.0,688.0,2.0,12
832,H-10-11,466.0,688.0,1.0,12
832,H-10-21,466.0,688.0,2.0,4
832,H-10-22,450.0,688.0,2.0,9
833,H-10-11,466.0,688.0,1.0,12
833,H-10-22,450.0,688.0,2.0,12
834,H-10-11,466.0,688.0,1.0,12
834,H-10-22,450.0,688.0,2.0,12
835,H-10-11,466.0,688.0,1.0,12
835,H-10-22,450.0,688.0,2.0,12
836,H-10-11,466.0,688.0,1.0,12
836,H-10-22,450.0,688.0,2.0,12
837,H-10-11,466.0,688.0,1.0,12
837,H-10-22,450.0,688.0,2.0,12
838,H-10-11,466.0,688.0,1.0,12
838,H-10-22,450.0,688.0,2.0,12
839,H-10-11,466.0,688.0,1.0,12
839,H-10-22,450.0,688.0,2.0,12
840,H-10-11,466.0,688.0,1.0,12
840,H-10-22,450.0,688.0,2.0,12
841,H-10-11,466.0,688.0,1.0,12
841,H-10-22,450.0,688.0,2.0,12
842,H-10-11,466.0,688.0,1.0,1
842,H-10-22,450.0,688.0,2.0,12
842,H-10-23,434.0,688.0,2.0,12
843,H-08-13,484.0,688.0,1.0,12
843,H-08-23,484.0,688.0,2.0,12
844,H-08-13,484.0,688.0,1.0,12
844,H-08-23,484.0,688.0,2.0,12
845,H-08-13,484.0,688.0,1.0,12
845,H-08-23,484.0,688.0,2.0,12
846,H-08-13,484.0,688.0,1.0,12
846,H-08-23,484.0,688.0,2.0,12
847,H-08-13,484.0,688.0,1.0,12
847,H-08-23,484.0,688.0,2.0,12
848,H-08-13,484.0,688.0,1.0,12
848,H-08-23,484.0,688.0,2.0,12
849,H-08-13,484.0,688.0,1.0,12
849,H-08-23,484.0,688.0,2.0,12
850,H-08-13,484.0,688.0,1.0,12
850,H-08-23,484.0,688.0,2.0,12
851,H-08-13,484.0,688.0,1.0,12
851,H-08-23,484.0,688.0,2.0,12
852,H-08-13,484.0,688.0,1.0,12
852,H-08-23,484.0,688.0,2.0,12
853,H-08-13,484.0,688.0,1.0,12
853,H-08-23,484.0,688.0,2.0,12
854,H-08-13,484.0,688.0,1.0,12
854,H-08-23,484.0,688.0,2.0,12
855,H-08-13,484.0,688.0,1.0,12
855,H-08-23,484.0,688.0,2.0,12
856,H-08-13,484.0,688.0,1.0,12
856,H-08-23,484.0,688.0,2.0,12
857,H-08-13,484.0,688.0,1.0,12
857,H-08-23,484.0,688.0,2.0,12
858,H-08-13,484.0,688.0,1.0,12
858,H-08-23,484.0,688.0,2.0,12
859,H-08-13,484.0,688.0,1.0,12
859,H-08-23,484.0,688.0,2.0,12
860,H-08-13,484.0,688.0,1.0,12
860,H-08-23,484.0,688.0,2.0,12
861,H-08-13,484.0,688.0,1.0,12
861,H-08-23,484.0,688.0,2.0,12
862,H-08-13,484.0,688.0,1.0,12
862,H-08-23,484.0,688.0,2.0,12
863,H-08-13,484.0,688.0,1.0,12
863,H-08-23,484.0,688.0,2.0,12
864,H-08-13,484.0,688.0,1.0,12
864,H-08-23,484.0,688.0,2.0,12
865,H-08-13,484.0,688.0,1.0,12
865,H-08-23,484.0,688.0,2.0,12
866,H-08-13,484.0,688.0,1.0,12
866,H-08-23,484.0,688.0,2.0,12
867,H-08-13,484.0,688.0,1.0,12
867,H-08-23,484.0,688.0,2.0,12
868,H-08-13,484.0,688.0,1.0,12
868,H-08-23,484.0,688.0,2.0,12
869,H-08-13,484.0,688.0,1.0,12
869,H-08-23,484.0,688.0,2.0,12
870,H-08-13,484.0,688.0,1.0,12
870,H-08-23,484.0,688.0,2.0,12
871,H-08-13,484.0,688.0,1.0,12
871,H-08-23,484.0,688.0,2.0,12
872,H-08-13,484.0,688.0,1.0,12
872,H-08-23,484.0,688.0,2.0,12
873,H-08-13,484.0,688.0,1.0,12
873,H-08-23,484.0,688.0,2.0,12
874,H-08-13,484.0,688.0,1.0,12
874,H-08-23,484.0,688.0,2.0,12
875,H-08-13,484.0,688.0,1.0,12
875,H-08-23,484.0,688.0,2.0,12
876,H-08-13,484.0,688.0,1.0,12
876,H-08-23,484.0,688.0,2.0,12
877,H-08-13,484.0,688.0,1.0,12
877,H-08-23,484.0,688.0,2.0,12
878,H-08-13,484.0,688.0,1.0,12
878,H-08-23,484.0,688.0,2.0,12
879,H-08-13,484.0,688.0,1.0,12
879,H-08-23,484.0,688.0,2.0,12
880,H-08-13,484.0,688.0,1.0,12
880,H-08-23,484.0,688.0,2.0,12
881,H-08-13,484.0,688.0,1.0,12
881,H-08-23,484.0,688.0,2.0,12
882,H-08-13,484.0,688.0,1.0,12
882,H-08-23,484.0,688.0,2.0,12
883,H-08-13,484.0,688.0,1.0,12
883,H-08-23,484.0,688.0,2.0,12
884,H-08-13,484.0,688.0,1.0,12
884,H-08-23,484.0,688.0,2.0,12
885,H-08-13,484.0,688.0,1.0,12
885,H-08-23,484.0,688.0,2.0,12
886,H-08-13,484.0,688.0,1.0,12
886,H-08-23,484.0,688.0,2.0,12
887,H-08-13,484.0,688.0,1.0,12
887,H-08-23,484.0,688.0,2.0,12
888,H-08-13,484.0,688.0,1.0,12
888,H-08-23,484.0,688.0,2.0,12
889,H-08-13,484.0,688.0,1.0,12
889,H-08-23,484.0,688.0,2.0,12
890,H-08-13,484.0,688.0,1.0,12
890,H-08-23,484.0,688.0,2.0,12
891,H-08-13,484.0,688.0,1.0,12
891,H-08-23,484.0,688.0,2.0,12
892,H-08-13,484.0,688.0,1.0,12
892,H-08-23,484.0,688.0,2.0,12
893,H-08-13,484.0,688.0,1.0,12
893,H-08-23,484.0,688.0,2.0,12
894,H-08-13,484.0,688.0,1.0,12
894,H-08-23,484.0,688.0,2.0,12
895,H-08-13,484.0,688.0,1.0,12
895,H-08-23,484.0,688.0,2.0,12
896,H-08-13,484.0,688.0,1.0,12
896,H-08-23,484.0,688.0,2.0,12
897,H-08-13,484.0,688.0,1.0,12
897,H-08-23,484.0,688.0,2.0,12
898,H-08-13,484.0,688.0,1.0,12
898,H-08-23,484.0,688.0,2.0,12
899,H-08-13,484.0,688.0,1.0,12
899,H-08-23,484.0,688.0,2.0,12
900,H-08-13,484.0,688.0,1.0,12
900,H-08-23,484.0,688.0,2.0,12
901,H-08-13,484.0,688.0,1.0,12
901,H-08-23,484.0,688.0,2.0,12
902,H-08-13,484.0,688.0,1.0,12
902,H-08-23,484.0,688.0,2.0,12
903,H-08-13,484.0,688.0,1.0,12
903,H-08-23,484.0,688.0,2.0,12
904,H-08-13,484.0,688.0,1.0,12
904,H-08-23,484.0,688.0,2.0,12
905,H-08-13,484.0,688.0,1.0,12
905,H-08-23,484.0,688.0,2.0,12
906,H-08-13,484.0,688.0,1.0,12
906,H-08-23,484.0,688.0,2.0,12
907,H-08-13,484.0,688.0,1.0,12
907,H-08-23,484.0,688.0,2.0,12
908,H-08-13,484.0,688.0,1.0,12
908,H-08-23,484.0,688.0,2.0,12
909,H-08-13,484.0,688.0,1.0,12
909,H-08-23,484.0,688.0,2.0,12
910,H-08-13,484.0,688.0,1.0,12
910,H-08-23,484.0,688.0,2.0,12
911,H-08-13,484.0,688.0,1.0,12
911,H-08-23,484.0,688.0,2.0,12
912,H-08-13,484.0,688.0,1.0,12
912,H-08-23,484.0,688.0,2.0,12
913,H-08-13,484.0,688.0,1.0,12
913,H-08-23,484.0,688.0,2.0,12
914,H-08-13,484.0,688.0,1.0,12
914,H-08-23,484.0,688.0,2.0,12
915,H-08-13,484.0,688.0,1.0,12
915,H-08-23,484.0,688.0,2.0,12
916,H-08-13,484.0,688.0,1.0,12
916,H-08-23,484.0,688.0,2.0,12
917,H-08-13,484.0,688.0,1.0,12
917,H-08-23,484.0,688.0,2.0,12
918,H-08-13,484.0,688.0,1.0,12
918,H-08-23,484.0,688.0,2.0,12
919,H-08-13,484.0,688.0,1.0,12
919,H-08-23,484.0,688.0,2.0,12
920,H-08-13,484.0,688.0,1.0,12
920,H-08-23,484.0,688.0,2.0,12
921,H-08-13,484.0,688.0,1.0,12
921,H-08-23,484.0,688.0,2.0,10
921,H-08-22,500.0,688.0,2.0,3
922,H-08-13,484.0,688.0,1.0,12
922,H-08-12,500.0,688.0,1.0,12
923,H-08-13,484.0,688.0,1.0,12
923,H-08-12,500.0,688.0,1.0,12
924,H-08-13,484.0,688.0,1.0,12
924,H-08-12,500.0,688.0,1.0,12
925,H-08-13,484.0,688.0,1.0,12
925,H-08-12,500.0,688.0,1.0,12
926,H-08-13,484.0,688.0,1.0,12
926,H-08-12,500.0,688.0,1.0,12
927,H-08-13,484.0,688.0,1.0,12
927,H-08-12,500.0,688.0,1.0,12
928,H-08-13,484.0,688.0,1.0,12
928,H-08-12,500.0,688.0,1.0,12
929,H-08-13,484.0,688.0,1.0,12
929,H-08-12,500.0,688.0,1.0,12
930,H-08-13,484.0,688.0,1.0,12
930,H-08-12,500.0,688.0,1.0,12
931,H-08-13,484.0,688.0,1.0,12
931,H-08-12,500.0,688.0,1.0,12
932,H-08-13,484.0,688.0,1.0,12
932,H-08-12,500.0,688.0,1.0,12
933,H-08-13,484.0,688.0,1.0,12
933,H-08-12,500.0,688.0,1.0,12
934,H-08-13,484.0,688.0,1.0,12
934,H-08-12,500.0,688.0,1.0,12
935,H-08-13,484.0,688.0,1.0,12
935,H-08-12,500.0,688.0,1.0,12
936,H-08-13,484.0,688.0,1.0,12
936,H-08-12,500.0,688.0,1.0,12
937,H-08-13,484.0,688.0,1.0,12
937,H-08-12,500.0,688.0,1.0,12
938,H-08-13,484.0,688.0,1.0,12
938,H-08-12,500.0,688.0,1.0,12
939,H-08-13,484.0,688.0,1.0,2
939,H-08-12,500.0,688.0,1.0,12
939,H-08-22,500.0,688.0,2.0,11
940,H-08-12,500.0,688.0,1.0,12
940,H-08-22,500.0,688.0,2.0,12
941,H-08-12,500.0,688.0,1.0,12
941,H-08-22,500.0,688.0,2.0,12
942,H-08-12,500.0,688.0,1.0,12
942,H-08-22,500.0,688.0,2.0,12
943,H-08-12,500.0,688.0,1.0,12
943,H-08-22,500.0,688.0,2.0,12
944,H-08-12,500.0,688.0,1.0,12
944,H-08-22,500.0,688.0,2.0,12
945,H-08-12,500.0,688.0,1.0,12
945,H-08-22,500.0,688.0,2.0,12
946,H-08-12,500.0,688.0,1.0,12
946,H-08-22,500.0,688.0,2.0,12
947,H-08-12,500.0,688.0,1.0,12
947,H-08-22,500.0,688.0,2.0,12
948,H-08-12,500.0,688.0,1.0,12
948,H-08-22,500.0,688.0,2.0,12
949,H-08-12,500.0,688.0,1.0,12
949,H-08-22,500.0,688.0,2.0,12
950,H-08-12,500.0,688.0,1.0,12
950,H-08-22,500.0,688.0,2.0,12
951,H-08-12,500.0,688.0,1.0,12
951,H-08-22,500.0,688.0,2.0,12
952,H-08-12,500.0,688.0,1.0,12
952,H-08-22,500.0,688.0,2.0,12
953,H-08-12,500.0,688.0,1.0,12
953,H-08-22,500.0,688.0,2.0,12
954,H-08-12,500.0,688.0,1.0,12
954,H-08-22,500.0,688.0,2.0,12
955,H-08-12,500.0,688.0,1.0,12
955,H-08-22,500.0,688.0,2.0,12
956,H-08-12,500.0,688.0,1.0,12
956,H-08-22,500.0,688.0,2.0,12
957,H-08-12,500.0,688.0,1.0,12
957,H-08-22,500.0,688.0,2.0,12
958,H-08-12,500.0,688.0,1.0,12
958,H-08-22,500.0,688.0,2.0,12
959,H-08-12,500.0,688.0,1.0,12
959,H-08-22,500.0,688.0,2.0,12
960,H-08-12,500.0,688.0,1.0,12
960,H-08-22,500.0,688.0,2.0,12
961,H-08-12,500.0,688.0,1.0,12
961,H-08-22,500.0,688.0,2.0,12
962,H-08-12,500.0,688.0,1.0,12
962,H-08-22,500.0,688.0,2.0,12
963,H-08-12,500.0,688.0,1.0,12
963,H-08-22,500.0,688.0,2.0,12
964,H-08-12,500.0,688.0,1.0,12
964,H-08-22,500.0,688.0,2.0,12
965,H-08-12,500.0,688.0,1.0,12
965,H-08-22,500.0,688.0,2.0,12
966,H-08-12,500.0,688.0,1.0,12
966,H-08-22,500.0,688.0,2.0,12
967,H-08-12,500.0,688.0,1.0,12
967,H-08-22,500.0,688.0,2.0,12
968,H-08-12,500.0,688.0,1.0,12
968,H-08-22,500.0,688.0,2.0,12
969,H-08-12,500.0,688.0,1.0,12
969,H-08-22,500.0,688.0,2.0,12
970,H-08-12,500.0,688.0,1.0,12
970,H-08-22,500.0,688.0,2.0,12
971,H-08-12,500.0,688.0,1.0,12
971,H-08-22,500.0,688.0,2.0,12
972,H-08-12,500.0,688.0,1.0,12
972,H-08-22,500.0,688.0,2.0,12
973,H-08-12,500.0,688.0,1.0,12
973,H-08-22,500.0,688.0,2.0,12
974,H-08-12,500.0,688.0,1.0,12
974,H-08-22,500.0,688.0,2.0,12
975,H-08-12,500.0,688.0,1.0,12
975,H-08-22,500.0,688.0,2.0,12
976,H-08-12,500.0,688.0,1.0,12
976,H-08-22,500.0,688.0,2.0,12
977,H-08-12,500.0,688.0,1.0,12
977,H-08-22,500.0,688.0,2.0,12
978,H-08-12,500.0,688.0,1.0,12
978,H-08-22,500.0,688.0,2.0,12
979,H-08-12,500.0,688.0,1.0,12
979,H-08-22,500.0,688.0,2.0,12
980,H-08-12,500.0,688.0,1.0,12
980,H-08-22,500.0,688.0,2.0,12
981,H-08-12,500.0,688.0,1.0,12
981,H-08-22,500.0,688.0,2.0,12
982,H-08-12,500.0,688.0,1.0,12
982,H-08-22,500.0,688.0,2.0,12
983,H-08-12,500.0,688.0,1.0,12
983,H-08-22,500.0,688.0,2.0,12
984,H-08-12,500.0,688.0,1.0,12
984,H-08-22,500.0,688.0,2.0,12
985,H-08-12,500.0,688.0,1.0,12
985,H-08-22,500.0,688.0,2.0,12
986,H-08-12,500.0,688.0,1.0,12
986,H-08-22,500.0,688.0,2.0,12
987,H-08-12,500.0,688.0,1.0,12
987,H-08-22,500.0,688.0,2.0,12
988,H-08-12,500.0,688.0,1.0,12
988,H-08-22,500.0,688.0,2.0,12
989,H-08-12,500.0,688.0,1.0,12
989,H-08-22,500.0,688.0,2.0,12
990,H-08-12,500.0,688.0,1.0,12
990,H-08-22,500.0,688.0,2.0,12
991,H-08-12,500.0,688.0,1.0,12
991,H-08-22,500.0,688.0,2.0,12
992,H-08-12,500.0,688.0,1.0,12
992,H-08-22,500.0,688.0,2.0,12
993,H-08-12,500.0,688.0,1.0,12
993,H-08-22,500.0,688.0,2.0,12
994,H-08-12,500.0,688.0,1.0,12
994,H-08-22,500.0,688.0,2.0,12
995,H-08-12,500.0,688.0,1.0,12
995,H-08-22,500.0,688.0,2.0,12
996,H-08-12,500.0,688.0,1.0,12
996,H-08-22,500.0,688.0,2.0,12
997,H-08-12,500.0,688.0,1.0,12
997,H-08-22,500.0,688.0,2.0,12
998,H-08-12,500.0,688.0,1.0,12
998,H-08-22,500.0,688.0,2.0,12
999,H-08-12,500.0,688.0,1.0,12
999,H-08-22,500.0,688.0,2.0,12
1000,H-08-12,500.0,688.0,1.0,12
1000,H-08-22,500.0,688.0,2.0,12
1001,H-08-12,500.0,688.0,1.0,12
1001,H-08-22,500.0,688.0,2.0,12
1002,H-08-12,500.0,688.0,1.0,12
1002,H-08-22,500.0,688.0,2.0,12
1003,H-08-12,500.0,688.0,1.0,12
1003,H-08-22,500.0,688.0,2.0,12
1004,H-08-12,500.0,688.0,1.0,12
1004,H-08-22,500.0,688.0,2.0,12
1005,H-08-12,500.0,688.0,1.0,12
1005,H-08-22,500.0,688.0,2.0,12
1006,H-08-12,500.0,688.0,1.0,12
1006,H-08-22,500.0,688.0,2.0,12
1007,H-08-12,500.0,688.0,1.0,12
1007,H-08-22,500.0,688.0,2.0,12
1008,H-08-12,500.0,688.0,1.0,12
1008,H-08-22,500.0,688.0,2.0,12
1009,H-08-12,500.0,688.0,1.0,12
1009,H-08-22,500.0,688.0,2.0,12
1010,H-08-12,500.0,688.0,1.0,12
1010,H-08-22,500.0,688.0,2.0,12
1011,H-08-12,500.0,688.0,1.0,12
1011,H-08-22,500.0,688.0,2.0,12
1012,H-08-12,500.0,688.0,1.0,12
1012,H-08-22,500.0,688.0,2.0,12
1013,H-08-12,500.0,688.0,1.0,12
1013,H-08-22,500.0,688.0,2.0,12
1014,H-08-12,500.0,688.0,1.0,12
1014,H-08-22,500.0,688.0,2.0,12
1015,H-08-12,500.0,688.0,1.0,12
1015,H-08-22,500.0,688.0,2.0,12
1016,H-08-12,500.0,688.0,1.0,12
1016,H-08-22,500.0,688.0,2.0,12
1017,H-08-12,500.0,688.0,1.0,12
1017,H-08-22,500.0,688.0,2.0,12
1018,H-08-12,500.0,688.0,1.0,12
1018,H-08-22,500.0,688.0,2.0,12
1019,H-08-12,500.0,688.0,1.0,12
1019,H-08-22,500.0,688.0,2.0,12
1020,H-08-12,500.0,688.0,1.0,12
1020,H-08-22,500.0,688.0,2.0,12
1021,H-08-12,500.0,688.0,1.0,12
1021,H-08-22,500.0,688.0,2.0,12
1022,H-08-12,500.0,688.0,1.0,12
1022,H-08-22,500.0,688.0,2.0,12
1023,H-08-12,500.0,688.0,1.0,12
1023,H-08-22,500.0,688.0,2.0,12
1024,H-08-12,500.0,688.0,1.0,12
1024,H-08-22,500.0,688.0,2.0,12
1025,H-08-12,500.0,688.0,1.0,12
1025,H-08-22,500.0,688.0,2.0,12
1026,H-08-12,500.0,688.0,1.0,12
1026,H-08-22,500.0,688.0,2.0,12
1027,H-08-12,500.0,688.0,1.0,12
1027,H-08-22,500.0,688.0,2.0,12
1028,H-08-12,500.0,688.0,1.0,12
1028,H-08-22,500.0,688.0,2.0,12
1029,H-08-11,516.0,688.0,1.0,12
1029,H-08-21,516.0,688.0,2.0,12
1030,H-08-11,516.0,688.0,1.0,12
1030,H-08-21,516.0,688.0,2.0,12
1031,H-08-11,516.0,688.0,1.0,12
1031,H-08-21,516.0,688.0,2.0,12
1032,H-08-11,516.0,688.0,1.0,12
1032,H-08-21,516.0,688.0,2.0,12
1033,H-08-11,516.0,688.0,1.0,12
1033,H-08-21,516.0,688.0,2.0,12
1034,H-08-11,516.0,688.0,1.0,12
1034,H-08-21,516.0,688.0,2.0,12
1035,H-08-11,516.0,688.0,1.0,12
1035,H-08-21,516.0,688.0,2.0,12
1036,H-08-11,516.0,688.0,1.0,12
1036,H-08-21,516.0,688.0,2.0,12
1037,H-08-11,516.0,688.0,1.0,12
1037,H-08-21,516.0,688.0,2.0,12
1038,H-08-11,516.0,688.0,1.0,12
1038,H-08-21,516.0,688.0,2.0,12
1039,H-08-11,516.0,688.0,1.0,12
1039,H-08-21,516.0,688.0,2.0,12
1040,H-08-11,516.0,688.0,1.0,12
1040,H-08-21,516.0,688.0,2.0,12
1041,H-08-11,516.0,688.0,1.0,12
1041,H-08-21,516.0,688.0,2.0,12
1042,H-08-11,516.0,688.0,1.0,12
1042,H-08-21,516.0,688.0,2.0,12
1043,H-08-11,516.0,688.0,1.0,12
1043,H-08-21,516.0,688.0,2.0,12
1044,H-08-11,516.0,688.0,1.0,12
1044,H-08-21,516.0,688.0,2.0,12
1045,H-08-11,516.0,688.0,1.0,12
1045,H-08-21,516.0,688.0,2.0,12
1046,H-08-11,516.0,688.0,1.0,12
1046,H-08-21,516.0,688.0,2.0,12
1047,H-08-11,516.0,688.0,1.0,12
1047,H-08-21,516.0,688.0,2.0,12
1048,H-08-11,516.0,688.0,1.0,12
1048,H-08-21,516.0,688.0,2.0,12
1049,H-08-11,516.0,688.0,1.0,12
1049,H-08-21,516.0,688.0,2.0,12
1050,H-08-11,516.0,688.0,1.0,12
1050,H-08-21,516.0,688.0,2.0,12
1051,H-08-11,516.0,688.0,1.0,12
1051,H-08-21,516.0,688.0,2.0,12
1052,H-08-11,516.0,688.0,1.0,12
1052,H-08-21,516.0,688.0,2.0,12
1053,H-08-11,516.0,688.0,1.0,12
1053,H-08-21,516.0,688.0,2.0,12
1054,H-08-11,516.0,688.0,1.0,12
1054,H-08-21,516.0,688.0,2.0,12
1055,H-08-11,516.0,688.0,1.0,12
1055,H-08-21,516.0,688.0,2.0,12
1056,H-08-11,516.0,688.0,1.0,12
1056,H-08-21,516.0,688.0,2.0,12
1057,H-08-11,516.0,688.0,1.0,12
1057,H-08-21,516.0,688.0,2.0,12
1058,H-08-11,516.0,688.0,1.0,12
1058,H-08-21,516.0,688.0,2.0,12
1059,H-08-11,516.0,688.0,1.0,12
1059,H-08-21,516.0,688.0,2.0,12
1060,H-08-11,516.0,688.0,1.0,12
1060,H-08-21,516.0,688.0,2.0,12
1061,H-08-11,516.0,688.0,1.0,12
1061,H-08-21,516.0,688.0,2.0,12
1062,H-08-11,516.0,688.0,1.0,12
1062,H-08-21,516.0,688.0,2.0,12
1063,H-08-11,516.0,688.0,1.0,12
1063,H-08-21,516.0,688.0,2.0,12
1064,H-08-11,516.0,688.0,1.0,12
1064,H-08-21,516.0,688.0,2.0,12
1065,H-08-11,516.0,688.0,1.0,12
1065,H-08-21,516.0,688.0,2.0,12
1066,H-08-11,516.0,688.0,1.0,12
1066,H-08-21,516.0,688.0,2.0,12
1067,H-08-11,516.0,688.0,1.0,12
1067,H-08-21,516.0,688.0,2.0,12
1068,H-08-11,516.0,688.0,1.0,12
1068,H-08-21,516.0,688.0,2.0,12
1069,H-08-11,516.0,688.0,1.0,12
1069,H-08-21,516.0,688.0,2.0,12
1070,H-08-11,516.0,688.0,1.0,12
1070,H-08-21,516.0,688.0,2.0,12
1071,H-08-11,516.0,688.0,1.0,12
1071,H-08-21,516.0,688.0,2.0,12
1072,H-08-11,516.0,688.0,1.0,12
1072,H-08-21,516.0,688.0,2.0,12
1073,H-08-11,516.0,688.0,1.0,12
1073,H-08-21,516.0,688.0,2.0,12
1074,H-08-11,516.0,688.0,1.0,12
1074,H-08-21,516.0,688.0,2.0,12
1075,H-08-11,516.0,688.0,1.0,12
1075,H-08-21,516.0,688.0,2.0,12
1076,H-08-11,516.0,688.0,1.0,12
1076,H-08-21,516.0,688.0,2.0,12
1077,H-08-11,516.0,688.0,1.0,12
1077,H-08-21,516.0,688.0,2.0,12
1078,H-08-11,516.0,688.0,1.0,12
1078,H-08-21,516.0,688.0,2.0,12
1079,H-08-11,516.0,688.0,1.0,12
1079,H-08-21,516.0,688.0,2.0,12
1080,H-08-11,516.0,688.0,1.0,12
1080,H-08-21,516.0,688.0,2.0,12
1081,H-08-11,516.0,688.0,1.0,12
1081,H-08-21,516.0,688.0,2.0,12
1082,H-08-11,516.0,688.0,1.0,12
1082,H-08-21,516.0,688.0,2.0,12
1083,H-08-11,516.0,688.0,1.0,12
1083,H-08-21,516.0,688.0,2.0,12
1084,H-08-11,516.0,688.0,1.0,12
1084,H-08-21,516.0,688.0,2.0,12
1085,H-08-11,516.0,688.0,1.0,12
1085,H-08-21,516.0,688.0,2.0,12
1086,H-08-11,516.0,688.0,1.0,12
1086,H-08-21,516.0,688.0,2.0,12
1087,H-08-11,516.0,688.0,1.0,12
1087,H-08-21,516.0,688.0,2.0,12
1088,H-08-11,516.0,688.0,1.0,12
1088,H-08-21,516.0,688.0,2.0,12
1089,H-08-11,516.0,688.0,1.0,9
1089,H-08-21,516.0,688.0,2.0,12
1089,H-08-22,500.0,688.0,2.0,4
1090,H-06-13,534.0,688.0,1.0,12
1090,H-06-23,534.0,688.0,2.0,12
1091,H-06-13,534.0,688.0,1.0,12
1091,H-06-23,534.0,688.0,2.0,12
1092,H-06-13,534.0,688.0,1.0,12
1092,H-06-23,534.0,688.0,2.0,12
1093,H-06-13,534.0,688.0,1.0,12
1093,H-06-23,534.0,688.0,2.0,12
1094,H-06-13,534.0,688.0,1.0,12
1094,H-06-23,534.0,688.0,2.0,12
1095,H-06-13,534.0,688.0,1.0,12
1095,H-06-23,534.0,688.0,2.0,12
1096,H-06-13,534.0,688.0,1.0,12
1096,H-06-23,534.0,688.0,2.0,12
1097,H-06-13,534.0,688.0,1.0,12
1097,H-06-23,534.0,688.0,2.0,12
1098,H-06-13,534.0,688.0,1.0,12
1098,H-06-23,534.0,688.0,2.0,12
1099,H-06-13,534.0,688.0,1.0,12
1099,H-06-23,534.0,688.0,2.0,12
1100,H-06-13,534.0,688.0,1.0,12
1100,H-06-23,534.0,688.0,2.0,12
1101,H-06-13,534.0,688.0,1.0,12
1101,H-06-23,534.0,688.0,2.0,12
1102,H-06-13,534.0,688.0,1.0,12
1102,H-06-23,534.0,688.0,2.0,12
1103,H-06-13,534.0,688.0,1.0,12
1103,H-06-23,534.0,688.0,2.0,12
1104,H-06-13,534.0,688.0,1.0,12
1104,H-06-23,534.0,688.0,2.0,12
1105,H-06-13,534.0,688.0,1.0,12
1105,H-06-23,534.0,688.0,2.0,12
1106,H-06-13,534.0,688.0,1.0,12
1106,H-06-23,534.0,688.0,2.0,12
1107,H-06-13,534.0,688.0,1.0,12
1107,H-06-23,534.0,688.0,2.0,12
1108,H-06-13,534.0,688.0,1.0,12
1108,H-06-23,534.0,688.0,2.0,12
1109,H-06-13,534.0,688.0,1.0,12
1109,H-06-23,534.0,688.0,2.0,12
1110,H-06-13,534.0,688.0,1.0,12
1110,H-06-23,534.0,688.0,2.0,12
1111,H-06-13,534.0,688.0,1.0,12
1111,H-06-23,534.0,688.0,2.0,12
1112,H-06-13,534.0,688.0,1.0,12
1112,H-06-23,534.0,688.0,2.0,12
1113,H-06-13,534.0,688.0,1.0,12
1113,H-06-23,534.0,688.0,2.0,12
1114,H-06-13,534.0,688.0,1.0,12
1114,H-06-23,534.0,688.0,2.0,12
1115,H-06-13,534.0,688.0,1.0,12
1115,H-06-23,534.0,688.0,2.0,12
1116,H-06-13,534.0,688.0,1.0,12
1116,H-06-23,534.0,688.0,2.0,12
1117,H-06-13,534.0,688.0,1.0,12
1117,H-06-23,534.0,688.0,2.0,12
1118,H-06-13,534.0,688.0,1.0,12
1118,H-06-23,534.0,688.0,2.0,12
1119,H-06-13,534.0,688.0,1.0,12
1119,H-06-23,534.0,688.0,2.0,12
1120,H-06-13,534.0,688.0,1.0,12
1120,H-06-23,534.0,688.0,2.0,12
1121,H-06-13,534.0,688.0,1.0,12
1121,H-06-23,534.0,688.0,2.0,12
1122,H-06-13,534.0,688.0,1.0,12
1122,H-06-23,534.0,688.0,2.0,12
1123,H-06-13,534.0,688.0,1.0,12
1123,H-06-23,534.0,688.0,2.0,12
1124,H-06-13,534.0,688.0,1.0,12
1124,H-06-23,534.0,688.0,2.0,12
1125,H-06-13,534.0,688.0,1.0,12
1125,H-06-23,534.0,688.0,2.0,12
1126,H-06-13,534.0,688.0,1.0,12
1126,H-06-23,534.0,688.0,2.0,12
1127,H-06-13,534.0,688.0,1.0,12
1127,H-06-23,534.0,688.0,2.0,12
1128,H-06-13,534.0,688.0,1.0,12
1128,H-06-23,534.0,688.0,2.0,12
1129,H-06-13,534.0,688.0,1.0,12
1129,H-06-23,534.0,688.0,2.0,12
1130,H-06-13,534.0,688.0,1.0,12
1130,H-06-23,534.0,688.0,2.0,12
1131,H-06-13,534.0,688.0,1.0,12
1131,H-06-23,534.0,688.0,2.0,12
1132,H-06-13,534.0,688.0,1.0,12
1132,H-06-23,534.0,688.0,2.0,12
1133,H-06-13,534.0,688.0,1.0,12
1133,H-06-23,534.0,688.0,2.0,12
1134,H-06-13,534.0,688.0,1.0,12
1134,H-06-23,534.0,688.0,2.0,12
1135,H-06-13,534.0,688.0,1.0,12
1135,H-06-23,534.0,688.0,2.0,12
1136,H-06-13,534.0,688.0,1.0,12
1136,H-06-23,534.0,688.0,2.0,12
1137,H-06-13,534.0,688.0,1.0,12
1137,H-06-23,534.0,688.0,2.0,12
1138,H-06-13,534.0,688.0,1.0,12
1138,H-06-23,534.0,688.0,2.0,12
1139,H-06-13,534.0,688.0,1.0,12
1139,H-06-23,534.0,688.0,2.0,12
1140,H-06-13,534.0,688.0,1.0,12
1140,H-06-23,534.0,688.0,2.0,12
1141,H-06-13,534.0,688.0,1.0,12
1141,H-06-23,534.0,688.0,2.0,12
1142,H-06-13,534.0,688.0,1.0,12
1142,H-06-23,534.0,688.0,2.0,12
1143,H-06-13,534.0,688.0,1.0,12
1143,H-06-23,534.0,688.0,2.0,12
1144,H-06-13,534.0,688.0,1.0,12
1144,H-06-23,534.0,688.0,2.0,12
1145,H-06-13,534.0,688.0,1.0,12
1145,H-06-23,534.0,688.0,2.0,12
1146,H-06-13,534.0,688.0,1.0,12
1146,H-06-23,534.0,688.0,2.0,12
1147,H-06-13,534.0,688.0,1.0,12
1147,H-06-23,534.0,688.0,2.0,12
1148,H-06-13,534.0,688.0,1.0,12
1148,H-06-23,534.0,688.0,2.0,12
1149,H-06-13,534.0,688.0,1.0,12
1149,H-06-23,534.0,688.0,2.0,12
1150,H-06-13,534.0,688.0,1.0,12
1150,H-06-23,534.0,688.0,2.0,12
1151,H-06-13,534.0,688.0,1.0,12
1151,H-06-23,534.0,688.0,2.0,12
1152,H-06-13,534.0,688.0,1.0,12
1152,H-06-23,534.0,688.0,2.0,12
1153,H-06-13,534.0,688.0,1.0,12
1153,H-06-23,534.0,688.0,2.0,12
1154,H-06-13,534.0,688.0,1.0,12
1154,H-06-23,534.0,688.0,2.0,12
1155,H-06-13,534.0,688.0,1.0,12
1155,H-06-23,534.0,688.0,2.0,12
1156,H-06-13,534.0,688.0,1.0,12
1156,H-06-23,534.0,688.0,2.0,12
1157,H-06-13,534.0,688.0,1.0,12
1157,H-06-23,534.0,688.0,2.0,12
1158,H-06-13,534.0,688.0,1.0,12
1158,H-06-23,534.0,688.0,2.0,12
1159,H-06-13,534.0,688.0,1.0,12
1159,H-06-23,534.0,688.0,2.0,12
1160,H-06-13,534.0,688.0,1.0,12
1160,H-06-23,534.0,688.0,2.0,12
1161,H-06-13,534.0,688.0,1.0,12
1161,H-06-23,534.0,688.0,2.0,12
1162,H-06-13,534.0,688.0,1.0,12
1162,H-06-23,534.0,688.0,2.0,12
1163,H-06-13,534.0,688.0,1.0,12
1163,H-06-23,534.0,688.0,2.0,8
1163,H-06-22,550.0,688.0,2.0,5
1164,H-06-13,534.0,688.0,1.0,12
1164,H-06-12,550.0,688.0,1.0,12
1165,H-06-13,534.0,688.0,1.0,12
1165,H-06-12,550.0,688.0,1.0,12
1166,H-06-13,534.0,688.0,1.0,12
1166,H-06-12,550.0,688.0,1.0,12
1167,H-06-13,534.0,688.0,1.0,12
1167,H-06-12,550.0,688.0,1.0,12
1168,H-06-13,534.0,688.0,1.0,12
1168,H-06-12,550.0,688.0,1.0,12
1169,H-06-13,534.0,688.0,1.0,10
1169,H-06-12,550.0,688.0,1.0,12
1169,H-06-22,550.0,688.0,2.0,3
1170,H-06-12,550.0,688.0,1.0,12
1170,H-06-22,550.0,688.0,2.0,12
1171,H-06-12,550.0,688.0,1.0,12
1171,H-06-22,550.0,688.0,2.0,12
1172,H-06-12,550.0,688.0,1.0,12
1172,H-06-22,550.0,688.0,2.0,12
1173,H-06-12,550.0,688.0,1.0,12
1173,H-06-22,550.0,688.0,2.0,12
1174,H-06-12,550.0,688.0,1.0,12
1174,H-06-22,550.0,688.0,2.0,12
1175,H-06-12,550.0,688.0,1.0,12
1175,H-06-22,550.0,688.0,2.0,12
1176,H-06-12,550.0,688.0,1.0,12
1176,H-06-22,550.0,688.0,2.0,12
1177,H-06-12,550.0,688.0,1.0,12
1177,H-06-22,550.0,688.0,2.0,12
1178,H-06-12,550.0,688.0,1.0,12
1178,H-06-22,550.0,688.0,2.0,12
1179,H-06-12,550.0,688.0,1.0,12
1179,H-06-22,550.0,688.0,2.0,12
1180,H-06-12,550.0,688.0,1.0,12
1180,H-06-22,550.0,688.0,2.0,12
1181,H-06-12,550.0,688.0,1.0,12
1181,H-06-22,550.0,688.0,2.0,12
1182,H-06-12,550.0,688.0,1.0,12
1182,H-06-22,550.0,688.0,2.0,12
1183,H-06-12,550.0,688.0,1.0,12
1183,H-06-22,550.0,688.0,2.0,12
1184,H-06-12,550.0,688.0,1.0,12
1184,H-06-22,550.0,688.0,2.0,12
1185,H-06-12,550.0,688.0,1.0,12
1185,H-06-22,550.0,688.0,2.0,12
1186,H-06-12,550.0,688.0,1.0,12
1186,H-06-22,550.0,688.0,2.0,12
1187,H-06-12,550.0,688.0,1.0,12
1187,H-06-22,550.0,688.0,2.0,12
1188,H-06-12,550.0,688.0,1.0,12
1188,H-06-22,550.0,688.0,2.0,12
1189,H-06-12,550.0,688.0,1.0,12
1189,H-06-22,550.0,688.0,2.0,12
1190,H-06-12,550.0,688.0,1.0,12
1190,H-06-22,550.0,688.0,2.0,12
1191,H-06-12,550.0,688.0,1.0,12
1191,H-06-22,550.0,688.0,2.0,12
1192,H-06-12,550.0,688.0,1.0,12
1192,H-06-22,550.0,688.0,2.0,12
1193,H-06-12,550.0,688.0,1.0,12
1193,H-06-22,550.0,688.0,2.0,12
1194,H-06-12,550.0,688.0,1.0,12
1194,H-06-11,566.0,688.0,1.0,12
1195,H-06-12,550.0,688.0,1.0,12
1195,H-06-11,566.0,688.0,1.0,12
1196,H-06-12,550.0,688.0,1.0,12
1196,H-06-11,566.0,688.0,1.0,12
1197,H-06-12,550.0,688.0,1.0,12
1197,H-06-11,566.0,688.0,1.0,12
1198,H-06-12,550.0,688.0,1.0,12
1198,H-06-11,566.0,688.0,1.0,12
1199,H-06-12,550.0,688.0,1.0,12
1199,H-06-11,566.0,688.0,1.0,12
1200,H-06-12,550.0,688.0,1.0,12
1200,H-06-11,566.0,688.0,1.0,12
1201,H-06-12,550.0,688.0,1.0,12
1201,H-06-11,566.0,688.0,1.0,12
1202,H-06-12,550.0,688.0,1.0,12
1202,H-06-11,566.0,688.0,1.0,12
1203,H-06-12,550.0,688.0,1.0,12
1203,H-06-11,566.0,688.0,1.0,12
1204,H-06-12,550.0,688.0,1.0,9
1204,H-06-11,566.0,688.0,1.0,12
1204,H-06-21,566.0,688.0,2.0,4
1205,H-06-11,566.0,688.0,1.0,12
1205,H-06-21,566.0,688.0,2.0,12
1206,H-06-11,566.0,688.0,1.0,12
1206,H-06-21,566.0,688.0,2.0,12
1207,H-06-11,566.0,688.0,1.0,12
1207,H-06-21,566.0,688.0,2.0,12
1208,H-06-11,566.0,688.0,1.0,12
1208,H-06-21,566.0,688.0,2.0,12
1209,H-06-11,566.0,688.0,1.0,12
1209,H-06-21,566.0,688.0,2.0,12
1210,H-06-11,566.0,688.0,1.0,12
1210,H-06-21,566.0,688.0,2.0,12
1211,H-06-11,566.0,688.0,1.0,12
1211,H-06-21,566.0,688.0,2.0,12
1212,H-06-11,566.0,688.0,1.0,12
1212,H-06-21,566.0,688.0,2.0,12
1213,H-06-11,566.0,688.0,1.0,12
1213,H-06-21,566.0,688.0,2.0,12
1214,H-06-11,566.0,688.0,1.0,12
1214,H-06-21,566.0,688.0,2.0,12
1215,H-06-11,566.0,688.0,1.0,12
1215,H-06-21,566.0,688.0,2.0,12
1216,H-06-11,566.0,688.0,1.0,12
1216,H-06-21,566.0,688.0,2.0,12
1217,H-06-11,566.0,688.0,1.0,12
1217,H-06-21,566.0,688.0,2.0,12
1218,H-06-11,566.0,688.0,1.0,12
1218,H-06-21,566.0,688.0,2.0,12
1219,H-06-11,566.0,688.0,1.0,12
1219,H-06-21,566.0,688.0,2.0,12
1220,H-06-11,566.0,688.0,1.0,12
1220,H-06-21,566.0,688.0,2.0,12
1221,H-06-11,566.0,688.0,1.0,12
1221,H-06-21,566.0,688.0,2.0,12
1222,H-06-11,566.0,688.0,1.0,12
1222,H-06-21,566.0,688.0,2.0,12
1223,H-06-11,566.0,688.0,1.0,12
1223,H-06-21,566.0,688.0,2.0,12
1224,H-06-11,566.0,688.0,1.0,12
1224,H-06-21,566.0,688.0,2.0,12
1225,H-06-11,566.0,688.0,1.0,12
1225,H-06-21,566.0,688.0,2.0,12
1226,H-06-11,566.0,688.0,1.0,12
1226,H-06-21,566.0,688.0,2.0,12
1227,H-06-11,566.0,688.0,1.0,6
1227,H-06-21,566.0,688.0,2.0,12
1227,H-04-23,584.0,688.0,2.0,7
1228,H-04-13,584.0,688.0,1.0,12
1228,H-04-23,584.0,688.0,2.0,12
1229,H-04-13,584.0,688.0,1.0,12
1229,H-04-23,584.0,688.0,2.0,12
1230,H-04-13,584.0,688.0,1.0,12
1230,H-04-23,584.0,688.0,2.0,12
1231,H-04-13,584.0,688.0,1.0,12
1231,H-04-23,584.0,688.0,2.0,12
1232,H-04-13,584.0,688.0,1.0,2
1232,H-04-23,584.0,688.0,2.0,12
1232,H-04-22,600.0,688.0,2.0,11
1233,H-04-12,600.0,688.0,1.0,12
1233,H-04-22,600.0,688.0,2.0,12
1234,H-04-12,600.0,688.0,1.0,12
1234,H-04-22,600.0,688.0,2.0,12
1235,H-04-12,600.0,688.0,1.0,12
1235,H-04-22,600.0,688.0,2.0,12
1236,H-04-12,600.0,688.0,1.0,12
1236,H-04-22,600.0,688.0,2.0,12
1237,H-04-12,600.0,688.0,1.0,12
1237,H-04-22,600.0,688.0,2.0,10
1237,H-04-23,584.0,688.0,2.0,3
1238,H-04-12,600.0,688.0,1.0,12
1238,H-04-11,616.0,688.0,1.0,12
1239,H-04-12,600.0,688.0,1.0,12
1239,H-04-11,616.0,688.0,1.0,12
1240,H-04-12,600.0,688.0,1.0,12
1240,H-04-11,616.0,688.0,1.0,12
1241,H-04-12,600.0,688.0,1.0,12
1241,H-04-11,616.0,688.0,1.0,12
1242,H-04-12,600.0,688.0,1.0,12
1242,H-04-11,616.0,688.0,1.0,12
1243,H-04-12,600.0,688.0,1.0,12
1243,H-04-11,616.0,688.0,1.0,12
1244,H-04-12,600.0,688.0,1.0,12
1244,H-04-11,616.0,688.0,1.0,12
1245,H-04-12,600.0,688.0,1.0,12
1245,H-04-11,616.0,688.0,1.0,12
1246,H-04-12,600.0,688.0,1.0,12
1246,H-04-11,616.0,688.0,1.0,12
1247,H-04-12,600.0,688.0,1.0,12
1247,H-04-11,616.0,688.0,1.0,12
1248,H-04-12,600.0,688.0,1.0,12
1248,H-04-11,616.0,688.0,1.0,12
1249,H-04-12,600.0,688.0,1.0,12
1249,H-04-11,616.0,688.0,1.0,12
1250,H-04-12,600.0,688.0,1.0,12
1250,H-04-11,616.0,688.0,1.0,12
1251,H-04-12,600.0,688.0,1.0,12
1251,H-04-11,616.0,688.0,1.0,12
1252,H-04-12,600.0,688.0,1.0,12
1252,H-04-11,616.0,688.0,1.0,12
1253,H-04-12,600.0,688.0,1.0,12
1253,H-04-23,584.0,688.0,2.0,12
1254,H-04-12,600.0,688.0,1.0,12
1254,H-04-23,584.0,688.0,2.0,12
1255,H-04-12,600.0,688.0,1.0,12
1255,H-04-23,584.0,688.0,2.0,12
1256,H-04-12,600.0,688.0,1.0,12
1256,H-04-23,584.0,688.0,2.0,12
1257,H-04-12,600.0,688.0,1.0,12
1257,H-04-23,584.0,688.0,2.0,12
1258,H-04-12,600.0,688.0,1.0,12
1258,H-04-23,584.0,688.0,2.0,12
1259,H-04-12,600.0,688.0,1.0,12
1259,H-04-23,584.0,688.0,2.0,12
1260,H-04-12,600.0,688.0,1.0,7
1260,H-04-23,584.0,688.0,2.0,12
1260,H-06-21,566.0,688.0,2.0,6
1261,H-02-13,634.0,688.0,1.0,12
1261,H-02-23,634.0,688.0,2.0,12
1262,H-02-13,634.0,688.0,1.0,12
1262,H-02-23,634.0,688.0,2.0,12
1263,H-02-13,634.0,688.0,1.0,12
1263,H-02-23,634.0,688.0,2.0,12
1264,H-02-13,634.0,688.0,1.0,12
1264,H-02-23,634.0,688.0,2.0,10
1264,H-02-22,650.0,688.0,2.0,3
1265,H-02-13,634.0,688.0,1.0,12
1265,H-02-12,650.0,688.0,1.0,12
1266,H-02-13,634.0,688.0,1.0,7
1266,H-02-12,650.0,688.0,1.0,12
1266,H-02-22,650.0,688.0,2.0,6
1267,H-02-12,650.0,688.0,1.0,12
1267,H-02-22,650.0,688.0,2.0,5
1267,H-02-21,666.0,688.0,2.0,8
1268,H-02-12,650.0,688.0,1.0,12
1268,H-02-11,666.0,688.0,1.0,12
1269,H-02-12,650.0,688.0,1.0,7
1269,H-02-11,666.0,688.0,1.0,12
1269,H-02-21,666.0,688.0,2.0,6
1270,H-02-11,666.0,688.0,1.0,1
1270,H-02-21,666.0,688.0,2.0,12
1270,I-01-21,666.0,720.0,2.0,12
1271,J-23-13,86.0,720.0,1.0,1
1271,J-23-23,86.0,720.0,2.0,12
1271,J-23-22,102.0,720.0,2.0,12
1272,J-23-12,102.0,720.0,1.0,12
1272,J-23-22,102.0,720.0,2.0,12
1273,J-23-12,102.0,720.0,1.0,12
1273,J-23-22,102.0,720.0,2.0,12
1274,J-23-12,102.0,720.0,1.0,12
1274,J-23-22,102.0,720.0,2.0,12
1275,J-23-12,102.0,720.0,1.0,12
1275,J-23-22,102.0,720.0,2.0,12
1276,J-23-12,102.0,720.0,1.0,12
1276,J-23-22,102.0,720.0,2.0,12
1277,J-23-12,102.0,720.0,1.0,12
1277,J-23-22,102.0,720.0,2.0,12
1278,J-23-12,102.0,720.0,1.0,12
1278,J-23-22,102.0,720.0,2.0,12
1279,J-23-12,102.0,720.0,1.0,12
1279,J-23-22,102.0,720.0,2.0,12
1280,J-23-12,102.0,720.0,1.0,12
1280,J-23-22,102.0,720.0,2.0,12
1281,J-23-12,102.0,720.0,1.0,12
1281,J-23-22,102.0,720.0,2.0,12
1282,J-23-12,102.0,720.0,1.0,12
1282,J-23-22,102.0,720.0,2.0,12
1283,J-23-12,102.0,720.0,1.0,12
1283,J-23-22,102.0,720.0,2.0,12
1284,J-23-12,102.0,720.0,1.0,12
1284,J-23-22,102.0,720.0,2.0,12
1285,J-23-12,102.0,720.0,1.0,12
1285,J-23-22,102.0,720.0,2.0,12
1286,J-23-12,102.0,720.0,1.0,12
1286,J-23-22,102.0,720.0,2.0,12
1287,J-23-12,102.0,720.0,1.0,12
1287,J-23-22,102.0,720.0,2.0,12
1288,J-23-12,102.0,720.0,1.0,12
1288,J-23-22,102.0,720.0,2.0,12
1289,J-23-12,102.0,720.0,1.0,12
1289,J-23-22,102.0,720.0,2.0,12
1290,J-23-12,102.0,720.0,1.0,12
1290,J-23-22,102.0,720.0,2.0,12
1291,J-23-12,102.0,720.0,1.0,12
1291,J-23-22,102.0,720.0,2.0,12
1292,J-23-12,102.0,720.0,1.0,12
1292,J-23-22,102.0,720.0,2.0,12
1293,J-23-12,102.0,720.0,1.0,12
1293,J-23-22,102.0,720.0,2.0,12
1294,J-23-12,102.0,720.0,1.0,6
1294,J-23-22,102.0,720.0,2.0,12
1294,J-23-23,86.0,720.0,2.0,7
1295,J-23-11,118.0,720.0,1.0,12
1295,J-23-21,118.0,720.0,2.0,12
1296,J-23-11,118.0,720.0,1.0,12
1296,J-23-21,118.0,720.0,2.0,12
1297,J-23-11,118.0,720.0,1.0,12
1297,J-23-21,118.0,720.0,2.0,12
1298,J-23-11,118.0,720.0,1.0,12
1298,J-23-21,118.0,720.0,2.0,12
1299,J-23-11,118.0,720.0,1.0,12
1299,J-23-21,118.0,720.0,2.0,12
1300,J-23-11,118.0,720.0,1.0,12
1300,J-23-21,118.0,720.0,2.0,12
1301,J-23-11,118.0,720.0,1.0,12
1301,J-23-21,118.0,720.0,2.0,12
1302,J-23-11,118.0,720.0,1.0,9
1302,J-23-21,118.0,720.0,2.0,12
1302,J-23-22,102.0,720.0,2.0,4
1303,J-21-13,136.0,720.0,1.0,12
1303,J-21-23,136.0,720.0,2.0,12
1304,J-21-13,136.0,720.0,1.0,12
1304,J-21-23,136.0,720.0,2.0,12
1305,J-21-13,136.0,720.0,1.0,12
1305,J-21-23,136.0,720.0,2.0,12
1306,J-21-13,136.0,720.0,1.0,12
1306,J-21-23,136.0,720.0,2.0,12
1307,J-21-13,136.0,720.0,1.0,12
1307,J-21-23,136.0,720.0,2.0,12
1308,J-21-13,136.0,720.0,1.0,12
1308,J-21-23,136.0,720.0,2.0,12
1309,J-21-13,136.0,720.0,1.0,12
1309,J-21-23,136.0,720.0,2.0,12
1310,J-21-13,136.0,720.0,1.0,12
1310,J-21-23,136.0,720.0,2.0,12
1311,J-21-13,136.0,720.0,1.0,12
1311,J-21-23,136.0,720.0,2.0,12
1312,J-21-13,136.0,720.0,1.0,2
1312,J-21-23,136.0,720.0,2.0,12
1312,J-21-22,152.0,720.0,2.0,11
1313,J-21-12,152.0,720.0,1.0,12
1313,J-21-22,152.0,720.0,2.0,12
1314,J-21-12,152.0,720.0,1.0,12
1314,J-21-22,152.0,720.0,2.0,12
1315,J-21-12,152.0,720.0,1.0,12
1315,J-21-22,152.0,720.0,2.0,12
1316,J-21-12,152.0,720.0,1.0,12
1316,J-21-22,152.0,720.0,2.0,12
1317,J-21-12,152.0,720.0,1.0,12
1317,J-21-22,152.0,720.0,2.0,12
1318,J-21-12,152.0,720.0,1.0,12
1318,J-21-22,152.0,720.0,2.0,12
1319,J-21-12,152.0,720.0,1.0,12
1319,J-21-22,152.0,720.0,2.0,12
1320,J-21-12,152.0,720.0,1.0,9
1320,J-21-22,152.0,720.0,2.0,12
1320,J-21-23,136.0,720.0,2.0,4
1321,J-21-11,168.0,720.0,1.0,12
1321,J-21-21,168.0,720.0,2.0,12
1322,J-21-11,168.0,720.0,1.0,12
1322,J-21-21,168.0,720.0,2.0,12
1323,J-21-11,168.0,720.0,1.0,12
1323,J-21-21,168.0,720.0,2.0,12
1324,J-21-11,168.0,720.0,1.0,12
1324,J-21-21,168.0,720.0,2.0,12
1325,J-21-11,168.0,720.0,1.0,12
1325,J-21-21,168.0,720.0,2.0,12
1326,J-21-11,168.0,720.0,1.0,12
1326,J-21-21,168.0,720.0,2.0,12
1327,J-21-11,168.0,720.0,1.0,12
1327,J-21-21,168.0,720.0,2.0,12
1328,J-21-11,168.0,720.0,1.0,12
1328,J-21-21,168.0,720.0,2.0,12
1329,J-21-11,168.0,720.0,1.0,12
1329,J-21-21,168.0,720.0,2.0,12
1330,J-21-11,168.0,720.0,1.0,12
1330,J-21-21,168.0,720.0,2.0,12
1331,J-21-11,168.0,720.0,1.0,10
1331,J-21-21,168.0,720.0,2.0,12
1331,J-21-22,152.0,720.0,2.0,3
1332,J-19-13,186.0,720.0,1.0,12
1332,J-19-23,186.0,720.0,2.0,12
1333,J-19-13,186.0,720.0,1.0,12
1333,J-19-23,186.0,720.0,2.0,12
1334,J-19-13,186.0,720.0,1.0,12
1334,J-19-23,186.0,720.0,2.0,12
1335,J-19-13,186.0,720.0,1.0,12
1335,J-19-23,186.0,720.0,2.0,12
1336,J-19-13,186.0,720.0,1.0,10
1336,J-19-23,186.0,720.0,2.0,12
1336,J-19-22,202.0,720.0,2.0,3
1337,J-19-12,202.0,720.0,1.0,12
1337,J-19-22,202.0,720.0,2.0,12
1338,J-19-12,202.0,720.0,1.0,12
1338,J-19-22,202.0,720.0,2.0,12
1339,J-19-12,202.0,720.0,1.0,12
1339,J-19-22,202.0,720.0,2.0,12
1340,J-19-12,202.0,720.0,1.0,1
1340,J-19-22,202.0,720.0,2.0,12
1340,J-19-23,186.0,720.0,2.0,12
1341,J-19-11,218.0,720.0,1.0,12
1341,J-19-21,218.0,720.0,2.0,12
1342,J-19-11,218.0,720.0,1.0,12
1342,J-19-21,218.0,720.0,2.0,12
1343,J-19-11,218.0,720.0,1.0,12
1343,J-19-21,218.0,720.0,2.0,12
1344,J-19-11,218.0,720.0,1.0,12
1344,J-19-21,218.0,720.0,2.0,12
1345,J-19-11,218.0,720.0,1.0,12
1345,J-19-21,218.0,720.0,2.0,12
1346,J-19-11,218.0,720.0,1.0,12
1346,J-19-21,218.0,720.0,2.0,6
1346,J-19-22,202.0,720.0,2.0,7
1347,J-19-11,218.0,720.0,1.0,12
1347,J-19-22,202.0,720.0,2.0,12
1348,J-19-11,218.0,720.0,1.0,12
1348,J-19-22,202.0,720.0,2.0,12
1349,J-19-11,218.0,720.0,1.0,12
1349,J-19-22,202.0,720.0,2.0,12
1350,J-19-11,218.0,720.0,1.0,12
1350,J-19-22,202.0,720.0,2.0,12
1351,J-19-11,218.0,720.0,1.0,12
1351,J-19-22,202.0,720.0,2.0,4
1351,J-19-23,186.0,720.0,2.0,9
1352,J-19-11,218.0,720.0,1.0,11
1352,J-17-13,236.0,720.0,1.0,12
1352,J-17-23,236.0,720.0,2.0,2
1353,J-17-13,236.0,720.0,1.0,12
1353,J-17-23,236.0,720.0,2.0,12
1354,J-17-13,236.0,720.0,1.0,12
1354,J-17-23,236.0,720.0,2.0,12
1355,J-17-13,236.0,720.0,1.0,12
1355,J-17-23,236.0,720.0,2.0,12
1356,J-17-13,236.0,720.0,1.0,12
1356,J-17-23,236.0,720.0,2.0,12
1357,J-17-13,236.0,720.0,1.0,12
1357,J-17-23,236.0,720.0,2.0,12
1358,J-17-13,236.0,720.0,1.0,12
1358,J-17-23,236.0,720.0,2.0,12
1359,J-17-13,236.0,720.0,1.0,12
1359,J-17-23,236.0,720.0,2.0,12
1360,J-17-13,236.0,720.0,1.0,12
1360,J-17-23,236.0,720.0,2.0,12
1361,J-17-13,236.0,720.0,1.0,12
1361,J-17-23,236.0,720.0,2.0,12
1362,J-17-13,236.0,720.0,1.0,12
1362,J-17-23,236.0,720.0,2.0,12
1363,J-17-13,236.0,720.0,1.0,12
1363,J-17-23,236.0,720.0,2.0,12
1364,J-17-13,236.0,720.0,1.0,12
1364,J-17-23,236.0,720.0,2.0,12
1365,J-17-13,236.0,720.0,1.0,12
1365,J-17-23,236.0,720.0,2.0,12
1366,J-17-13,236.0,720.0,1.0,12
1366,J-17-23,236.0,720.0,2.0,12
1367,J-17-13,236.0,720.0,1.0,12
1367,J-17-23,236.0,720.0,2.0,12
1368,J-17-13,236.0,720.0,1.0,12
1368,J-17-23,236.0,720.0,2.0,12
1369,J-17-13,236.0,720.0,1.0,12
1369,J-17-23,236.0,720.0,2.0,12
1370,J-17-13,236.0,720.0,1.0,12
1370,J-17-23,236.0,720.0,2.0,12
1371,J-17-13,236.0,720.0,1.0,12
1371,J-17-23,236.0,720.0,2.0,12
1372,J-17-13,236.0,720.0,1.0,12
1372,J-17-23,236.0,720.0,2.0,12
1373,J-17-13,236.0,720.0,1.0,12
1373,J-17-23,236.0,720.0,2.0,12
1374,J-17-13,236.0,720.0,1.0,12
1374,J-17-23,236.0,720.0,2.0,12
1375,J-17-13,236.0,720.0,1.0,12
1375,J-17-23,236.0,720.0,2.0,12
1376,J-17-13,236.0,720.0,1.0,2
1376,J-17-23,236.0,720.0,2.0,12
1376,J-17-22,252.0,720.0,2.0,11
1377,J-17-12,252.0,720.0,1.0,12
1377,J-17-22,252.0,720.0,2.0,12
1378,J-17-12,252.0,720.0,1.0,12
1378,J-17-22,252.0,720.0,2.0,12
1379,J-17-12,252.0,720.0,1.0,12
1379,J-17-22,252.0,720.0,2.0,12
1380,J-17-12,252.0,720.0,1.0,12
1380,J-17-22,252.0,720.0,2.0,12
1381,J-17-12,252.0,720.0,1.0,12
1381,J-17-22,252.0,720.0,2.0,12
1382,J-17-12,252.0,720.0,1.0,12
1382,J-17-22,252.0,720.0,2.0,12
1383,J-17-12,252.0,720.0,1.0,12
1383,J-17-22,252.0,720.0,2.0,12
1384,J-17-12,252.0,720.0,1.0,12
1384,J-17-22,252.0,720.0,2.0,12
1385,J-17-12,252.0,720.0,1.0,12
1385,J-17-22,252.0,720.0,2.0,12
1386,J-17-12,252.0,720.0,1.0,12
1386,J-17-22,252.0,720.0,2.0,12
1387,J-17-12,252.0,720.0,1.0,12
1387,J-17-22,252.0,720.0,2.0,12
1388,J-17-12,252.0,720.0,1.0,6
1388,J-17-22,252.0,720.0,2.0,12
1388,J-17-23,236.0,720.0,2.0,7
1389,J-17-11,268.0,720.0,1.0,12
1389,J-17-21,268.0,720.0,2.0,12
1390,J-17-11,268.0,720.0,1.0,12
1390,J-17-21,268.0,720.0,2.0,12
1391,J-17-11,268.0,720.0,1.0,12
1391,J-17-21,268.0,720.0,2.0,12
1392,J-17-11,268.0,720.0,1.0,12
1392,J-17-21,268.0,720.0,2.0,12
1393,J-17-11,268.0,720.0,1.0,12
1393,J-17-21,268.0,720.0,2.0,12
1394,J-17-11,268.0,720.0,1.0,12
1394,J-17-21,268.0,720.0,2.0,12
1395,J-17-11,268.0,720.0,1.0,12
1395,J-17-21,268.0,720.0,2.0,12
1396,J-17-11,268.0,720.0,1.0,12
1396,J-17-21,268.0,720.0,2.0,12
1397,J-17-11,268.0,720.0,1.0,12
1397,J-17-21,268.0,720.0,2.0,12
1398,J-17-11,268.0,720.0,1.0,12
1398,J-17-21,268.0,720.0,2.0,12
1399,J-17-11,268.0,720.0,1.0,12
1399,J-17-21,268.0,720.0,2.0,12
1400,J-17-11,268.0,720.0,1.0,12
1400,J-17-21,268.0,720.0,2.0,12
1401,J-17-11,268.0,720.0,1.0,12
1401,J-17-21,268.0,720.0,2.0,12
1402,J-17-11,268.0,720.0,1.0,12
1402,J-17-21,268.0,720.0,2.0,12
1403,J-17-11,268.0,720.0,1.0,12
1403,J-17-21,268.0,720.0,2.0,12
1404,J-17-11,268.0,720.0,1.0,12
1404,J-17-21,268.0,720.0,2.0,12
1405,J-17-11,268.0,720.0,1.0,12
1405,J-17-21,268.0,720.0,2.0,12
1406,J-17-11,268.0,720.0,1.0,12
1406,J-17-21,268.0,720.0,2.0,12
1407,J-17-11,268.0,720.0,1.0,12
1407,J-17-21,268.0,720.0,2.0,12
1408,J-17-11,268.0,720.0,1.0,12
1408,J-17-21,268.0,720.0,2.0,12
1409,J-17-11,268.0,720.0,1.0,12
1409,J-17-21,268.0,720.0,2.0,12
1410,J-17-11,268.0,720.0,1.0,12
1410,J-17-21,268.0,720.0,2.0,12
1411,J-17-11,268.0,720.0,1.0,12
1411,J-17-21,268.0,720.0,2.0,12
1412,J-17-11,268.0,720.0,1.0,12
1412,J-17-21,268.0,720.0,2.0,12
1413,J-17-11,268.0,720.0,1.0,8
1413,J-17-21,268.0,720.0,2.0,12
1413,J-17-22,252.0,720.0,2.0,5
1414,J-15-13,286.0,720.0,1.0,12
1414,J-15-23,286.0,720.0,2.0,12
1415,J-15-13,286.0,720.0,1.0,12
1415,J-15-23,286.0,720.0,2.0,12
1416,J-15-13,286.0,720.0,1.0,12
1416,J-15-23,286.0,720.0,2.0,12
1417,J-15-13,286.0,720.0,1.0,12
1417,J-15-23,286.0,720.0,2.0,12
1418,J-15-13,286.0,720.0,1.0,12
1418,J-15-23,286.0,720.0,2.0,12
1419,J-15-13,286.0,720.0,1.0,12
1419,J-15-23,286.0,720.0,2.0,12
1420,J-15-13,286.0,720.0,1.0,12
1420,J-15-23,286.0,720.0,2.0,12
1421,J-15-13,286.0,720.0,1.0,12
1421,J-15-23,286.0,720.0,2.0,12
1422,J-15-13,286.0,720.0,1.0,12
1422,J-15-23,286.0,720.0,2.0,8
1422,J-15-22,302.0,720.0,2.0,5
1423,J-15-13,286.0,720.0,1.0,12
1423,J-15-12,302.0,720.0,1.0,12
1424,J-15-13,286.0,720.0,1.0,12
1424,J-15-12,302.0,720.0,1.0,12
1425,J-15-13,286.0,720.0,1.0,12
1425,J-15-12,302.0,720.0,1.0,12
1426,J-15-13,286.0,720.0,1.0,12
1426,J-15-12,302.0,720.0,1.0,12
1427,J-15-13,286.0,720.0,1.0,12
1427,J-15-12,302.0,720.0,1.0,12
1428,J-15-13,286.0,720.0,1.0,12
1428,J-15-12,302.0,720.0,1.0,12
1429,J-15-13,286.0,720.0,1.0,12
1429,J-15-12,302.0,720.0,1.0,12
1430,J-15-12,302.0,720.0,1.0,12
1430,J-15-22,302.0,720.0,2.0,12
1431,J-15-12,302.0,720.0,1.0,12
1431,J-15-22,302.0,720.0,2.0,12
1432,J-15-12,302.0,720.0,1.0,12
1432,J-15-22,302.0,720.0,2.0,12
1433,J-15-12,302.0,720.0,1.0,12
1433,J-15-22,302.0,720.0,2.0,12
1434,J-15-12,302.0,720.0,1.0,12
1434,J-15-22,302.0,720.0,2.0,12
1435,J-15-12,302.0,720.0,1.0,12
1435,J-15-22,302.0,720.0,2.0,12
1436,J-15-12,302.0,720.0,1.0,12
1436,J-15-22,302.0,720.0,2.0,12
1437,J-15-12,302.0,720.0,1.0,12
1437,J-15-22,302.0,720.0,2.0,12
1438,J-15-12,302.0,720.0,1.0,12
1438,J-15-22,302.0,720.0,2.0,12
1439,J-15-12,302.0,720.0,1.0,12
1439,J-15-22,302.0,720.0,2.0,12
1440,J-15-12,302.0,720.0,1.0,12
1440,J-15-22,302.0,720.0,2.0,12
1441,J-15-12,302.0,720.0,1.0,12
1441,J-15-22,302.0,720.0,2.0,12
1442,J-15-12,302.0,720.0,1.0,12
1442,J-15-22,302.0,720.0,2.0,12
1443,J-15-12,302.0,720.0,1.0,12
1443,J-15-22,302.0,720.0,2.0,12
1444,J-15-12,302.0,720.0,1.0,12
1444,J-15-22,302.0,720.0,2.0,12
1445,J-15-12,302.0,720.0,1.0,12
1445,J-15-22,302.0,720.0,2.0,12
1446,J-15-12,302.0,720.0,1.0,12
1446,J-15-22,302.0,720.0,2.0,12
1447,J-15-12,302.0,720.0,1.0,12
1447,J-15-22,302.0,720.0,2.0,12
1448,J-15-12,302.0,720.0,1.0,12
1448,J-15-22,302.0,720.0,2.0,12
1449,J-15-12,302.0,720.0,1.0,12
1449,J-15-22,302.0,720.0,2.0,12
1450,J-15-12,302.0,720.0,1.0,12
1450,J-15-22,302.0,720.0,2.0,12
1451,J-15-12,302.0,720.0,1.0,1
1451,J-15-22,302.0,720.0,2.0,12
1451,J-15-21,318.0,720.0,2.0,12
1452,J-15-11,318.0,720.0,1.0,12
1452,J-15-21,318.0,720.0,2.0,12
1453,J-15-11,318.0,720.0,1.0,12
1453,J-15-21,318.0,720.0,2.0,12
1454,J-15-11,318.0,720.0,1.0,12
1454,J-15-21,318.0,720.0,2.0,12
1455,J-15-11,318.0,720.0,1.0,12
1455,J-15-21,318.0,720.0,2.0,12
1456,J-15-11,318.0,720.0,1.0,12
1456,J-15-21,318.0,720.0,2.0,12
1457,J-15-11,318.0,720.0,1.0,12
1457,J-15-21,318.0,720.0,2.0,12
1458,J-15-11,318.0,720.0,1.0,12
1458,J-15-21,318.0,720.0,2.0,12
1459,J-15-11,318.0,720.0,1.0,12
1459,J-15-21,318.0,720.0,2.0,8
1459,J-15-22,302.0,720.0,2.0,5
1460,J-15-11,318.0,720.0,1.0,12
1460,J-15-22,302.0,720.0,2.0,12
1461,J-15-11,318.0,720.0,1.0,1
1461,J-15-22,302.0,720.0,2.0,3
1461,J-17-21,268.0,720.0,2.0,8
1461,J-17-22,252.0,720.0,2.0,4
1461,J-17-23,236.0,720.0,2.0,9
1462,J-13-13,336.0,720.0,1.0,12
1462,J-13-23,336.0,720.0,2.0,12
1463,J-13-13,336.0,720.0,1.0,12
1463,J-13-23,336.0,720.0,2.0,12
1464,J-13-13,336.0,720.0,1.0,12
1464,J-13-23,336.0,720.0,2.0,12
1465,J-13-13,336.0,720.0,1.0,12
1465,J-13-23,336.0,720.0,2.0,12
1466,J-13-13,336.0,720.0,1.0,12
1466,J-13-23,336.0,720.0,2.0,12
1467,J-13-13,336.0,720.0,1.0,12
1467,J-13-23,336.0,720.0,2.0,12
1468,J-13-13,336.0,720.0,1.0,12
1468,J-13-23,336.0,720.0,2.0,12
1469,J-13-13,336.0,720.0,1.0,12
1469,J-13-23,336.0,720.0,2.0,12
1470,J-13-13,336.0,720.0,1.0,12
1470,J-13-23,336.0,720.0,2.0,12
1471,J-13-13,336.0,720.0,1.0,12
1471,J-13-23,336.0,720.0,2.0,12
1472,J-13-13,336.0,720.0,1.0,12
1472,J-13-23,336.0,720.0,2.0,11
1472,J-13-22,352.0,720.0,2.0,2
1473,J-13-13,336.0,720.0,1.0,12
1473,J-13-12,352.0,720.0,1.0,1
1473,J-13-22,352.0,720.0,2.0,12
1474,J-13-13,336.0,720.0,1.0,12
1474,J-13-22,352.0,720.0,2.0,12
1475,J-13-13,336.0,720.0,1.0,12
1475,J-13-22,352.0,720.0,2.0,12
1476,J-13-13,336.0,720.0,1.0,12
1476,J-13-22,352.0,720.0,2.0,12
1477,J-13-13,336.0,720.0,1.0,12
1477,J-13-22,352.0,720.0,2.0,12
1478,J-13-13,336.0,720.0,1.0,12
1478,J-13-22,352.0,720.0,2.0,12
1479,J-13-13,336.0,720.0,1.0,12
1479,J-13-22,352.0,720.0,2.0,12
1480,J-13-13,336.0,720.0,1.0,12
1480,J-13-22,352.0,720.0,2.0,12
1481,J-13-13,336.0,720.0,1.0,9
1481,J-13-22,352.0,720.0,2.0,11
1481,J-13-21,368.0,720.0,2.0,5
1482,J-13-11,368.0,720.0,1.0,12
1482,J-13-21,368.0,720.0,2.0,12
1483,J-13-11,368.0,720.0,1.0,12
1483,J-13-21,368.0,720.0,2.0,12
1484,J-13-11,368.0,720.0,1.0,12
1484,J-13-21,368.0,720.0,2.0,12
1485,J-13-11,368.0,720.0,1.0,12
1485,J-13-21,368.0,720.0,2.0,12
1486,J-13-11,368.0,720.0,1.0,12
1486,J-13-21,368.0,720.0,2.0,12
1487,J-13-11,368.0,720.0,1.0,12
1487,J-13-21,368.0,720.0,2.0,12
1488,J-13-11,368.0,720.0,1.0,12
1488,J-13-21,368.0,720.0,2.0,12
1489,J-13-11,368.0,720.0,1.0,12
1489,J-13-21,368.0,720.0,2.0,12
1490,J-13-11,368.0,720.0,1.0,12
1490,J-13-21,368.0,720.0,2.0,1
1490,I-14-21,368.0,688.0,2.0,12
1491,J-13-11,368.0,720.0,1.0,3
1491,I-14-21,368.0,688.0,2.0,12
1491,I-14-23,336.0,688.0,2.0,10
1492,I-09-13,434.0,720.0,1.0,12
1492,I-09-23,434.0,720.0,2.0,12
1493,I-09-13,434.0,720.0,1.0,12
1493,I-09-23,434.0,720.0,2.0,12
1494,I-09-13,434.0,720.0,1.0,12
1494,I-09-23,434.0,720.0,2.0,12
1495,I-09-13,434.0,720.0,1.0,12
1495,I-09-23,434.0,720.0,2.0,12
1496,I-09-13,434.0,720.0,1.0,12
1496,I-09-23,434.0,720.0,2.0,12
1497,I-09-13,434.0,720.0,1.0,12
1497,I-09-23,434.0,720.0,2.0,12
1498,I-09-13,434.0,720.0,1.0,12
1498,I-09-23,434.0,720.0,2.0,12
1499,I-09-13,434.0,720.0,1.0,12
1499,I-09-23,434.0,720.0,2.0,12
1500,I-09-13,434.0,720.0,1.0,9
1500,I-09-23,434.0,720.0,2.0,12
1500,I-09-22,450.0,720.0,2.0,4
1501,I-09-12,450.0,720.0,1.0,12
1501,I-09-22,450.0,720.0,2.0,12
1502,I-09-12,450.0,720.0,1.0,12
1502,I-09-22,450.0,720.0,2.0,12
1503,I-09-12,450.0,720.0,1.0,12
1503,I-09-22,450.0,720.0,2.0,12
1504,I-09-12,450.0,720.0,1.0,12
1504,I-09-22,450.0,720.0,2.0,12
1505,I-09-12,450.0,720.0,1.0,12
1505,I-09-22,450.0,720.0,2.0,12
1506,I-09-12,450.0,720.0,1.0,12
1506,I-09-22,450.0,720.0,2.0,12
1507,I-09-12,450.0,720.0,1.0,12
1507,I-09-22,450.0,720.0,2.0,12
1508,I-09-12,450.0,720.0,1.0,12
1508,I-09-22,450.0,720.0,2.0,12
1509,I-09-12,450.0,720.0,1.0,12
1509,I-09-22,450.0,720.0,2.0,12
1510,I-09-12,450.0,720.0,1.0,12
1510,I-09-22,450.0,720.0,2.0,12
1511,I-09-12,450.0,720.0,1.0,12
1511,I-09-22,450.0,720.0,2.0,12
1512,I-09-12,450.0,720.0,1.0,12
1512,I-09-22,450.0,720.0,2.0,12
1513,I-09-12,450.0,720.0,1.0,12
1513,I-09-22,450.0,720.0,2.0,12
1514,I-09-12,450.0,720.0,1.0,12
1514,I-09-22,450.0,720.0,2.0,12
1515,I-09-12,450.0,720.0,1.0,12
1515,I-09-22,450.0,720.0,2.0,12
1516,I-09-12,450.0,720.0,1.0,12
1516,I-09-22,450.0,720.0,2.0,5
1516,I-09-23,434.0,720.0,2.0,8
1517,I-09-12,450.0,720.0,1.0,12
1517,I-09-11,466.0,720.0,1.0,12
1518,I-09-12,450.0,720.0,1.0,12
1518,I-09-11,466.0,720.0,1.0,12
1519,I-09-12,450.0,720.0,1.0,12
1519,I-09-11,466.0,720.0,1.0,12
1520,I-09-12,450.0,720.0,1.0,12
1520,I-09-11,466.0,720.0,1.0,12
1521,I-09-12,450.0,720.0,1.0,12
1521,I-09-11,466.0,720.0,1.0,12
1522,I-09-12,450.0,720.0,1.0,12
1522,I-09-11,466.0,720.0,1.0,12
1523,I-09-12,450.0,720.0,1.0,12
1523,I-09-11,466.0,720.0,1.0,12
1524,I-09-12,450.0,720.0,1.0,12
1524,I-09-11,466.0,720.0,1.0,12
1525,I-09-12,450.0,720.0,1.0,12
1525,I-09-11,466.0,720.0,1.0,12
1526,I-09-12,450.0,720.0,1.0,12
1526,I-09-11,466.0,720.0,1.0,12
1527,I-09-12,450.0,720.0,1.0,12
1527,I-09-11,466.0,720.0,1.0,12
1528,I-09-12,450.0,720.0,1.0,12
1528,I-09-11,466.0,720.0,1.0,12
1529,I-09-12,450.0,720.0,1.0,12
1529,I-09-11,466.0,720.0,1.0,12
1530,I-09-12,450.0,720.0,1.0,12
1530,I-09-11,466.0,720.0,1.0,12
1531,I-09-12,450.0,720.0,1.0,12
1531,I-09-11,466.0,720.0,1.0,12
1532,I-09-12,450.0,720.0,1.0,12
1532,I-09-11,466.0,720.0,1.0,12
1533,I-09-12,450.0,720.0,1.0,12
1533,I-09-11,466.0,720.0,1.0,12
1534,I-09-12,450.0,720.0,1.0,12
1534,I-09-11,466.0,720.0,1.0,12
1535,I-09-12,450.0,720.0,1.0,12
1535,I-09-11,466.0,720.0,1.0,12
1536,I-09-12,450.0,720.0,1.0,12
1536,I-09-11,466.0,720.0,1.0,12
1537,I-09-12,450.0,720.0,1.0,12
1537,I-09-11,466.0,720.0,1.0,12
1538,I-09-12,450.0,720.0,1.0,12
1538,I-09-11,466.0,720.0,1.0,12
1539,I-09-12,450.0,720.0,1.0,12
1539,I-09-11,466.0,720.0,1.0,12
1540,I-09-12,450.0,720.0,1.0,12
1540,I-09-11,466.0,720.0,1.0,12
1541,I-09-12,450.0,720.0,1.0,12
1541,I-09-11,466.0,720.0,1.0,12
1542,I-09-12,450.0,720.0,1.0,12
1542,I-09-11,466.0,720.0,1.0,12
1543,I-09-12,450.0,720.0,1.0,12
1543,I-09-11,466.0,720.0,1.0,12
1544,I-09-12,450.0,720.0,1.0,12
1544,I-09-11,466.0,720.0,1.0,12
1545,I-09-12,450.0,720.0,1.0,12
1545,I-09-11,466.0,720.0,1.0,12
1546,I-09-12,450.0,720.0,1.0,12
1546,I-09-11,466.0,720.0,1.0,12
1547,I-09-12,450.0,720.0,1.0,12
1547,I-09-11,466.0,720.0,1.0,12
1548,I-09-12,450.0,720.0,1.0,12
1548,I-09-11,466.0,720.0,1.0,12
1549,I-09-12,450.0,720.0,1.0,12
1549,I-09-11,466.0,720.0,1.0,12
1550,I-09-12,450.0,720.0,1.0,12
1550,I-09-11,466.0,720.0,1.0,12
1551,I-09-11,466.0,720.0,1.0,12
1551,I-09-21,466.0,720.0,2.0,12
1552,I-09-11,466.0,720.0,1.0,12
1552,I-09-21,466.0,720.0,2.0,12
1553,I-09-11,466.0,720.0,1.0,12
1553,I-09-21,466.0,720.0,2.0,12
1554,I-09-11,466.0,720.0,1.0,2
1554,I-09-21,466.0,720.0,2.0,12
1554,I-07-23,484.0,720.0,2.0,11
1555,I-07-13,484.0,720.0,1.0,12
1555,I-07-23,484.0,720.0,2.0,12
1556,I-07-13,484.0,720.0,1.0,12
1556,I-07-23,484.0,720.0,2.0,12
1557,I-07-13,484.0,720.0,1.0,12
1557,I-07-23,484.0,720.0,2.0,12
1558,I-07-13,484.0,720.0,1.0,12
1558,I-07-23,484.0,720.0,2.0,12
1559,I-07-13,484.0,720.0,1.0,12
1559,I-07-23,484.0,720.0,2.0,12
1560,I-07-13,484.0,720.0,1.0,12
1560,I-07-23,484.0,720.0,2.0,12
1561,I-07-13,484.0,720.0,1.0,12
1561,I-07-23,484.0,720.0,2.0,12
1562,I-07-13,484.0,720.0,1.0,12
1562,I-07-23,484.0,720.0,2.0,12
1563,I-07-13,484.0,720.0,1.0,12
1563,I-07-23,484.0,720.0,2.0,12
1564,I-07-13,484.0,720.0,1.0,12
1564,I-07-23,484.0,720.0,2.0,12
1565,I-07-13,484.0,720.0,1.0,12
1565,I-07-23,484.0,720.0,2.0,12
1566,I-07-13,484.0,720.0,1.0,12
1566,I-07-23,484.0,720.0,2.0,12
1567,I-07-13,484.0,720.0,1.0,12
1567,I-07-23,484.0,720.0,2.0,12
1568,I-07-13,484.0,720.0,1.0,12
1568,I-07-23,484.0,720.0,2.0,12
1569,I-07-13,484.0,720.0,1.0,12
1569,I-07-23,484.0,720.0,2.0,12
1570,I-07-13,484.0,720.0,1.0,12
1570,I-07-23,484.0,720.0,2.0,12
1571,I-07-13,484.0,720.0,1.0,12
1571,I-07-23,484.0,720.0,2.0,12
1572,I-07-13,484.0,720.0,1.0,12
1572,I-07-23,484.0,720.0,2.0,12
1573,I-07-13,484.0,720.0,1.0,12
1573,I-07-23,484.0,720.0,2.0,12
1574,I-07-13,484.0,720.0,1.0,12
1574,I-07-23,484.0,720.0,2.0,12
1575,I-07-13,484.0,720.0,1.0,12
1575,I-07-23,484.0,720.0,2.0,12
1576,I-07-13,484.0,720.0,1.0,12
1576,I-07-23,484.0,720.0,2.0,12
1577,I-07-13,484.0,720.0,1.0,12
1577,I-07-23,484.0,720.0,2.0,12
1578,I-07-13,484.0,720.0,1.0,12
1578,I-07-23,484.0,720.0,2.0,1
1578,I-07-22,500.0,720.0,2.0,12
1579,I-07-13,484.0,720.0,1.0,12
1579,I-07-12,500.0,720.0,1.0,12
1580,I-07-13,484.0,720.0,1.0,12
1580,I-07-12,500.0,720.0,1.0,12
1581,I-07-13,484.0,720.0,1.0,12
1581,I-07-12,500.0,720.0,1.0,12
1582,I-07-13,484.0,720.0,1.0,12
1582,I-07-12,500.0,720.0,1.0,12
1583,I-07-13,484.0,720.0,1.0,12
1583,I-07-12,500.0,720.0,1.0,12
1584,I-07-13,484.0,720.0,1.0,12
1584,I-07-12,500.0,720.0,1.0,12
1585,I-07-13,484.0,720.0,1.0,12
1585,I-07-12,500.0,720.0,1.0,12
1586,I-07-13,484.0,720.0,1.0,12
1586,I-07-12,500.0,720.0,1.0,12
1587,I-07-13,484.0,720.0,1.0,12
1587,I-07-12,500.0,720.0,1.0,12
1588,I-07-13,484.0,720.0,1.0,12
1588,I-07-12,500.0,720.0,1.0,12
1589,I-07-13,484.0,720.0,1.0,12
1589,I-07-12,500.0,720.0,1.0,12
1590,I-07-13,484.0,720.0,1.0,12
1590,I-07-12,500.0,720.0,1.0,12
1591,I-07-13,484.0,720.0,1.0,12
1591,I-07-12,500.0,720.0,1.0,12
1592,I-07-13,484.0,720.0,1.0,12
1592,I-07-12,500.0,720.0,1.0,12
1593,I-07-13,484.0,720.0,1.0,12
1593,I-07-12,500.0,720.0,1.0,12
1594,I-07-13,484.0,720.0,1.0,12
1594,I-07-12,500.0,720.0,1.0,12
1595,I-07-13,484.0,720.0,1.0,12
1595,I-07-12,500.0,720.0,1.0,12
1596,I-07-13,484.0,720.0,1.0,12
1596,I-07-12,500.0,720.0,1.0,12
1597,I-07-13,484.0,720.0,1.0,12
1597,I-07-12,500.0,720.0,1.0,12
1598,I-07-13,484.0,720.0,1.0,6
1598,I-07-12,500.0,720.0,1.0,12
1598,I-07-22,500.0,720.0,2.0,7
1599,I-07-12,500.0,720.0,1.0,12
1599,I-07-22,500.0,720.0,2.0,12
1600,I-07-12,500.0,720.0,1.0,12
1600,I-07-22,500.0,720.0,2.0,12
1601,I-07-12,500.0,720.0,1.0,12
1601,I-07-22,500.0,720.0,2.0,12
1602,I-07-12,500.0,720.0,1.0,12
1602,I-07-22,500.0,720.0,2.0,12
1603,I-07-12,500.0,720.0,1.0,12
1603,I-07-22,500.0,720.0,2.0,12
1604,I-07-12,500.0,720.0,1.0,12
1604,I-07-22,500.0,720.0,2.0,12
1605,I-07-12,500.0,720.0,1.0,12
1605,I-07-22,500.0,720.0,2.0,12
1606,I-07-12,500.0,720.0,1.0,12
1606,I-07-22,500.0,720.0,2.0,12
1607,I-07-12,500.0,720.0,1.0,12
1607,I-07-22,500.0,720.0,2.0,12
1608,I-07-12,500.0,720.0,1.0,12
1608,I-07-22,500.0,720.0,2.0,12
1609,I-07-12,500.0,720.0,1.0,12
1609,I-07-22,500.0,720.0,2.0,12
1610,I-07-12,500.0,720.0,1.0,12
1610,I-07-22,500.0,720.0,2.0,12
1611,I-07-12,500.0,720.0,1.0,12
1611,I-07-22,500.0,720.0,2.0,12
1612,I-07-12,500.0,720.0,1.0,12
1612,I-07-22,500.0,720.0,2.0,12
1613,I-07-12,500.0,720.0,1.0,12
1613,I-07-22,500.0,720.0,2.0,12
1614,I-07-12,500.0,720.0,1.0,12
1614,I-07-22,500.0,720.0,2.0,12
1615,I-07-12,500.0,720.0,1.0,12
1615,I-07-22,500.0,720.0,2.0,12
1616,I-07-12,500.0,720.0,1.0,12
1616,I-07-22,500.0,720.0,2.0,12
1617,I-07-12,500.0,720.0,1.0,12
1617,I-07-22,500.0,720.0,2.0,12
1618,I-07-12,500.0,720.0,1.0,12
1618,I-07-22,500.0,720.0,2.0,12
1619,I-07-12,500.0,720.0,1.0,12
1619,I-07-22,500.0,720.0,2.0,12
1620,I-07-12,500.0,720.0,1.0,12
1620,I-07-22,500.0,720.0,2.0,12
1621,I-07-12,500.0,720.0,1.0,12
1621,I-07-22,500.0,720.0,2.0,12
1622,I-07-12,500.0,720.0,1.0,12
1622,I-07-22,500.0,720.0,2.0,12
1623,I-07-12,500.0,720.0,1.0,12
1623,I-07-22,500.0,720.0,2.0,12
1624,I-07-12,500.0,720.0,1.0,12
1624,I-07-22,500.0,720.0,2.0,12
1625,I-07-12,500.0,720.0,1.0,12
1625,I-07-22,500.0,720.0,2.0,12
1626,I-07-12,500.0,720.0,1.0,12
1626,I-07-22,500.0,720.0,2.0,12
1627,I-07-12,500.0,720.0,1.0,12
1627,I-07-22,500.0,720.0,2.0,12
1628,I-07-12,500.0,720.0,1.0,12
1628,I-07-22,500.0,720.0,2.0,12
1629,I-07-12,500.0,720.0,1.0,12
1629,I-07-22,500.0,720.0,2.0,12
1630,I-07-12,500.0,720.0,1.0,12
1630,I-07-22,500.0,720.0,2.0,12
1631,I-07-12,500.0,720.0,1.0,12
1631,I-07-22,500.0,720.0,2.0,12
1632,I-07-12,500.0,720.0,1.0,12
1632,I-07-22,500.0,720.0,2.0,12
1633,I-07-12,500.0,720.0,1.0,12
1633,I-07-22,500.0,720.0,2.0,12
1634,I-07-12,500.0,720.0,1.0,11
1634,I-07-22,500.0,720.0,2.0,12
1634,I-07-21,516.0,720.0,2.0,2
1635,I-07-11,516.0,720.0,1.0,12
1635,I-07-21,516.0,720.0,2.0,12
1636,I-07-11,516.0,720.0,1.0,12
1636,I-07-21,516.0,720.0,2.0,12
1637,I-07-11,516.0,720.0,1.0,12
1637,I-07-21,516.0,720.0,2.0,12
1638,I-07-11,516.0,720.0,1.0,12
1638,I-07-21,516.0,720.0,2.0,12
1639,I-07-11,516.0,720.0,1.0,12
1639,I-07-21,516.0,720.0,2.0,12
1640,I-07-11,516.0,720.0,1.0,12
1640,I-07-21,516.0,720.0,2.0,12
1641,I-07-11,516.0,720.0,1.0,12
1641,I-07-21,516.0,720.0,2.0,12
1642,I-07-11,516.0,720.0,1.0,12
1642,I-07-21,516.0,720.0,2.0,12
1643,I-07-11,516.0,720.0,1.0,12
1643,I-07-21,516.0,720.0,2.0,12
1644,I-07-11,516.0,720.0,1.0,12
1644,I-07-21,516.0,720.0,2.0,12
1645,I-07-11,516.0,720.0,1.0,12
1645,I-07-21,516.0,720.0,2.0,12
1646,I-07-11,516.0,720.0,1.0,12
1646,I-07-21,516.0,720.0,2.0,12
1647,I-07-11,516.0,720.0,1.0,12
1647,I-07-21,516.0,720.0,2.0,12
1648,I-07-11,516.0,720.0,1.0,12
1648,I-07-21,516.0,720.0,2.0,12
1649,I-07-11,516.0,720.0,1.0,12
1649,I-07-21,516.0,720.0,2.0,12
1650,I-07-11,516.0,720.0,1.0,12
1650,I-07-21,516.0,720.0,2.0,12
1651,I-07-11,516.0,720.0,1.0,12
1651,I-07-21,516.0,720.0,2.0,12
1652,I-07-11,516.0,720.0,1.0,12
1652,I-07-21,516.0,720.0,2.0,12
1653,I-07-11,516.0,720.0,1.0,12
1653,I-07-21,516.0,720.0,2.0,12
1654,I-07-11,516.0,720.0,1.0,12
1654,I-07-21,516.0,720.0,2.0,12
1655,I-07-11,516.0,720.0,1.0,12
1655,I-07-21,516.0,720.0,2.0,12
1656,I-07-11,516.0,720.0,1.0,12
1656,I-07-21,516.0,720.0,2.0,12
1657,I-07-11,516.0,720.0,1.0,12
1657,I-07-21,516.0,720.0,2.0,12
1658,I-07-11,516.0,720.0,1.0,12
1658,I-07-21,516.0,720.0,2.0,12
1659,I-07-11,516.0,720.0,1.0,12
1659,I-07-21,516.0,720.0,2.0,12
1660,I-07-11,516.0,720.0,1.0,12
1660,I-07-21,516.0,720.0,2.0,12
1661,I-07-11,516.0,720.0,1.0,12
1661,I-07-21,516.0,720.0,2.0,12
1662,I-07-11,516.0,720.0,1.0,12
1662,I-07-21,516.0,720.0,2.0,12
1663,I-07-11,516.0,720.0,1.0,12
1663,I-07-21,516.0,720.0,2.0,12
1664,I-07-11,516.0,720.0,1.0,12
1664,I-07-21,516.0,720.0,2.0,12
1665,I-07-11,516.0,720.0,1.0,12
1665,I-07-21,516.0,720.0,2.0,12
1666,I-07-11,516.0,720.0,1.0,12
1666,I-07-21,516.0,720.0,2.0,12
1667,I-07-11,516.0,720.0,1.0,12
1667,I-07-21,516.0,720.0,2.0,2
1667,I-07-22,500.0,720.0,2.0,11
1668,I-07-11,516.0,720.0,1.0,12
1668,I-07-22,500.0,720.0,2.0,12
1669,I-07-11,516.0,720.0,1.0,12
1669,I-07-22,500.0,720.0,2.0,12
1670,I-07-11,516.0,720.0,1.0,12
1670,I-07-22,500.0,720.0,2.0,12
1671,I-07-11,516.0,720.0,1.0,12
1671,I-07-22,500.0,720.0,2.0,12
1672,I-07-11,516.0,720.0,1.0,12
1672,I-07-22,500.0,720.0,2.0,12
1673,I-07-11,516.0,720.0,1.0,12
1673,I-07-22,500.0,720.0,2.0,12
1674,I-07-11,516.0,720.0,1.0,12
1674,I-07-22,500.0,720.0,2.0,12
1675,I-07-11,516.0,720.0,1.0,12
1675,I-07-22,500.0,720.0,2.0,12
1676,I-07-11,516.0,720.0,1.0,12
1676,I-07-22,500.0,720.0,2.0,12
1677,I-07-11,516.0,720.0,1.0,12
1677,I-07-22,500.0,720.0,2.0,12
1678,I-07-11,516.0,720.0,1.0,12
1678,I-07-22,500.0,720.0,2.0,12
1679,I-07-11,516.0,720.0,1.0,9
1679,I-07-22,500.0,720.0,2.0,1
1679,H-08-22,500.0,688.0,2.0,12
1679,H-08-21,516.0,688.0,2.0,3
1680,I-05-13,534.0,720.0,1.0,12
1680,I-05-23,534.0,720.0,2.0,12
1681,I-05-13,534.0,720.0,1.0,12
1681,I-05-23,534.0,720.0,2.0,12
1682,I-05-13,534.0,720.0,1.0,12
1682,I-05-23,534.0,720.0,2.0,12
1683,I-05-13,534.0,720.0,1.0,12
1683,I-05-23,534.0,720.0,2.0,12
1684,I-05-13,534.0,720.0,1.0,12
1684,I-05-23,534.0,720.0,2.0,12
1685,I-05-13,534.0,720.0,1.0,12
1685,I-05-23,534.0,720.0,2.0,12
1686,I-05-13,534.0,720.0,1.0,12
1686,I-05-23,534.0,720.0,2.0,12
1687,I-05-13,534.0,720.0,1.0,12
1687,I-05-23,534.0,720.0,2.0,12
1688,I-05-13,534.0,720.0,1.0,12
1688,I-05-23,534.0,720.0,2.0,12
1689,I-05-13,534.0,720.0,1.0,12
1689,I-05-23,534.0,720.0,2.0,12
1690,I-05-13,534.0,720.0,1.0,12
1690,I-05-23,534.0,720.0,2.0,12
1691,I-05-13,534.0,720.0,1.0,12
1691,I-05-23,534.0,720.0,2.0,12
1692,I-05-13,534.0,720.0,1.0,12
1692,I-05-23,534.0,720.0,2.0,12
1693,I-05-13,534.0,720.0,1.0,12
1693,I-05-23,534.0,720.0,2.0,12
1694,I-05-13,534.0,720.0,1.0,12
1694,I-05-23,534.0,720.0,2.0,12
1695,I-05-13,534.0,720.0,1.0,12
1695,I-05-23,534.0,720.0,2.0,12
1696,I-05-13,534.0,720.0,1.0,12
1696,I-05-23,534.0,720.0,2.0,12
1697,I-05-13,534.0,720.0,1.0,12
1697,I-05-23,534.0,720.0,2.0,12
1698,I-05-13,534.0,720.0,1.0,12
1698,I-05-23,534.0,720.0,2.0,12
1699,I-05-13,534.0,720.0,1.0,12
1699,I-05-23,534.0,720.0,2.0,12
1700,I-05-13,534.0,720.0,1.0,12
1700,I-05-23,534.0,720.0,2.0,12
1701,I-05-13,534.0,720.0,1.0,12
1701,I-05-23,534.0,720.0,2.0,12
1702,I-05-13,534.0,720.0,1.0,12
1702,I-05-23,534.0,720.0,2.0,12
1703,I-05-13,534.0,720.0,1.0,12
1703,I-05-23,534.0,720.0,2.0,12
1704,I-05-13,534.0,720.0,1.0,12
1704,I-05-23,534.0,720.0,2.0,12
1705,I-05-13,534.0,720.0,1.0,12
1705,I-05-23,534.0,720.0,2.0,12
1706,I-05-13,534.0,720.0,1.0,12
1706,I-05-23,534.0,720.0,2.0,12
1707,I-05-13,534.0,720.0,1.0,12
1707,I-05-23,534.0,720.0,2.0,12
1708,I-05-13,534.0,720.0,1.0,12
1708,I-05-23,534.0,720.0,2.0,12
1709,I-05-13,534.0,720.0,1.0,12
1709,I-05-23,534.0,720.0,2.0,12
1710,I-05-13,534.0,720.0,1.0,12
1710,I-05-23,534.0,720.0,2.0,12
1711,I-05-13,534.0,720.0,1.0,12
1711,I-05-23,534.0,720.0,2.0,12
1712,I-05-13,534.0,720.0,1.0,12
1712,I-05-23,534.0,720.0,2.0,12
1713,I-05-13,534.0,720.0,1.0,12
1713,I-05-23,534.0,720.0,2.0,12
1714,I-05-13,534.0,720.0,1.0,12
1714,I-05-23,534.0,720.0,2.0,12
1715,I-05-13,534.0,720.0,1.0,12
1715,I-05-23,534.0,720.0,2.0,12
1716,I-05-13,534.0,720.0,1.0,12
1716,I-05-23,534.0,720.0,2.0,12
1717,I-05-13,534.0,720.0,1.0,12
1717,I-05-23,534.0,720.0,2.0,12
1718,I-05-13,534.0,720.0,1.0,12
1718,I-05-23,534.0,720.0,2.0,12
1719,I-05-13,534.0,720.0,1.0,12
1719,I-05-23,534.0,720.0,2.0,12
1720,I-05-13,534.0,720.0,1.0,12
1720,I-05-23,534.0,720.0,2.0,12
1721,I-05-13,534.0,720.0,1.0,12
1721,I-05-23,534.0,720.0,2.0,12
1722,I-05-13,534.0,720.0,1.0,12
1722,I-05-23,534.0,720.0,2.0,12
1723,I-05-13,534.0,720.0,1.0,12
1723,I-05-23,534.0,720.0,2.0,12
1724,I-05-13,534.0,720.0,1.0,12
1724,I-05-23,534.0,720.0,2.0,12
1725,I-05-13,534.0,720.0,1.0,12
1725,I-05-23,534.0,720.0,2.0,12
1726,I-05-13,534.0,720.0,1.0,12
1726,I-05-23,534.0,720.0,2.0,12
1727,I-05-13,534.0,720.0,1.0,12
1727,I-05-23,534.0,720.0,2.0,12
1728,I-05-13,534.0,720.0,1.0,4
1728,I-05-23,534.0,720.0,2.0,12
1728,I-05-22,550.0,720.0,2.0,9
1729,I-05-12,550.0,720.0,1.0,12
1729,I-05-22,550.0,720.0,2.0,12
1730,I-05-12,550.0,720.0,1.0,12
1730,I-05-22,550.0,720.0,2.0,12
1731,I-05-12,550.0,720.0,1.0,12
1731,I-05-22,550.0,720.0,2.0,12
1732,I-05-12,550.0,720.0,1.0,12
1732,I-05-22,550.0,720.0,2.0,12
1733,I-05-12,550.0,720.0,1.0,12
1733,I-05-22,550.0,720.0,2.0,12
1734,I-05-12,550.0,720.0,1.0,12
1734,I-05-22,550.0,720.0,2.0,12
1735,I-05-12,550.0,720.0,1.0,12
1735,I-05-22,550.0,720.0,2.0,12
1736,I-05-12,550.0,720.0,1.0,12
1736,I-05-22,550.0,720.0,2.0,12
1737,I-05-12,550.0,720.0,1.0,12
1737,I-05-22,550.0,720.0,2.0,12
1738,I-05-12,550.0,720.0,1.0,12
1738,I-05-22,550.0,720.0,2.0,12
1739,I-05-12,550.0,720.0,1.0,12
1739,I-05-22,550.0,720.0,2.0,12
1740,I-05-12,550.0,720.0,1.0,12
1740,I-05-22,550.0,720.0,2.0,12
1741,I-05-12,550.0,720.0,1.0,12
1741,I-05-22,550.0,720.0,2.0,12
1742,I-05-12,550.0,720.0,1.0,12
1742,I-05-22,550.0,720.0,2.0,12
1743,I-05-12,550.0,720.0,1.0,12
1743,I-05-22,550.0,720.0,2.0,12
1744,I-05-12,550.0,720.0,1.0,12
1744,I-05-22,550.0,720.0,2.0,12
1745,I-05-12,550.0,720.0,1.0,12
1745,I-05-22,550.0,720.0,2.0,12
1746,I-05-12,550.0,720.0,1.0,12
1746,I-05-22,550.0,720.0,2.0,12
1747,I-05-12,550.0,720.0,1.0,12
1747,I-05-22,550.0,720.0,2.0,12
1748,I-05-12,550.0,720.0,1.0,12
1748,I-05-22,550.0,720.0,2.0,12
1749,I-05-12,550.0,720.0,1.0,12
1749,I-05-22,550.0,720.0,2.0,12
1750,I-05-12,550.0,720.0,1.0,12
1750,I-05-22,550.0,720.0,2.0,12
1751,I-05-12,550.0,720.0,1.0,12
1751,I-05-22,550.0,720.0,2.0,12
1752,I-05-12,550.0,720.0,1.0,12
1752,I-05-22,550.0,720.0,2.0,12
1753,I-05-12,550.0,720.0,1.0,12
1753,I-05-22,550.0,720.0,2.0,12
1754,I-05-12,550.0,720.0,1.0,12
1754,I-05-22,550.0,720.0,2.0,12
1755,I-05-12,550.0,720.0,1.0,1
1755,I-05-22,550.0,720.0,2.0,12
1755,I-05-23,534.0,720.0,2.0,12
1756,I-05-11,566.0,720.0,1.0,12
1756,I-05-21,566.0,720.0,2.0,12
1757,I-05-11,566.0,720.0,1.0,12
1757,I-05-21,566.0,720.0,2.0,12
1758,I-05-11,566.0,720.0,1.0,12
1758,I-05-21,566.0,720.0,2.0,12
1759,I-05-11,566.0,720.0,1.0,12
1759,I-05-21,566.0,720.0,2.0,12
1760,I-05-11,566.0,720.0,1.0,12
1760,I-05-21,566.0,720.0,2.0,12
1761,I-05-11,566.0,720.0,1.0,12
1761,I-05-21,566.0,720.0,2.0,12
1762,I-05-11,566.0,720.0,1.0,12
1762,I-05-21,566.0,720.0,2.0,12
1763,I-05-11,566.0,720.0,1.0,12
1763,I-05-21,566.0,720.0,2.0,12
1764,I-05-11,566.0,720.0,1.0,12
1764,I-05-21,566.0,720.0,2.0,12
1765,I-05-11,566.0,720.0,1.0,12
1765,I-05-21,566.0,720.0,2.0,12
1766,I-05-11,566.0,720.0,1.0,12
1766,I-05-21,566.0,720.0,2.0,12
1767,I-05-11,566.0,720.0,1.0,12
1767,I-05-21,566.0,720.0,2.0,12
1768,I-05-11,566.0,720.0,1.0,12
1768,I-05-21,566.0,720.0,2.0,12
1769,I-05-11,566.0,720.0,1.0,12
1769,I-05-21,566.0,720.0,2.0,12
1770,I-05-11,566.0,720.0,1.0,12
1770,I-05-21,566.0,720.0,2.0,12
1771,I-05-11,566.0,720.0,1.0,12
1771,I-05-21,566.0,720.0,2.0,12
1772,I-05-11,566.0,720.0,1.0,12
1772,I-05-21,566.0,720.0,2.0,12
1773,I-05-11,566.0,720.0,1.0,12
1773,I-05-21,566.0,720.0,2.0,12
1774,I-05-11,566.0,720.0,1.0,12
1774,I-05-21,566.0,720.0,2.0,12
1775,I-05-11,566.0,720.0,1.0,8
1775,I-05-21,566.0,720.0,2.0,12
1775,I-05-22,550.0,720.0,2.0,5
1776,I-03-13,584.0,720.0,1.0,12
1776,I-03-23,584.0,720.0,2.0,12
1777,I-03-13,584.0,720.0,1.0,12
1777,I-03-23,584.0,720.0,2.0,12
1778,I-03-13,584.0,720.0,1.0,12
1778,I-03-23,584.0,720.0,2.0,12
1779,I-03-13,584.0,720.0,1.0,12
1779,I-03-23,584.0,720.0,2.0,12
1780,I-03-13,584.0,720.0,1.0,12
1780,I-03-23,584.0,720.0,2.0,12
1781,I-03-13,584.0,720.0,1.0,12
1781,I-03-23,584.0,720.0,2.0,12
1782,I-03-13,584.0,720.0,1.0,12
1782,I-03-23,584.0,720.0,2.0,12
1783,I-03-13,584.0,720.0,1.0,12
1783,I-03-23,584.0,720.0,2.0,12
1784,I-03-13,584.0,720.0,1.0,12
1784,I-03-23,584.0,720.0,2.0,12
1785,I-03-13,584.0,720.0,1.0,12
1785,I-03-23,584.0,720.0,2.0,12
1786,I-03-13,584.0,720.0,1.0,12
1786,I-03-23,584.0,720.0,2.0,5
1786,I-03-22,600.0,720.0,2.0,8
1787,I-03-13,584.0,720.0,1.0,12
1787,I-03-12,600.0,720.0,1.0,12
1788,I-03-12,600.0,720.0,1.0,12
1788,I-03-22,600.0,720.0,2.0,12
1789,I-03-12,600.0,720.0,1.0,12
1789,I-03-22,600.0,720.0,2.0,12
1790,I-03-12,600.0,720.0,1.0,12
1790,I-03-22,600.0,720.0,2.0,12
1791,I-03-12,600.0,720.0,1.0,12
1791,I-03-22,600.0,720.0,2.0,12
1792,I-03-12,600.0,720.0,1.0,12
1792,I-03-22,600.0,720.0,2.0,12
1793,I-03-12,600.0,720.0,1.0,8
1793,I-03-22,600.0,720.0,2.0,12
1793,I-03-21,616.0,720.0,2.0,5
1794,I-03-11,616.0,720.0,1.0,12
1794,I-03-21,616.0,720.0,2.0,12
1795,I-03-11,616.0,720.0,1.0,12
1795,I-03-21,616.0,720.0,2.0,12
1796,I-03-11,616.0,720.0,1.0,12
1796,I-03-21,616.0,720.0,2.0,12
1797,I-03-11,616.0,720.0,1.0,12
1797,I-03-21,616.0,720.0,2.0,12
1798,I-03-11,616.0,720.0,1.0,12
1798,I-03-21,616.0,720.0,2.0,12
1799,I-03-11,616.0,720.0,1.0,12
1799,I-03-21,616.0,720.0,2.0,12
1800,I-03-11,616.0,720.0,1.0,12
1800,I-03-21,616.0,720.0,2.0,12
1801,I-03-11,616.0,720.0,1.0,12
1801,I-03-21,616.0,720.0,2.0,12
1802,I-03-11,616.0,720.0,1.0,12
1802,I-03-21,616.0,720.0,2.0,12
1803,I-03-11,616.0,720.0,1.0,12
1803,I-03-21,616.0,720.0,2.0,12
1804,I-03-11,616.0,720.0,1.0,12
1804,I-03-21,616.0,720.0,2.0,12
1805,I-03-11,616.0,720.0,1.0,12
1805,I-03-21,616.0,720.0,2.0,12
1806,I-03-11,616.0,720.0,1.0,12
1806,I-03-21,616.0,720.0,2.0,12
1807,I-03-11,616.0,720.0,1.0,12
1807,I-03-21,616.0,720.0,2.0,12
1808,I-03-11,616.0,720.0,1.0,12
1808,I-03-21,616.0,720.0,2.0,9
1808,I-03-22,600.0,720.0,2.0,4
1809,I-03-11,616.0,720.0,1.0,12
1809,I-03-22,600.0,720.0,2.0,12
1810,I-03-11,616.0,720.0,1.0,12
1810,I-03-22,600.0,720.0,2.0,12
1811,I-03-11,616.0,720.0,1.0,12
1811,I-03-22,600.0,720.0,2.0,12
1812,I-03-11,616.0,720.0,1.0,12
1812,I-03-22,600.0,720.0,2.0,12
1813,I-03-11,616.0,720.0,1.0,12
1813,I-03-22,600.0,720.0,2.0,12
1814,I-03-11,616.0,720.0,1.0,12
1814,I-03-22,600.0,720.0,2.0,12
1815,I-03-11,616.0,720.0,1.0,8
1815,I-03-22,600.0,720.0,2.0,12
1815,I-05-21,566.0,720.0,2.0,5
1816,I-01-13,634.0,720.0,1.0,12
1816,I-01-23,634.0,720.0,2.0,12
1817,I-01-13,634.0,720.0,1.0,12
1817,I-01-23,634.0,720.0,2.0,12
1818,I-01-13,634.0,720.0,1.0,12
1818,I-01-23,634.0,720.0,2.0,12
1819,I-01-13,634.0,720.0,1.0,12
1819,I-01-23,634.0,720.0,2.0,12
1820,I-01-13,634.0,720.0,1.0,12
1820,I-01-23,634.0,720.0,2.0,12
1821,I-01-13,634.0,720.0,1.0,12
1821,I-01-23,634.0,720.0,2.0,12
1822,I-01-13,634.0,720.0,1.0,12
1822,I-01-23,634.0,720.0,2.0,6
1822,I-01-22,650.0,720.0,2.0,7
1823,I-01-13,634.0,720.0,1.0,12
1823,I-01-12,650.0,720.0,1.0,12
1824,I-01-12,650.0,720.0,1.0,12
1824,I-01-22,650.0,720.0,2.0,12
1825,I-01-12,650.0,720.0,1.0,12
1825,I-01-22,650.0,720.0,2.0,12
1826,I-01-12,650.0,720.0,1.0,12
1826,I-01-22,650.0,720.0,2.0,12
1827,I-01-12,650.0,720.0,1.0,12
1827,I-01-22,650.0,720.0,2.0,12
1828,I-01-12,650.0,720.0,1.0,12
1828,I-01-22,650.0,720.0,2.0,12
1829,I-01-12,650.0,720.0,1.0,8
1829,I-01-22,650.0,720.0,2.0,12
1829,I-01-21,666.0,720.0,2.0,5
1830,I-01-11,666.0,720.0,1.0,12
1830,I-01-21,666.0,720.0,2.0,12
1831,I-01-11,666.0,720.0,1.0,12
1831,I-01-21,666.0,720.0,2.0,12
1832,I-01-11,666.0,720.0,1.0,12
1832,I-01-21,666.0,720.0,2.0,12
1833,I-01-11,666.0,720.0,1.0,12
1833,I-01-21,666.0,720.0,2.0,12
1834,I-01-11,666.0,720.0,1.0,12
1834,I-01-21,666.0,720.0,2.0,12
1835,I-01-11,666.0,720.0,1.0,12
1835,I-01-21,666.0,720.0,2.0,12
1836,I-01-11,666.0,720.0,1.0,12
1836,I-01-21,666.0,720.0,2.0,12
1837,I-01-11,666.0,720.0,1.0,12
1837,I-01-21,666.0,720.0,2.0,12
1838,I-01-11,666.0,720.0,1.0,8
1838,I-01-21,666.0,720.0,2.0,12
1838,I-01-22,650.0,720.0,2.0,5
1839,J-24-13,86.0,778.0,1.0,12
1839,J-24-23,86.0,778.0,2.0,12
1840,J-24-12,102.0,778.0,1.0,12
1840,J-24-22,102.0,778.0,2.0,12
1841,J-24-12,102.0,778.0,1.0,12
1841,J-24-22,102.0,778.0,2.0,12
1842,J-24-12,102.0,778.0,1.0,12
1842,J-24-22,102.0,778.0,2.0,12
1843,J-24-12,102.0,778.0,1.0,12
1843,J-24-22,102.0,778.0,2.0,12
1844,J-24-12,102.0,778.0,1.0,12
1844,J-24-22,102.0,778.0,2.0,12
1845,J-24-12,102.0,778.0,1.0,12
1845,J-24-22,102.0,778.0,2.0,12
1846,J-24-12,102.0,778.0,1.0,12
1846,J-24-22,102.0,778.0,2.0,12
1847,J-24-12,102.0,778.0,1.0,12
1847,J-24-22,102.0,778.0,2.0,12
1848,J-24-12,102.0,778.0,1.0,12
1848,J-24-22,102.0,778.0,2.0,12
1849,J-24-12,102.0,778.0,1.0,12
1849,J-24-22,102.0,778.0,2.0,12
1850,J-24-12,102.0,778.0,1.0,12
1850,J-24-22,102.0,778.0,2.0,12
1851,J-24-12,102.0,778.0,1.0,12
1851,J-24-22,102.0,778.0,2.0,12
1852,J-24-12,102.0,778.0,1.0,12
1852,J-24-22,102.0,778.0,2.0,12
1853,J-24-12,102.0,778.0,1.0,12
1853,J-24-22,102.0,778.0,2.0,12
1854,J-24-12,102.0,778.0,1.0,12
1854,J-24-22,102.0,778.0,2.0,12
1855,J-24-12,102.0,778.0,1.0,12
1855,J-24-22,102.0,778.0,2.0,12
1856,J-24-12,102.0,778.0,1.0,12
1856,J-24-22,102.0,778.0,2.0,12
1857,J-24-12,102.0,778.0,1.0,12
1857,J-24-22,102.0,778.0,2.0,12
1858,J-24-12,102.0,778.0,1.0,12
1858,J-24-22,102.0,778.0,2.0,12
1859,J-24-12,102.0,778.0,1.0,12
1859,J-24-22,102.0,778.0,2.0,12
1860,J-24-12,102.0,778.0,1.0,12
1860,J-24-22,102.0,778.0,2.0,12
1861,J-24-12,102.0,778.0,1.0,12
1861,J-24-22,102.0,778.0,2.0,12
1862,J-24-12,102.0,778.0,1.0,8
1862,J-24-22,102.0,778.0,2.0,12
1862,J-24-23,86.0,778.0,2.0,5
1863,J-24-11,118.0,778.0,1.0,12
1863,J-24-21,118.0,778.0,2.0,12
1864,J-24-11,118.0,778.0,1.0,12
1864,J-24-21,118.0,778.0,2.0,12
1865,J-24-11,118.0,778.0,1.0,12
1865,J-24-21,118.0,778.0,2.0,12
1866,J-24-11,118.0,778.0,1.0,12
1866,J-24-21,118.0,778.0,2.0,12
1867,J-24-11,118.0,778.0,1.0,12
1867,J-24-21,118.0,778.0,2.0,12
1868,J-24-11,118.0,778.0,1.0,12
1868,J-24-21,118.0,778.0,2.0,12
1869,J-24-11,118.0,778.0,1.0,12
1869,J-24-21,118.0,778.0,2.0,12
1870,J-24-11,118.0,778.0,1.0,12
1870,J-24-21,118.0,778.0,2.0,12
1871,J-24-11,118.0,778.0,1.0,12
1871,J-24-21,118.0,778.0,2.0,12
1872,J-24-11,118.0,778.0,1.0,12
1872,J-24-21,118.0,778.0,2.0,12
1873,J-24-11,118.0,778.0,1.0,12
1873,J-24-21,118.0,778.0,2.0,12
1874,J-24-11,118.0,778.0,1.0,12
1874,J-24-21,118.0,778.0,2.0,12
1875,J-24-11,118.0,778.0,1.0,12
1875,J-24-21,118.0,778.0,2.0,12
1876,J-24-11,118.0,778.0,1.0,12
1876,J-24-21,118.0,778.0,2.0,12
1877,J-24-11,118.0,778.0,1.0,12
1877,J-24-21,118.0,778.0,2.0,12
1878,J-24-11,118.0,778.0,1.0,12
1878,J-24-21,118.0,778.0,2.0,12
1879,J-24-11,118.0,778.0,1.0,12
1879,J-24-21,118.0,778.0,2.0,12
1880,J-24-11,118.0,778.0,1.0,12
1880,J-24-21,118.0,778.0,2.0,12
1881,J-24-11,118.0,778.0,1.0,12
1881,J-24-21,118.0,778.0,2.0,12
1882,J-24-11,118.0,778.0,1.0,12
1882,J-24-21,118.0,778.0,2.0,12
1883,J-24-11,118.0,778.0,1.0,12
1883,J-24-21,118.0,778.0,2.0,12
1884,J-24-11,118.0,778.0,1.0,12
1884,J-24-21,118.0,778.0,2.0,12
1885,J-24-11,118.0,778.0,1.0,12
1885,J-24-21,118.0,778.0,2.0,12
1886,J-24-11,118.0,778.0,1.0,12
1886,J-24-21,118.0,778.0,2.0,12
1887,J-24-11,118.0,778.0,1.0,12
1887,J-24-21,118.0,778.0,2.0,12
1888,J-24-11,118.0,778.0,1.0,12
1888,J-24-21,118.0,778.0,2.0,12
1889,J-24-11,118.0,778.0,1.0,12
1889,J-24-21,118.0,778.0,2.0,12
1890,J-24-11,118.0,778.0,1.0,12
1890,J-24-21,118.0,778.0,2.0,12
1891,J-24-11,118.0,778.0,1.0,8
1891,J-24-21,118.0,778.0,2.0,12
1891,J-24-22,102.0,778.0,2.0,5
1892,J-22-13,136.0,778.0,1.0,12
1892,J-22-23,136.0,778.0,2.0,12
1893,J-22-13,136.0,778.0,1.0,12
1893,J-22-23,136.0,778.0,2.0,12
1894,J-22-13,136.0,778.0,1.0,12
1894,J-22-23,136.0,778.0,2.0,12
1895,J-22-13,136.0,778.0,1.0,12
1895,J-22-23,136.0,778.0,2.0,12
1896,J-22-13,136.0,778.0,1.0,12
1896,J-22-23,136.0,778.0,2.0,12
1897,J-22-13,136.0,778.0,1.0,12
1897,J-22-23,136.0,778.0,2.0,12
1898,J-22-13,136.0,778.0,1.0,12
1898,J-22-23,136.0,778.0,2.0,12
1899,J-22-13,136.0,778.0,1.0,12
1899,J-22-23,136.0,778.0,2.0,12
1900,J-22-13,136.0,778.0,1.0,12
1900,J-22-23,136.0,778.0,2.0,12
1901,J-22-13,136.0,778.0,1.0,12
1901,J-22-23,136.0,778.0,2.0,12
1902,J-22-13,136.0,778.0,1.0,12
1902,J-22-23,136.0,778.0,2.0,12
1903,J-22-13,136.0,778.0,1.0,12
1903,J-22-23,136.0,778.0,2.0,12
1904,J-22-13,136.0,778.0,1.0,12
1904,J-22-23,136.0,778.0,2.0,12
1905,J-22-13,136.0,778.0,1.0,12
1905,J-22-23,136.0,778.0,2.0,12
1906,J-22-13,136.0,778.0,1.0,12
1906,J-22-23,136.0,778.0,2.0,12
1907,J-22-13,136.0,778.0,1.0,12
1907,J-22-23,136.0,778.0,2.0,12
1908,J-22-13,136.0,778.0,1.0,12
1908,J-22-23,136.0,778.0,2.0,10
1908,J-22-22,152.0,778.0,2.0,3
1909,J-22-13,136.0,778.0,1.0,12
1909,J-22-12,152.0,778.0,1.0,12
1910,J-22-13,136.0,778.0,1.0,12
1910,J-22-12,152.0,778.0,1.0,12
1911,J-22-13,136.0,778.0,1.0,12
1911,J-22-12,152.0,778.0,1.0,12
1912,J-22-13,136.0,778.0,1.0,12
1912,J-22-12,152.0,778.0,1.0,12
1913,J-22-13,136.0,778.0,1.0,12
1913,J-22-12,152.0,778.0,1.0,12
1914,J-22-13,136.0,778.0,1.0,12
1914,J-22-12,152.0,778.0,1.0,12
1915,J-22-13,136.0,778.0,1.0,12
1915,J-22-12,152.0,778.0,1.0,12
1916,J-22-13,136.0,778.0,1.0,12
1916,J-22-12,152.0,778.0,1.0,12
1917,J-22-13,136.0,778.0,1.0,12
1917,J-22-12,152.0,778.0,1.0,12
1918,J-22-13,136.0,778.0,1.0,12
1918,J-22-12,152.0,778.0,1.0,12
1919,J-22-13,136.0,778.0,1.0,7
1919,J-22-12,152.0,778.0,1.0,12
1919,J-22-22,152.0,778.0,2.0,6
1920,J-22-12,152.0,778.0,1.0,12
1920,J-22-22,152.0,778.0,2.0,12
1921,J-22-12,152.0,778.0,1.0,12
1921,J-22-22,152.0,778.0,2.0,12
1922,J-22-12,152.0,778.0,1.0,12
1922,J-22-22,152.0,778.0,2.0,12
1923,J-22-12,152.0,778.0,1.0,12
1923,J-22-22,152.0,778.0,2.0,12
1924,J-22-12,152.0,778.0,1.0,12
1924,J-22-22,152.0,778.0,2.0,12
1925,J-22-12,152.0,778.0,1.0,12
1925,J-22-22,152.0,778.0,2.0,12
1926,J-22-12,152.0,778.0,1.0,2
1926,J-22-22,152.0,778.0,2.0,12
1926,J-22-30,152.0,778.0,3.0,1
1926,J-22-21,168.0,778.0,2.0,10
1927,J-22-11,168.0,778.0,1.0,12
1927,J-22-21,168.0,778.0,2.0,12
1928,J-22-11,168.0,778.0,1.0,12
1928,J-22-21,168.0,778.0,2.0,12
1929,J-22-11,168.0,778.0,1.0,12
1929,J-22-21,168.0,778.0,2.0,12
1930,J-22-11,168.0,778.0,1.0,12
1930,J-22-21,168.0,778.0,2.0,12
1931,J-22-11,168.0,778.0,1.0,12
1931,J-22-21,168.0,778.0,2.0,12
1932,J-22-11,168.0,778.0,1.0,12
1932,J-22-21,168.0,778.0,2.0,12
1933,J-22-11,168.0,778.0,1.0,12
1933,J-22-21,168.0,778.0,2.0,12
1934,J-22-11,168.0,778.0,1.0,4
1934,J-22-21,168.0,778.0,2.0,12
1934,J-22-22,152.0,778.0,2.0,8
1935,J-20-13,186.0,778.0,1.0,12
1935,J-20-23,186.0,778.0,2.0,12
1936,J-20-13,186.0,778.0,1.0,12
1936,J-20-23,186.0,778.0,2.0,12
1937,J-20-13,186.0,778.0,1.0,12
1937,J-20-23,186.0,778.0,2.0,12
1938,J-20-13,186.0,778.0,1.0,12
1938,J-20-23,186.0,778.0,2.0,7
1938,J-20-22,202.0,778.0,2.0,6
1939,J-20-13,186.0,778.0,1.0,12
1939,J-20-12,202.0,778.0,1.0,12
1940,J-20-13,186.0,778.0,1.0,7
1940,J-20-12,202.0,778.0,1.0,12
1940,J-20-22,202.0,778.0,2.0,6
1941,J-20-12,202.0,778.0,1.0,12
1941,J-20-22,202.0,778.0,2.0,12
1942,J-20-12,202.0,778.0,1.0,12
1942,J-20-22,202.0,778.0,2.0,12
1943,J-20-12,202.0,778.0,1.0,4
1943,J-20-22,202.0,778.0,2.0,12
1943,J-20-21,218.0,778.0,2.0,9
1944,J-20-11,218.0,778.0,1.0,12
1944,J-20-21,218.0,778.0,2.0,12
1945,J-20-11,218.0,778.0,1.0,9
1945,J-20-21,218.0,778.0,2.0,12
1945,J-20-22,202.0,778.0,2.0,4
1946,J-18-13,236.0,778.0,1.0,12
1946,J-18-23,236.0,778.0,2.0,12
1947,J-18-13,236.0,778.0,1.0,12
1947,J-18-23,236.0,778.0,2.0,12
1948,J-18-13,236.0,778.0,1.0,6
1948,J-18-23,236.0,778.0,2.0,12
1948,J-18-22,252.0,778.0,2.0,7
1949,J-18-12,252.0,778.0,1.0,12
1949,J-18-22,252.0,778.0,2.0,12
1950,J-18-12,252.0,778.0,1.0,12
1950,J-18-22,252.0,778.0,2.0,12
1951,J-18-12,252.0,778.0,1.0,12
1951,J-18-22,252.0,778.0,2.0,12
1952,J-18-12,252.0,778.0,1.0,12
1952,J-18-22,252.0,778.0,2.0,12
1953,J-18-12,252.0,778.0,1.0,12
1953,J-18-22,252.0,778.0,2.0,12
1954,J-18-12,252.0,778.0,1.0,12
1954,J-18-22,252.0,778.0,2.0,12
1955,J-18-12,252.0,778.0,1.0,12
1955,J-18-22,252.0,778.0,2.0,12
1956,J-18-12,252.0,778.0,1.0,12
1956,J-18-22,252.0,778.0,2.0,12
1957,J-18-12,252.0,778.0,1.0,12
1957,J-18-22,252.0,778.0,2.0,12
1958,J-18-12,252.0,778.0,1.0,12
1958,J-18-22,252.0,778.0,2.0,12
1959,J-18-12,252.0,778.0,1.0,12
1959,J-18-22,252.0,778.0,2.0,12
1960,J-18-12,252.0,778.0,1.0,12
1960,J-18-22,252.0,778.0,2.0,12
1961,J-18-12,252.0,778.0,1.0,12
1961,J-18-22,252.0,778.0,2.0,12
1962,J-18-12,252.0,778.0,1.0,12
1962,J-18-22,252.0,778.0,2.0,12
1963,J-18-12,252.0,778.0,1.0,12
1963,J-18-22,252.0,778.0,2.0,12
1964,J-18-12,252.0,778.0,1.0,12
1964,J-18-22,252.0,778.0,2.0,8
1964,J-18-23,236.0,778.0,2.0,5
1965,J-18-12,252.0,778.0,1.0,12
1965,J-18-11,268.0,778.0,1.0,12
1966,J-18-12,252.0,778.0,1.0,12
1966,J-18-11,268.0,778.0,1.0,12
1967,J-18-12,252.0,778.0,1.0,12
1967,J-18-11,268.0,778.0,1.0,12
1968,J-18-12,252.0,778.0,1.0,1
1968,J-18-11,268.0,778.0,1.0,12
1968,J-18-21,268.0,778.0,2.0,12
1969,J-18-11,268.0,778.0,1.0,12
1969,J-18-21,268.0,778.0,2.0,12
1970,J-18-11,268.0,778.0,1.0,12
1970,J-18-21,268.0,778.0,2.0,12
1971,J-18-11,268.0,778.0,1.0,12
1971,J-18-21,268.0,778.0,2.0,12
1972,J-18-11,268.0,778.0,1.0,12
1972,J-18-21,268.0,778.0,2.0,12
1973,J-18-11,268.0,778.0,1.0,12
1973,J-18-21,268.0,778.0,2.0,12
1974,J-18-11,268.0,778.0,1.0,12
1974,J-18-21,268.0,778.0,2.0,12
1975,J-18-11,268.0,778.0,1.0,12
1975,J-18-21,268.0,778.0,2.0,12
1976,J-18-11,268.0,778.0,1.0,12
1976,J-18-21,268.0,778.0,2.0,12
1977,J-18-11,268.0,778.0,1.0,12
1977,J-18-21,268.0,778.0,2.0,12
1978,J-18-11,268.0,778.0,1.0,12
1978,J-18-21,268.0,778.0,2.0,12
1979,J-18-11,268.0,778.0,1.0,12
1979,J-18-21,268.0,778.0,2.0,12
1980,J-18-11,268.0,778.0,1.0,12
1980,J-18-21,268.0,778.0,2.0,12
1981,J-18-11,268.0,778.0,1.0,12
1981,J-18-21,268.0,778.0,2.0,12
1982,J-18-11,268.0,778.0,1.0,12
1982,J-18-21,268.0,778.0,2.0,12
1983,J-18-11,268.0,778.0,1.0,12
1983,J-18-21,268.0,778.0,2.0,12
1984,J-18-11,268.0,778.0,1.0,12
1984,J-18-21,268.0,778.0,2.0,12
1985,J-18-11,268.0,778.0,1.0,12
1985,J-18-21,268.0,778.0,2.0,12
1986,J-18-11,268.0,778.0,1.0,12
1986,J-18-21,268.0,778.0,2.0,12
1987,J-18-11,268.0,778.0,1.0,12
1987,J-18-21,268.0,778.0,2.0,12
1988,J-18-11,268.0,778.0,1.0,8
1988,J-18-21,268.0,778.0,2.0,12
1988,J-16-23,286.0,778.0,2.0,5
1989,J-16-13,286.0,778.0,1.0,12
1989,J-16-23,286.0,778.0,2.0,12
1990,J-16-13,286.0,778.0,1.0,12
1990,J-16-23,286.0,778.0,2.0,12
1991,J-16-13,286.0,778.0,1.0,12
1991,J-16-23,286.0,778.0,2.0,12
1992,J-16-13,286.0,778.0,1.0,12
1992,J-16-23,286.0,778.0,2.0,12
1993,J-16-13,286.0,778.0,1.0,12
1993,J-16-23,286.0,778.0,2.0,12
1994,J-16-13,286.0,778.0,1.0,12
1994,J-16-23,286.0,778.0,2.0,12
1995,J-16-13,286.0,778.0,1.0,12
1995,J-16-23,286.0,778.0,2.0,12
1996,J-16-13,286.0,778.0,1.0,12
1996,J-16-23,286.0,778.0,2.0,12
1997,J-16-13,286.0,778.0,1.0,12
1997,J-16-23,286.0,778.0,2.0,9
1997,J-16-22,302.0,778.0,2.0,4
1998,J-16-13,286.0,778.0,1.0,12
1998,J-16-12,302.0,778.0,1.0,12
1999,J-16-13,286.0,778.0,1.0,12
1999,J-16-12,302.0,778.0,1.0,12
2000,J-16-13,286.0,778.0,1.0,12
2000,J-16-12,302.0,778.0,1.0,12
2001,J-16-13,286.0,778.0,1.0,12
2001,J-16-12,302.0,778.0,1.0,12
2002,J-16-13,286.0,778.0,1.0,12
2002,J-16-12,302.0,778.0,1.0,12
2003,J-16-13,286.0,778.0,1.0,12
2003,J-16-12,302.0,778.0,1.0,12
2004,J-16-13,286.0,778.0,1.0,12
2004,J-16-12,302.0,778.0,1.0,12
2005,J-16-13,286.0,778.0,1.0,12
2005,J-16-12,302.0,778.0,1.0,12
2006,J-16-13,286.0,778.0,1.0,12
2006,J-16-12,302.0,778.0,1.0,12
2007,J-16-13,286.0,778.0,1.0,12
2007,J-16-12,302.0,778.0,1.0,12
2008,J-16-13,286.0,778.0,1.0,12
2008,J-16-22,302.0,778.0,2.0,12
2009,J-16-13,286.0,778.0,1.0,10
2009,J-16-22,302.0,778.0,2.0,12
2009,J-16-21,318.0,778.0,2.0,3
2010,J-16-11,318.0,778.0,1.0,12
2010,J-16-21,318.0,778.0,2.0,12
2011,J-16-11,318.0,778.0,1.0,12
2011,J-16-21,318.0,778.0,2.0,12
2012,J-16-11,318.0,778.0,1.0,12
2012,J-16-21,318.0,778.0,2.0,12
2013,J-16-11,318.0,778.0,1.0,12
2013,J-16-21,318.0,778.0,2.0,12
2014,J-16-11,318.0,778.0,1.0,12
2014,J-16-21,318.0,778.0,2.0,12
2015,J-16-11,318.0,778.0,1.0,7
2015,J-16-21,318.0,778.0,2.0,12
2015,J-16-22,302.0,778.0,2.0,6
2016,J-14-13,336.0,778.0,1.0,12
2016,J-14-23,336.0,778.0,2.0,12
2017,J-14-13,336.0,778.0,1.0,12
2017,J-14-23,336.0,778.0,2.0,12
2018,J-14-13,336.0,778.0,1.0,1
2018,J-14-23,336.0,778.0,2.0,12
2018,J-14-22,352.0,778.0,2.0,12
2019,J-14-12,352.0,778.0,1.0,12
2019,J-14-22,352.0,778.0,2.0,12
2020,J-14-12,352.0,778.0,1.0,12
2020,J-14-22,352.0,778.0,2.0,12
2021,J-14-12,352.0,778.0,1.0,10
2021,J-14-22,352.0,778.0,2.0,12
2021,J-14-23,336.0,778.0,2.0,3
2022,J-14-11,368.0,778.0,1.0,12
2022,J-14-21,368.0,778.0,2.0,12
2023,J-14-11,368.0,778.0,1.0,12
2023,J-14-21,368.0,778.0,2.0,12
2024,J-14-11,368.0,778.0,1.0,12
2024,J-14-21,368.0,778.0,2.0,12
2025,J-14-11,368.0,778.0,1.0,12
2025,J-14-21,368.0,778.0,2.0,12
2026,J-14-11,368.0,778.0,1.0,1
2026,J-14-21,368.0,778.0,2.0,12
2026,J-14-22,352.0,778.0,2.0,7
2026,J-14-23,336.0,778.0,2.0,5
2027,I-10-13,434.0,778.0,1.0,12
2027,I-10-23,434.0,778.0,2.0,12
2028,I-10-13,434.0,778.0,1.0,12
2028,I-10-23,434.0,778.0,2.0,12
2029,I-10-13,434.0,778.0,1.0,12
2029,I-10-23,434.0,778.0,2.0,12
2030,I-10-13,434.0,778.0,1.0,12
2030,I-10-23,434.0,778.0,2.0,12
2031,I-10-13,434.0,778.0,1.0,12
2031,I-10-23,434.0,778.0,2.0,12
2032,I-10-13,434.0,778.0,1.0,12
2032,I-10-23,434.0,778.0,2.0,12
2033,I-10-13,434.0,778.0,1.0,12
2033,I-10-23,434.0,778.0,2.0,12
2034,I-10-13,434.0,778.0,1.0,12
2034,I-10-23,434.0,778.0,2.0,12
2035,I-10-13,434.0,778.0,1.0,12
2035,I-10-23,434.0,778.0,2.0,12
2036,I-10-13,434.0,778.0,1.0,12
2036,I-10-23,434.0,778.0,2.0,12
2037,I-10-13,434.0,778.0,1.0,12
2037,I-10-23,434.0,778.0,2.0,12
2038,I-10-13,434.0,778.0,1.0,12
2038,I-10-23,434.0,778.0,2.0,12
2039,I-10-13,434.0,778.0,1.0,12
2039,I-10-23,434.0,778.0,2.0,12
2040,I-10-13,434.0,778.0,1.0,12
2040,I-10-23,434.0,778.0,2.0,12
2041,I-10-13,434.0,778.0,1.0,12
2041,I-10-23,434.0,778.0,2.0,12
2042,I-10-13,434.0,778.0,1.0,2
2042,I-10-23,434.0,778.0,2.0,12
2042,I-10-22,450.0,778.0,2.0,11
2043,I-10-12,450.0,778.0,1.0,12
2043,I-10-22,450.0,778.0,2.0,12
2044,I-10-12,450.0,778.0,1.0,12
2044,I-10-22,450.0,778.0,2.0,12
2045,I-10-12,450.0,778.0,1.0,12
2045,I-10-22,450.0,778.0,2.0,12
2046,I-10-12,450.0,778.0,1.0,12
2046,I-10-22,450.0,778.0,2.0,12
2047,I-10-12,450.0,778.0,1.0,12
2047,I-10-22,450.0,778.0,2.0,12
2048,I-10-12,450.0,778.0,1.0,12
2048,I-10-22,450.0,778.0,2.0,12
2049,I-10-12,450.0,778.0,1.0,12
2049,I-10-22,450.0,778.0,2.0,12
2050,I-10-12,450.0,778.0,1.0,12
2050,I-10-22,450.0,778.0,2.0,12
2051,I-10-12,450.0,778.0,1.0,12
2051,I-10-22,450.0,778.0,2.0,12
2052,I-10-12,450.0,778.0,1.0,12
2052,I-10-22,450.0,778.0,2.0,12
2053,I-10-12,450.0,778.0,1.0,12
2053,I-10-22,450.0,778.0,2.0,12
2054,I-10-12,450.0,778.0,1.0,12
2054,I-10-22,450.0,778.0,2.0,12
2055,I-10-12,450.0,778.0,1.0,12
2055,I-10-22,450.0,778.0,2.0,12
2056,I-10-12,450.0,778.0,1.0,12
2056,I-10-22,450.0,778.0,2.0,12
2057,I-10-12,450.0,778.0,1.0,12
2057,I-10-22,450.0,778.0,2.0,12
2058,I-10-12,450.0,778.0,1.0,12
2058,I-10-22,450.0,778.0,2.0,12
2059,I-10-12,450.0,778.0,1.0,12
2059,I-10-22,450.0,778.0,2.0,12
2060,I-10-12,450.0,778.0,1.0,12
2060,I-10-22,450.0,778.0,2.0,12
2061,I-10-12,450.0,778.0,1.0,12
2061,I-10-22,450.0,778.0,2.0,12
2062,I-10-12,450.0,778.0,1.0,12
2062,I-10-22,450.0,778.0,2.0,12
2063,I-10-12,450.0,778.0,1.0,12
2063,I-10-22,450.0,778.0,2.0,12
2064,I-10-12,450.0,778.0,1.0,12
2064,I-10-22,450.0,778.0,2.0,12
2065,I-10-12,450.0,778.0,1.0,12
2065,I-10-22,450.0,778.0,2.0,12
2066,I-10-12,450.0,778.0,1.0,12
2066,I-10-22,450.0,778.0,2.0,12
2067,I-10-12,450.0,778.0,1.0,12
2067,I-10-22,450.0,778.0,2.0,12
2068,I-10-12,450.0,778.0,1.0,12
2068,I-10-22,450.0,778.0,2.0,12
2069,I-10-12,450.0,778.0,1.0,12
2069,I-10-22,450.0,778.0,2.0,12
2070,I-10-12,450.0,778.0,1.0,8
2070,I-10-22,450.0,778.0,2.0,12
2070,I-10-23,434.0,778.0,2.0,5
2071,I-10-11,466.0,778.0,1.0,12
2071,I-10-21,466.0,778.0,2.0,12
2072,I-10-11,466.0,778.0,1.0,12
2072,I-10-21,466.0,778.0,2.0,12
2073,I-10-11,466.0,778.0,1.0,12
2073,I-10-21,466.0,778.0,2.0,12
2074,I-10-11,466.0,778.0,1.0,12
2074,I-10-21,466.0,778.0,2.0,12
2075,I-10-11,466.0,778.0,1.0,12
2075,I-10-21,466.0,778.0,2.0,12
2076,I-10-11,466.0,778.0,1.0,12
2076,I-10-21,466.0,778.0,2.0,12
2077,I-10-11,466.0,778.0,1.0,12
2077,I-10-21,466.0,778.0,2.0,12
2078,I-10-11,466.0,778.0,1.0,12
2078,I-10-21,466.0,778.0,2.0,12
2079,I-10-11,466.0,778.0,1.0,12
2079,I-10-21,466.0,778.0,2.0,12
2080,I-10-11,466.0,778.0,1.0,12
2080,I-10-21,466.0,778.0,2.0,12
2081,I-10-11,466.0,778.0,1.0,12
2081,I-10-21,466.0,778.0,2.0,12
2082,I-10-11,466.0,778.0,1.0,12
2082,I-10-21,466.0,778.0,2.0,12
2083,I-10-11,466.0,778.0,1.0,12
2083,I-10-21,466.0,778.0,2.0,12
2084,I-10-11,466.0,778.0,1.0,12
2084,I-10-21,466.0,778.0,2.0,12
2085,I-10-11,466.0,778.0,1.0,12
2085,I-10-21,466.0,778.0,2.0,12
2086,I-10-11,466.0,778.0,1.0,12
2086,I-10-21,466.0,778.0,2.0,12
2087,I-10-11,466.0,778.0,1.0,12
2087,I-10-21,466.0,778.0,2.0,12
2088,I-10-11,466.0,778.0,1.0,12
2088,I-10-21,466.0,778.0,2.0,12
2089,I-10-11,466.0,778.0,1.0,12
2089,I-10-21,466.0,778.0,2.0,12
2090,I-10-11,466.0,778.0,1.0,12
2090,I-10-21,466.0,778.0,2.0,12
2091,I-10-11,466.0,778.0,1.0,12
2091,I-10-21,466.0,778.0,2.0,12
2092,I-10-11,466.0,778.0,1.0,12
2092,I-10-21,466.0,778.0,2.0,12
2093,I-10-11,466.0,778.0,1.0,12
2093,I-10-21,466.0,778.0,2.0,12
2094,I-10-11,466.0,778.0,1.0,12
2094,I-10-21,466.0,778.0,2.0,12
2095,I-10-11,466.0,778.0,1.0,12
2095,I-10-21,466.0,778.0,2.0,12
2096,I-10-11,466.0,778.0,1.0,12
2096,I-10-21,466.0,778.0,2.0,12
2097,I-10-11,466.0,778.0,1.0,12
2097,I-10-21,466.0,778.0,2.0,12
2098,I-10-11,466.0,778.0,1.0,12
2098,I-10-21,466.0,778.0,2.0,12
2099,I-10-11,466.0,778.0,1.0,12
2099,I-10-21,466.0,778.0,2.0,12
2100,I-10-11,466.0,778.0,1.0,12
2100,I-10-21,466.0,778.0,2.0,12
2101,I-10-11,466.0,778.0,1.0,12
2101,I-10-21,466.0,778.0,2.0,12
2102,I-10-11,466.0,778.0,1.0,12
2102,I-10-21,466.0,778.0,2.0,12
2103,I-10-11,466.0,778.0,1.0,12
2103,I-10-21,466.0,778.0,2.0,12
2104,I-10-11,466.0,778.0,1.0,12
2104,I-10-21,466.0,778.0,2.0,12
2105,I-10-11,466.0,778.0,1.0,12
2105,I-10-21,466.0,778.0,2.0,12
2106,I-10-11,466.0,778.0,1.0,12
2106,I-10-21,466.0,778.0,2.0,12
2107,I-10-11,466.0,778.0,1.0,12
2107,I-10-21,466.0,778.0,2.0,12
2108,I-10-11,466.0,778.0,1.0,12
2108,I-10-21,466.0,778.0,2.0,12
2109,I-10-11,466.0,778.0,1.0,12
2109,I-10-21,466.0,778.0,2.0,12
2110,I-10-11,466.0,778.0,1.0,12
2110,I-10-21,466.0,778.0,2.0,12
2111,I-10-11,466.0,778.0,1.0,12
2111,I-10-21,466.0,778.0,2.0,12
2112,I-10-11,466.0,778.0,1.0,12
2112,I-10-21,466.0,778.0,2.0,12
2113,I-10-11,466.0,778.0,1.0,12
2113,I-10-21,466.0,778.0,2.0,12
2114,I-10-11,466.0,778.0,1.0,12
2114,I-10-21,466.0,778.0,2.0,12
2115,I-10-11,466.0,778.0,1.0,12
2115,I-10-21,466.0,778.0,2.0,12
2116,I-10-11,466.0,778.0,1.0,12
2116,I-10-21,466.0,778.0,2.0,12
2117,I-10-11,466.0,778.0,1.0,12
2117,I-10-21,466.0,778.0,2.0,12
2118,I-10-11,466.0,778.0,1.0,12
2118,I-10-21,466.0,778.0,2.0,5
2118,I-10-22,450.0,778.0,2.0,8
2119,I-10-11,466.0,778.0,1.0,12
2119,I-10-22,450.0,778.0,2.0,12
2120,I-10-11,466.0,778.0,1.0,12
2120,I-10-22,450.0,778.0,2.0,12
2121,I-10-11,466.0,778.0,1.0,12
2121,I-10-22,450.0,778.0,2.0,12
2122,I-10-11,466.0,778.0,1.0,12
2122,I-10-22,450.0,778.0,2.0,12
2123,I-10-11,466.0,778.0,1.0,12
2123,I-10-22,450.0,778.0,2.0,12
2124,I-08-13,484.0,778.0,1.0,12
2124,I-08-23,484.0,778.0,2.0,12
2125,I-08-13,484.0,778.0,1.0,12
2125,I-08-23,484.0,778.0,2.0,12
2126,I-08-13,484.0,778.0,1.0,12
2126,I-08-23,484.0,778.0,2.0,12
2127,I-08-13,484.0,778.0,1.0,12
2127,I-08-23,484.0,778.0,2.0,12
2128,I-08-13,484.0,778.0,1.0,12
2128,I-08-23,484.0,778.0,2.0,12
2129,I-08-13,484.0,778.0,1.0,12
2129,I-08-23,484.0,778.0,2.0,12
2130,I-08-13,484.0,778.0,1.0,12
2130,I-08-23,484.0,778.0,2.0,12
2131,I-08-13,484.0,778.0,1.0,12
2131,I-08-23,484.0,778.0,2.0,12
2132,I-08-13,484.0,778.0,1.0,12
2132,I-08-23,484.0,778.0,2.0,12
2133,I-08-13,484.0,778.0,1.0,12
2133,I-08-23,484.0,778.0,2.0,12
2134,I-08-13,484.0,778.0,1.0,12
2134,I-08-23,484.0,778.0,2.0,12
2135,I-08-13,484.0,778.0,1.0,12
2135,I-08-23,484.0,778.0,2.0,12
2136,I-08-13,484.0,778.0,1.0,12
2136,I-08-23,484.0,778.0,2.0,12
2137,I-08-13,484.0,778.0,1.0,12
2137,I-08-23,484.0,778.0,2.0,12
2138,I-08-13,484.0,778.0,1.0,12
2138,I-08-23,484.0,778.0,2.0,12
2139,I-08-13,484.0,778.0,1.0,12
2139,I-08-23,484.0,778.0,2.0,12
2140,I-08-13,484.0,778.0,1.0,12
2140,I-08-23,484.0,778.0,2.0,12
2141,I-08-13,484.0,778.0,1.0,12
2141,I-08-23,484.0,778.0,2.0,12
2142,I-08-13,484.0,778.0,1.0,12
2142,I-08-23,484.0,778.0,2.0,12
2143,I-08-13,484.0,778.0,1.0,12
2143,I-08-23,484.0,778.0,2.0,12
2144,I-08-13,484.0,778.0,1.0,12
2144,I-08-23,484.0,778.0,2.0,12
2145,I-08-13,484.0,778.0,1.0,12
2145,I-08-23,484.0,778.0,2.0,12
2146,I-08-13,484.0,778.0,1.0,12
2146,I-08-23,484.0,778.0,2.0,12
2147,I-08-13,484.0,778.0,1.0,12
2147,I-08-23,484.0,778.0,2.0,12
2148,I-08-13,484.0,778.0,1.0,12
2148,I-08-23,484.0,778.0,2.0,12
2149,I-08-13,484.0,778.0,1.0,12
2149,I-08-23,484.0,778.0,2.0,12
2150,I-08-13,484.0,778.0,1.0,12
2150,I-08-23,484.0,778.0,2.0,12
2151,I-08-13,484.0,778.0,1.0,12
2151,I-08-23,484.0,778.0,2.0,12
2152,I-08-13,484.0,778.0,1.0,12
2152,I-08-23,484.0,778.0,2.0,12
2153,I-08-13,484.0,778.0,1.0,12
2153,I-08-23,484.0,778.0,2.0,12
2154,I-08-13,484.0,778.0,1.0,12
2154,I-08-23,484.0,778.0,2.0,12
2155,I-08-13,484.0,778.0,1.0,12
2155,I-08-23,484.0,778.0,2.0,12
2156,I-08-13,484.0,778.0,1.0,12
2156,I-08-23,484.0,778.0,2.0,12
2157,I-08-13,484.0,778.0,1.0,12
2157,I-08-23,484.0,778.0,2.0,12
2158,I-08-13,484.0,778.0,1.0,12
2158,I-08-23,484.0,778.0,2.0,12
2159,I-08-13,484.0,778.0,1.0,12
2159,I-08-23,484.0,778.0,2.0,12
2160,I-08-13,484.0,778.0,1.0,12
2160,I-08-23,484.0,778.0,2.0,6
2160,I-08-22,500.0,778.0,2.0,7
2161,I-08-13,484.0,778.0,1.0,12
2161,I-08-12,500.0,778.0,1.0,12
2162,I-08-13,484.0,778.0,1.0,10
2162,I-08-12,500.0,778.0,1.0,12
2162,I-08-22,500.0,778.0,2.0,3
2163,I-08-12,500.0,778.0,1.0,12
2163,I-08-22,500.0,778.0,2.0,12
2164,I-08-12,500.0,778.0,1.0,12
2164,I-08-22,500.0,778.0,2.0,12
2165,I-08-12,500.0,778.0,1.0,12
2165,I-08-22,500.0,778.0,2.0,12
2166,I-08-12,500.0,778.0,1.0,12
2166,I-08-22,500.0,778.0,2.0,12
2167,I-08-12,500.0,778.0,1.0,12
2167,I-08-22,500.0,778.0,2.0,12
2168,I-08-12,500.0,778.0,1.0,12
2168,I-08-22,500.0,778.0,2.0,12
2169,I-08-12,500.0,778.0,1.0,12
2169,I-08-22,500.0,778.0,2.0,12
2170,I-08-12,500.0,778.0,1.0,12
2170,I-08-22,500.0,778.0,2.0,12
2171,I-08-12,500.0,778.0,1.0,12
2171,I-08-22,500.0,778.0,2.0,12
2172,I-08-12,500.0,778.0,1.0,12
2172,I-08-22,500.0,778.0,2.0,12
2173,I-08-12,500.0,778.0,1.0,12
2173,I-08-22,500.0,778.0,2.0,12
2174,I-08-12,500.0,778.0,1.0,12
2174,I-08-22,500.0,778.0,2.0,12
2175,I-08-12,500.0,778.0,1.0,12
2175,I-08-22,500.0,778.0,2.0,12
2176,I-08-12,500.0,778.0,1.0,12
2176,I-08-22,500.0,778.0,2.0,12
2177,I-08-12,500.0,778.0,1.0,12
2177,I-08-22,500.0,778.0,2.0,12
2178,I-08-12,500.0,778.0,1.0,12
2178,I-08-22,500.0,778.0,2.0,12
2179,I-08-12,500.0,778.0,1.0,12
2179,I-08-22,500.0,778.0,2.0,12
2180,I-08-12,500.0,778.0,1.0,12
2180,I-08-22,500.0,778.0,2.0,12
2181,I-08-12,500.0,778.0,1.0,12
2181,I-08-22,500.0,778.0,2.0,12
2182,I-08-12,500.0,778.0,1.0,12
2182,I-08-22,500.0,778.0,2.0,12
2183,I-08-12,500.0,778.0,1.0,12
2183,I-08-22,500.0,778.0,2.0,12
2184,I-08-12,500.0,778.0,1.0,12
2184,I-08-22,500.0,778.0,2.0,12
2185,I-08-12,500.0,778.0,1.0,12
2185,I-08-22,500.0,778.0,2.0,12
2186,I-08-12,500.0,778.0,1.0,12
2186,I-08-22,500.0,778.0,2.0,12
2187,I-08-12,500.0,778.0,1.0,12
2187,I-08-22,500.0,778.0,2.0,12
2188,I-08-12,500.0,778.0,1.0,12
2188,I-08-22,500.0,778.0,2.0,12
2189,I-08-12,500.0,778.0,1.0,12
2189,I-08-22,500.0,778.0,2.0,12
2190,I-08-12,500.0,778.0,1.0,12
2190,I-08-22,500.0,778.0,2.0,12
2191,I-08-12,500.0,778.0,1.0,12
2191,I-08-22,500.0,778.0,2.0,12
2192,I-08-12,500.0,778.0,1.0,12
2192,I-08-22,500.0,778.0,2.0,12
2193,I-08-12,500.0,778.0,1.0,12
2193,I-08-22,500.0,778.0,2.0,12
2194,I-08-12,500.0,778.0,1.0,12
2194,I-08-22,500.0,778.0,2.0,12
2195,I-08-12,500.0,778.0,1.0,12
2195,I-08-22,500.0,778.0,2.0,12
2196,I-08-12,500.0,778.0,1.0,12
2196,I-08-22,500.0,778.0,2.0,12
2197,I-08-12,500.0,778.0,1.0,12
2197,I-08-22,500.0,778.0,2.0,12
2198,I-08-12,500.0,778.0,1.0,12
2198,I-08-22,500.0,778.0,2.0,12
2199,I-08-12,500.0,778.0,1.0,12
2199,I-08-22,500.0,778.0,2.0,12
2200,I-08-12,500.0,778.0,1.0,12
2200,I-08-22,500.0,778.0,2.0,12
2201,I-08-12,500.0,778.0,1.0,12
2201,I-08-22,500.0,778.0,2.0,12
2202,I-08-12,500.0,778.0,1.0,12
2202,I-08-22,500.0,778.0,2.0,12
2203,I-08-12,500.0,778.0,1.0,12
2203,I-08-22,500.0,778.0,2.0,12
2204,I-08-12,500.0,778.0,1.0,12
2204,I-08-22,500.0,778.0,2.0,12
2205,I-08-12,500.0,778.0,1.0,12
2205,I-08-22,500.0,778.0,2.0,12
2206,I-08-12,500.0,778.0,1.0,12
2206,I-08-22,500.0,778.0,2.0,12
2207,I-08-12,500.0,778.0,1.0,12
2207,I-08-22,500.0,778.0,2.0,12
2208,I-08-12,500.0,778.0,1.0,12
2208,I-08-22,500.0,778.0,2.0,12
2209,I-08-12,500.0,778.0,1.0,12
2209,I-08-22,500.0,778.0,2.0,12
2210,I-08-12,500.0,778.0,1.0,12
2210,I-08-22,500.0,778.0,2.0,12
2211,I-08-12,500.0,778.0,1.0,12
2211,I-08-22,500.0,778.0,2.0,12
2212,I-08-12,500.0,778.0,1.0,12
2212,I-08-22,500.0,778.0,2.0,12
2213,I-08-12,500.0,778.0,1.0,12
2213,I-08-22,500.0,778.0,2.0,12
2214,I-08-12,500.0,778.0,1.0,12
2214,I-08-22,500.0,778.0,2.0,12
2215,I-08-12,500.0,778.0,1.0,12
2215,I-08-22,500.0,778.0,2.0,12
2216,I-08-12,500.0,778.0,1.0,6
2216,I-08-22,500.0,778.0,2.0,4
2216,I-08-21,516.0,778.0,2.0,12
2216,I-08-11,516.0,778.0,1.0,3
2217,I-08-11,516.0,778.0,1.0,12
2217,I-08-21,516.0,778.0,2.0,12
2218,I-08-11,516.0,778.0,1.0,12
2218,I-08-21,516.0,778.0,2.0,12
2219,I-08-11,516.0,778.0,1.0,12
2219,I-08-21,516.0,778.0,2.0,12
2220,I-08-11,516.0,778.0,1.0,12
2220,I-08-21,516.0,778.0,2.0,12
2221,I-08-11,516.0,778.0,1.0,12
2221,I-08-21,516.0,778.0,2.0,12
2222,I-08-11,516.0,778.0,1.0,12
2222,I-08-21,516.0,778.0,2.0,12
2223,I-08-11,516.0,778.0,1.0,12
2223,I-08-21,516.0,778.0,2.0,12
2224,I-08-11,516.0,778.0,1.0,12
2224,I-08-21,516.0,778.0,2.0,12
2225,I-08-11,516.0,778.0,1.0,12
2225,I-08-21,516.0,778.0,2.0,12
2226,I-08-11,516.0,778.0,1.0,12
2226,I-08-21,516.0,778.0,2.0,12
2227,I-08-11,516.0,778.0,1.0,12
2227,I-08-21,516.0,778.0,2.0,12
2228,I-08-11,516.0,778.0,1.0,12
2228,I-08-21,516.0,778.0,2.0,12
2229,I-08-11,516.0,778.0,1.0,12
2229,I-08-21,516.0,778.0,2.0,12
2230,I-08-11,516.0,778.0,1.0,12
2230,I-08-21,516.0,778.0,2.0,12
2231,I-08-11,516.0,778.0,1.0,12
2231,I-08-21,516.0,778.0,2.0,12
2232,I-08-11,516.0,778.0,1.0,12
2232,I-08-21,516.0,778.0,2.0,12
2233,I-08-11,516.0,778.0,1.0,12
2233,I-08-21,516.0,778.0,2.0,12
2234,I-08-11,516.0,778.0,1.0,12
2234,I-08-21,516.0,778.0,2.0,12
2235,I-08-11,516.0,778.0,1.0,12
2235,I-08-21,516.0,778.0,2.0,12
2236,I-08-11,516.0,778.0,1.0,12
2236,I-08-21,516.0,778.0,2.0,12
2237,I-08-11,516.0,778.0,1.0,12
2237,I-08-21,516.0,778.0,2.0,12
2238,I-08-11,516.0,778.0,1.0,12
2238,I-08-21,516.0,778.0,2.0,12
2239,I-08-11,516.0,778.0,1.0,12
2239,I-08-21,516.0,778.0,2.0,12
2240,I-08-11,516.0,778.0,1.0,12
2240,I-08-21,516.0,778.0,2.0,12
2241,I-08-11,516.0,778.0,1.0,12
2241,I-08-21,516.0,778.0,2.0,12
2242,I-08-11,516.0,778.0,1.0,12
2242,I-08-21,516.0,778.0,2.0,12
2243,I-08-11,516.0,778.0,1.0,12
2243,I-08-21,516.0,778.0,2.0,12
2244,I-08-11,516.0,778.0,1.0,12
2244,I-08-21,516.0,778.0,2.0,12
2245,I-08-11,516.0,778.0,1.0,12
2245,I-08-21,516.0,778.0,2.0,12
2246,I-08-11,516.0,778.0,1.0,12
2246,I-08-21,516.0,778.0,2.0,12
2247,I-08-11,516.0,778.0,1.0,12
2247,I-08-21,516.0,778.0,2.0,12
2248,I-08-11,516.0,778.0,1.0,12
2248,I-08-21,516.0,778.0,2.0,12
2249,I-08-11,516.0,778.0,1.0,12
2249,I-08-21,516.0,778.0,2.0,12
2250,I-08-11,516.0,778.0,1.0,12
2250,I-08-21,516.0,778.0,2.0,7
2250,I-06-23,534.0,778.0,2.0,6
2251,I-08-11,516.0,778.0,1.0,12
2251,I-06-13,534.0,778.0,1.0,12
2252,I-08-11,516.0,778.0,1.0,12
2252,I-06-13,534.0,778.0,1.0,12
2253,I-08-11,516.0,778.0,1.0,12
2253,I-06-13,534.0,778.0,1.0,12
2254,I-08-11,516.0,778.0,1.0,12
2254,I-06-13,534.0,778.0,1.0,12
2255,I-08-11,516.0,778.0,1.0,3
2255,I-06-13,534.0,778.0,1.0,12
2255,I-06-23,534.0,778.0,2.0,10
2256,I-06-13,534.0,778.0,1.0,12
2256,I-06-23,534.0,778.0,2.0,12
2257,I-06-13,534.0,778.0,1.0,12
2257,I-06-23,534.0,778.0,2.0,12
2258,I-06-13,534.0,778.0,1.0,12
2258,I-06-23,534.0,778.0,2.0,12
2259,I-06-13,534.0,778.0,1.0,12
2259,I-06-23,534.0,778.0,2.0,12
2260,I-06-13,534.0,778.0,1.0,12
2260,I-06-23,534.0,778.0,2.0,12
2261,I-06-13,534.0,778.0,1.0,12
2261,I-06-23,534.0,778.0,2.0,12
2262,I-06-13,534.0,778.0,1.0,12
2262,I-06-23,534.0,778.0,2.0,12
2263,I-06-13,534.0,778.0,1.0,12
2263,I-06-23,534.0,778.0,2.0,12
2264,I-06-13,534.0,778.0,1.0,12
2264,I-06-23,534.0,778.0,2.0,12
2265,I-06-13,534.0,778.0,1.0,12
2265,I-06-23,534.0,778.0,2.0,12
2266,I-06-13,534.0,778.0,1.0,12
2266,I-06-23,534.0,778.0,2.0,12
2267,I-06-13,534.0,778.0,1.0,12
2267,I-06-23,534.0,778.0,2.0,12
2268,I-06-13,534.0,778.0,1.0,12
2268,I-06-23,534.0,778.0,2.0,12
2269,I-06-13,534.0,778.0,1.0,12
2269,I-06-23,534.0,778.0,2.0,12
2270,I-06-13,534.0,778.0,1.0,12
2270,I-06-23,534.0,778.0,2.0,12
2271,I-06-13,534.0,778.0,1.0,12
2271,I-06-23,534.0,778.0,2.0,12
2272,I-06-13,534.0,778.0,1.0,12
2272,I-06-23,534.0,778.0,2.0,12
2273,I-06-13,534.0,778.0,1.0,12
2273,I-06-23,534.0,778.0,2.0,12
2274,I-06-13,534.0,778.0,1.0,12
2274,I-06-23,534.0,778.0,2.0,12
2275,I-06-13,534.0,778.0,1.0,12
2275,I-06-23,534.0,778.0,2.0,12
2276,I-06-13,534.0,778.0,1.0,12
2276,I-06-23,534.0,778.0,2.0,12
2277,I-06-13,534.0,778.0,1.0,12
2277,I-06-23,534.0,778.0,2.0,12
2278,I-06-13,534.0,778.0,1.0,12
2278,I-06-23,534.0,778.0,2.0,12
2279,I-06-13,534.0,778.0,1.0,12
2279,I-06-23,534.0,778.0,2.0,12
2280,I-06-13,534.0,778.0,1.0,12
2280,I-06-23,534.0,778.0,2.0,12
2281,I-06-13,534.0,778.0,1.0,12
2281,I-06-23,534.0,778.0,2.0,12
2282,I-06-13,534.0,778.0,1.0,12
2282,I-06-23,534.0,778.0,2.0,12
2283,I-06-13,534.0,778.0,1.0,12
2283,I-06-23,534.0,778.0,2.0,12
2284,I-06-13,534.0,778.0,1.0,12
2284,I-06-23,534.0,778.0,2.0,12
2285,I-06-13,534.0,778.0,1.0,12
2285,I-06-23,534.0,778.0,2.0,12
2286,I-06-13,534.0,778.0,1.0,12
2286,I-06-23,534.0,778.0,2.0,12
2287,I-06-13,534.0,778.0,1.0,12
2287,I-06-23,534.0,778.0,2.0,12
2288,I-06-13,534.0,778.0,1.0,12
2288,I-06-23,534.0,778.0,2.0,12
2289,I-06-13,534.0,778.0,1.0,12
2289,I-06-23,534.0,778.0,2.0,12
2290,I-06-13,534.0,778.0,1.0,12
2290,I-06-23,534.0,778.0,2.0,12
2291,I-06-13,534.0,778.0,1.0,12
2291,I-06-23,534.0,778.0,2.0,12
2292,I-06-13,534.0,778.0,1.0,12
2292,I-06-23,534.0,778.0,2.0,12
2293,I-06-13,534.0,778.0,1.0,12
2293,I-06-23,534.0,778.0,2.0,12
2294,I-06-13,534.0,778.0,1.0,12
2294,I-06-23,534.0,778.0,2.0,12
2295,I-06-13,534.0,778.0,1.0,12
2295,I-06-23,534.0,778.0,2.0,12
2296,I-06-13,534.0,778.0,1.0,12
2296,I-06-23,534.0,778.0,2.0,12
2297,I-06-13,534.0,778.0,1.0,12
2297,I-06-23,534.0,778.0,2.0,12
2298,I-06-13,534.0,778.0,1.0,12
2298,I-06-23,534.0,778.0,2.0,12
2299,I-06-13,534.0,778.0,1.0,12
2299,I-06-23,534.0,778.0,2.0,12
2300,I-06-13,534.0,778.0,1.0,12
2300,I-06-23,534.0,778.0,2.0,12
2301,I-06-13,534.0,778.0,1.0,12
2301,I-06-23,534.0,778.0,2.0,12
2302,I-06-13,534.0,778.0,1.0,12
2302,I-06-23,534.0,778.0,2.0,12
2303,I-06-13,534.0,778.0,1.0,12
2303,I-06-23,534.0,778.0,2.0,11
2303,I-06-22,550.0,778.0,2.0,2
2304,I-06-13,534.0,778.0,1.0,4
2304,I-06-12,550.0,778.0,1.0,12
2304,I-06-22,550.0,778.0,2.0,9
2305,I-06-12,550.0,778.0,1.0,12
2305,I-06-22,550.0,778.0,2.0,12
2306,I-06-12,550.0,778.0,1.0,12
2306,I-06-22,550.0,778.0,2.0,12
2307,I-06-12,550.0,778.0,1.0,12
2307,I-06-22,550.0,778.0,2.0,12
2308,I-06-12,550.0,778.0,1.0,12
2308,I-06-22,550.0,778.0,2.0,12
2309,I-06-12,550.0,778.0,1.0,12
2309,I-06-22,550.0,778.0,2.0,12
2310,I-06-12,550.0,778.0,1.0,12
2310,I-06-22,550.0,778.0,2.0,12
2311,I-06-12,550.0,778.0,1.0,12
2311,I-06-22,550.0,778.0,2.0,12
2312,I-06-12,550.0,778.0,1.0,12
2312,I-06-22,550.0,778.0,2.0,12
2313,I-06-12,550.0,778.0,1.0,12
2313,I-06-22,550.0,778.0,2.0,12
2314,I-06-12,550.0,778.0,1.0,12
2314,I-06-22,550.0,778.0,2.0,12
2315,I-06-12,550.0,778.0,1.0,12
2315,I-06-22,550.0,778.0,2.0,12
2316,I-06-12,550.0,778.0,1.0,12
2316,I-06-22,550.0,778.0,2.0,12
2317,I-06-12,550.0,778.0,1.0,12
2317,I-06-22,550.0,778.0,2.0,12
2318,I-06-12,550.0,778.0,1.0,12
2318,I-06-22,550.0,778.0,2.0,12
2319,I-06-12,550.0,778.0,1.0,12
2319,I-06-22,550.0,778.0,2.0,12
2320,I-06-12,550.0,778.0,1.0,12
2320,I-06-22,550.0,778.0,2.0,6
2320,I-06-21,566.0,778.0,2.0,7
2321,I-06-12,550.0,778.0,1.0,12
2321,I-06-11,566.0,778.0,1.0,12
2322,I-06-12,550.0,778.0,1.0,12
2322,I-06-11,566.0,778.0,1.0,12
2323,I-06-12,550.0,778.0,1.0,12
2323,I-06-11,566.0,778.0,1.0,12
2324,I-06-12,550.0,778.0,1.0,12
2324,I-06-11,566.0,778.0,1.0,12
2325,I-06-12,550.0,778.0,1.0,10
2325,I-06-11,566.0,778.0,1.0,12
2325,I-06-21,566.0,778.0,2.0,3
2326,I-06-11,566.0,778.0,1.0,12
2326,I-06-21,566.0,778.0,2.0,12
2327,I-06-11,566.0,778.0,1.0,12
2327,I-06-21,566.0,778.0,2.0,12
2328,I-06-11,566.0,778.0,1.0,12
2328,I-06-21,566.0,778.0,2.0,12
2329,I-06-11,566.0,778.0,1.0,12
2329,I-06-21,566.0,778.0,2.0,12
2330,I-06-11,566.0,778.0,1.0,12
2330,I-06-21,566.0,778.0,2.0,12
2331,I-06-11,566.0,778.0,1.0,12
2331,I-06-21,566.0,778.0,2.0,12
2332,I-06-11,566.0,778.0,1.0,12
2332,I-06-21,566.0,778.0,2.0,12
2333,I-06-11,566.0,778.0,1.0,12
2333,I-06-21,566.0,778.0,2.0,12
2334,I-06-11,566.0,778.0,1.0,12
2334,I-06-21,566.0,778.0,2.0,12
2335,I-06-11,566.0,778.0,1.0,12
2335,I-06-21,566.0,778.0,2.0,12
2336,I-06-11,566.0,778.0,1.0,12
2336,I-06-21,566.0,778.0,2.0,12
2337,I-06-11,566.0,778.0,1.0,12
2337,I-06-21,566.0,778.0,2.0,12
2338,I-06-11,566.0,778.0,1.0,12
2338,I-06-21,566.0,778.0,2.0,12
2339,I-06-11,566.0,778.0,1.0,12
2339,I-06-21,566.0,778.0,2.0,12
2340,I-06-11,566.0,778.0,1.0,12
2340,I-06-21,566.0,778.0,2.0,12
2341,I-06-11,566.0,778.0,1.0,12
2341,I-06-21,566.0,778.0,2.0,12
2342,I-06-11,566.0,778.0,1.0,12
2342,I-06-21,566.0,778.0,2.0,12
2343,I-06-11,566.0,778.0,1.0,12
2343,I-06-21,566.0,778.0,2.0,12
2344,I-06-11,566.0,778.0,1.0,12
2344,I-06-21,566.0,778.0,2.0,12
2345,I-06-11,566.0,778.0,1.0,12
2345,I-06-21,566.0,778.0,2.0,2
2345,I-04-23,584.0,778.0,2.0,11
2346,I-06-11,566.0,778.0,1.0,12
2346,I-04-13,584.0,778.0,1.0,12
2347,I-06-11,566.0,778.0,1.0,9
2347,I-04-13,584.0,778.0,1.0,8
2347,I-04-23,584.0,778.0,2.0,8
2348,I-04-12,600.0,778.0,1.0,12
2348,I-04-22,600.0,778.0,2.0,12
2349,I-04-12,600.0,778.0,1.0,12
2349,I-04-22,600.0,778.0,2.0,12
2350,I-04-12,600.0,778.0,1.0,12
2350,I-04-22,600.0,778.0,2.0,12
2351,I-04-12,600.0,778.0,1.0,12
2351,I-04-22,600.0,778.0,2.0,12
2352,I-04-12,600.0,778.0,1.0,12
2352,I-04-22,600.0,778.0,2.0,12
2353,I-04-12,600.0,778.0,1.0,12
2353,I-04-22,600.0,778.0,2.0,12
2354,I-04-12,600.0,778.0,1.0,12
2354,I-04-22,600.0,778.0,2.0,12
2355,I-04-12,600.0,778.0,1.0,12
2355,I-04-22,600.0,778.0,2.0,12
2356,I-04-12,600.0,778.0,1.0,2
2356,I-04-22,600.0,778.0,2.0,12
2356,I-04-23,584.0,778.0,2.0,11
2357,I-04-11,616.0,778.0,1.0,12
2357,I-04-21,616.0,778.0,2.0,12
2358,I-04-11,616.0,778.0,1.0,12
2358,I-04-21,616.0,778.0,2.0,12
2359,I-04-11,616.0,778.0,1.0,12
2359,I-04-21,616.0,778.0,2.0,12
2360,I-04-11,616.0,778.0,1.0,12
2360,I-04-21,616.0,778.0,2.0,12
2361,I-04-11,616.0,778.0,1.0,12
2361,I-04-21,616.0,778.0,2.0,12
2362,I-04-11,616.0,778.0,1.0,12
2362,I-04-21,616.0,778.0,2.0,12
2363,I-04-11,616.0,778.0,1.0,12
2363,I-04-21,616.0,778.0,2.0,12
2364,I-04-11,616.0,778.0,1.0,12
2364,I-04-21,616.0,778.0,2.0,6
2364,I-04-22,600.0,778.0,2.0,1
2364,I-04-23,584.0,778.0,2.0,6
2365,I-04-11,616.0,778.0,1.0,8
2365,I-02-13,634.0,778.0,1.0,12
2365,I-02-23,634.0,778.0,2.0,5
2366,I-02-13,634.0,778.0,1.0,12
2366,I-02-23,634.0,778.0,2.0,12
2367,I-02-13,634.0,778.0,1.0,12
2367,I-02-23,634.0,778.0,2.0,12
2368,I-02-13,634.0,778.0,1.0,12
2368,I-02-23,634.0,778.0,2.0,12
2369,I-02-13,634.0,778.0,1.0,12
2369,I-02-23,634.0,778.0,2.0,11
2369,I-02-22,650.0,778.0,2.0,2
2370,I-02-12,650.0,778.0,1.0,12
2370,I-02-22,650.0,778.0,2.0,12
2371,I-02-12,650.0,778.0,1.0,12
2371,I-02-22,650.0,778.0,2.0,12
2372,I-02-12,650.0,778.0,1.0,12
2372,I-02-22,650.0,778.0,2.0,12
2373,I-02-12,650.0,778.0,1.0,12
2373,I-02-22,650.0,778.0,2.0,12
2374,I-02-12,650.0,778.0,1.0,12
2374,I-02-22,650.0,778.0,2.0,12
2375,I-02-12,650.0,778.0,1.0,12
2375,I-02-22,650.0,778.0,2.0,12
2376,I-02-12,650.0,778.0,1.0,12
2376,I-02-22,650.0,778.0,2.0,12
2377,I-02-12,650.0,778.0,1.0,12
2377,I-02-22,650.0,778.0,2.0,1
2377,I-02-21,666.0,778.0,2.0,12
2378,I-02-12,650.0,778.0,1.0,12
2378,I-02-11,666.0,778.0,1.0,12
2379,I-02-12,650.0,778.0,1.0,12
2379,I-02-11,666.0,778.0,1.0,12
2380,I-02-12,650.0,778.0,1.0,12
2380,I-02-11,666.0,778.0,1.0,12
2381,I-02-12,650.0,778.0,1.0,12
2381,I-02-11,666.0,778.0,1.0,12
2382,I-02-11,666.0,778.0,1.0,12
2382,I-02-21,666.0,778.0,2.0,12
2383,I-02-11,666.0,778.0,1.0,12
2383,I-02-21,666.0,778.0,2.0,12
2384,I-02-11,666.0,778.0,1.0,12
2384,I-02-21,666.0,778.0,2.0,12
2385,I-02-11,666.0,778.0,1.0,11
2385,I-02-21,666.0,778.0,2.0,12
2385,J-01-21,666.0,810.0,2.0,2
2386,K-23-13,86.0,810.0,1.0,12
2386,K-23-23,86.0,810.0,2.0,12
2387,K-23-13,86.0,810.0,1.0,12
2387,K-23-23,86.0,810.0,2.0,12
2388,K-23-13,86.0,810.0,1.0,12
2388,K-23-23,86.0,810.0,2.0,12
2389,K-23-13,86.0,810.0,1.0,12
2389,K-23-23,86.0,810.0,2.0,12
2390,K-23-13,86.0,810.0,1.0,12
2390,K-23-23,86.0,810.0,2.0,12
2391,K-23-13,86.0,810.0,1.0,12
2391,K-23-23,86.0,810.0,2.0,12
2392,K-23-13,86.0,810.0,1.0,12
2392,K-23-23,86.0,810.0,2.0,12
2393,K-23-13,86.0,810.0,1.0,12
2393,K-23-23,86.0,810.0,2.0,12
2394,K-23-13,86.0,810.0,1.0,12
2394,K-23-23,86.0,810.0,2.0,12
2395,K-23-13,86.0,810.0,1.0,12
2395,K-23-23,86.0,810.0,2.0,12
2396,K-23-13,86.0,810.0,1.0,12
2396,K-23-23,86.0,810.0,2.0,12
2397,K-23-13,86.0,810.0,1.0,8
2397,K-23-23,86.0,810.0,2.0,12
2397,K-23-22,102.0,810.0,2.0,5
2398,K-23-12,102.0,810.0,1.0,12
2398,K-23-22,102.0,810.0,2.0,12
2399,K-23-12,102.0,810.0,1.0,12
2399,K-23-22,102.0,810.0,2.0,12
2400,K-23-12,102.0,810.0,1.0,12
2400,K-23-22,102.0,810.0,2.0,12
2401,K-23-12,102.0,810.0,1.0,12
2401,K-23-22,102.0,810.0,2.0,12
2402,K-23-12,102.0,810.0,1.0,12
2402,K-23-22,102.0,810.0,2.0,12
2403,K-23-12,102.0,810.0,1.0,12
2403,K-23-22,102.0,810.0,2.0,12
2404,K-23-12,102.0,810.0,1.0,12
2404,K-23-22,102.0,810.0,2.0,12
2405,K-23-12,102.0,810.0,1.0,12
2405,K-23-22,102.0,810.0,2.0,12
2406,K-23-12,102.0,810.0,1.0,12
2406,K-23-22,102.0,810.0,2.0,12
2407,K-23-12,102.0,810.0,1.0,12
2407,K-23-22,102.0,810.0,2.0,12
2408,K-23-12,102.0,810.0,1.0,12
2408,K-23-22,102.0,810.0,2.0,12
2409,K-23-12,102.0,810.0,1.0,12
2409,K-23-22,102.0,810.0,2.0,12
2410,K-23-12,102.0,810.0,1.0,12
2410,K-23-22,102.0,810.0,2.0,12
2411,K-23-12,102.0,810.0,1.0,12
2411,K-23-22,102.0,810.0,2.0,12
2412,K-23-12,102.0,810.0,1.0,12
2412,K-23-22,102.0,810.0,2.0,12
2413,K-23-12,102.0,810.0,1.0,12
2413,K-23-22,102.0,810.0,2.0,12
2414,K-23-12,102.0,810.0,1.0,12
2414,K-23-22,102.0,810.0,2.0,12
2415,K-23-12,102.0,810.0,1.0,12
2415,K-23-22,102.0,810.0,2.0,12
2416,K-23-12,102.0,810.0,1.0,11
2416,K-23-22,102.0,810.0,2.0,12
2416,K-23-23,86.0,810.0,2.0,2
2417,K-23-11,118.0,810.0,1.0,12
2417,K-23-21,118.0,810.0,2.0,12
2418,K-23-11,118.0,810.0,1.0,12
2418,K-23-21,118.0,810.0,2.0,12
2419,K-23-11,118.0,810.0,1.0,12
2419,K-23-21,118.0,810.0,2.0,12
2420,K-23-11,118.0,810.0,1.0,12
2420,K-23-21,118.0,810.0,2.0,12
2421,K-23-11,118.0,810.0,1.0,12
2421,K-23-21,118.0,810.0,2.0,12
2422,K-23-11,118.0,810.0,1.0,12
2422,K-23-21,118.0,810.0,2.0,12
2423,K-23-11,118.0,810.0,1.0,12
2423,K-23-21,118.0,810.0,2.0,12
2424,K-23-11,118.0,810.0,1.0,12
2424,K-23-21,118.0,810.0,2.0,12
2425,K-23-11,118.0,810.0,1.0,12
2425,K-23-21,118.0,810.0,2.0,12
2426,K-23-11,118.0,810.0,1.0,12
2426,K-23-21,118.0,810.0,2.0,12
2427,K-23-11,118.0,810.0,1.0,12
2427,K-23-21,118.0,810.0,2.0,12
2428,K-23-11,118.0,810.0,1.0,12
2428,K-23-21,118.0,810.0,2.0,12
2429,K-23-11,118.0,810.0,1.0,12
2429,K-23-21,118.0,810.0,2.0,12
2430,K-23-11,118.0,810.0,1.0,12
2430,K-23-21,118.0,810.0,2.0,12
2431,K-23-11,118.0,810.0,1.0,12
2431,K-23-21,118.0,810.0,2.0,12
2432,K-23-11,118.0,810.0,1.0,12
2432,K-23-21,118.0,810.0,2.0,12
2433,K-23-11,118.0,810.0,1.0,12
2433,K-23-21,118.0,810.0,2.0,12
2434,K-23-11,118.0,810.0,1.0,12
2434,K-23-21,118.0,810.0,2.0,12
2435,K-23-11,118.0,810.0,1.0,4
2435,K-23-21,118.0,810.0,2.0,12
2435,K-23-22,102.0,810.0,2.0,9
2436,K-21-13,136.0,810.0,1.0,12
2436,K-21-23,136.0,810.0,2.0,12
2437,K-21-13,136.0,810.0,1.0,12
2437,K-21-23,136.0,810.0,2.0,12
2438,K-21-13,136.0,810.0,1.0,12
2438,K-21-23,136.0,810.0,2.0,12
2439,K-21-13,136.0,810.0,1.0,12
2439,K-21-23,136.0,810.0,2.0,12
2440,K-21-13,136.0,810.0,1.0,12
2440,K-21-23,136.0,810.0,2.0,12
2441,K-21-13,136.0,810.0,1.0,12
2441,K-21-23,136.0,810.0,2.0,12
2442,K-21-13,136.0,810.0,1.0,12
2442,K-21-23,136.0,810.0,2.0,12
2443,K-21-13,136.0,810.0,1.0,12
2443,K-21-23,136.0,810.0,2.0,12
2444,K-21-13,136.0,810.0,1.0,12
2444,K-21-23,136.0,810.0,2.0,12
2445,K-21-13,136.0,810.0,1.0,12
2445,K-21-23,136.0,810.0,2.0,12
2446,K-21-13,136.0,810.0,1.0,12
2446,K-21-23,136.0,810.0,2.0,12
2447,K-21-13,136.0,810.0,1.0,12
2447,K-21-23,136.0,810.0,2.0,12
2448,K-21-13,136.0,810.0,1.0,12
2448,K-21-23,136.0,810.0,2.0,12
2449,K-21-13,136.0,810.0,1.0,12
2449,K-21-23,136.0,810.0,2.0,12
2450,K-21-13,136.0,810.0,1.0,12
2450,K-21-23,136.0,810.0,2.0,12
2451,K-21-13,136.0,810.0,1.0,12
2451,K-21-23,136.0,810.0,2.0,12
2452,K-21-13,136.0,810.0,1.0,12
2452,K-21-23,136.0,810.0,2.0,12
2453,K-21-13,136.0,810.0,1.0,11
2453,K-21-23,136.0,810.0,2.0,12
2453,K-21-22,152.0,810.0,2.0,2
2454,K-21-12,152.0,810.0,1.0,12
2454,K-21-22,152.0,810.0,2.0,12
2455,K-21-12,152.0,810.0,1.0,12
2455,K-21-22,152.0,810.0,2.0,12
2456,K-21-12,152.0,810.0,1.0,12
2456,K-21-22,152.0,810.0,2.0,12
2457,K-21-12,152.0,810.0,1.0,12
2457,K-21-22,152.0,810.0,2.0,12
2458,K-21-12,152.0,810.0,1.0,12
2458,K-21-22,152.0,810.0,2.0,12
2459,K-21-12,152.0,810.0,1.0,12
2459,K-21-22,152.0,810.0,2.0,12
2460,K-21-12,152.0,810.0,1.0,12
2460,K-21-22,152.0,810.0,2.0,12
2461,K-21-12,152.0,810.0,1.0,12
2461,K-21-22,152.0,810.0,2.0,12
2462,K-21-12,152.0,810.0,1.0,12
2462,K-21-22,152.0,810.0,2.0,12
2463,K-21-12,152.0,810.0,1.0,12
2463,K-21-22,152.0,810.0,2.0,12
2464,K-21-12,152.0,810.0,1.0,12
2464,K-21-22,152.0,810.0,2.0,12
2465,K-21-12,152.0,810.0,1.0,12
2465,K-21-22,152.0,810.0,2.0,12
2466,K-21-12,152.0,810.0,1.0,12
2466,K-21-22,152.0,810.0,2.0,12
2467,K-21-12,152.0,810.0,1.0,12
2467,K-21-22,152.0,810.0,2.0,12
2468,K-21-12,152.0,810.0,1.0,1
2468,K-21-22,152.0,810.0,2.0,12
2468,K-21-23,136.0,810.0,2.0,12
2469,K-21-11,168.0,810.0,1.0,12
2469,K-21-21,168.0,810.0,2.0,12
2470,K-21-11,168.0,810.0,1.0,12
2470,K-21-21,168.0,810.0,2.0,12
2471,K-21-11,168.0,810.0,1.0,12
2471,K-21-21,168.0,810.0,2.0,12
2472,K-21-11,168.0,810.0,1.0,12
2472,K-21-21,168.0,810.0,2.0,12
2473,K-21-11,168.0,810.0,1.0,12
2473,K-21-21,168.0,810.0,2.0,12
2474,K-21-11,168.0,810.0,1.0,12
2474,K-21-21,168.0,810.0,2.0,12
2475,K-21-11,168.0,810.0,1.0,12
2475,K-21-21,168.0,810.0,2.0,12
2476,K-21-11,168.0,810.0,1.0,12
2476,K-21-21,168.0,810.0,2.0,12
2477,K-21-11,168.0,810.0,1.0,12
2477,K-21-21,168.0,810.0,2.0,12
2478,K-21-11,168.0,810.0,1.0,12
2478,K-21-21,168.0,810.0,2.0,12
2479,K-21-11,168.0,810.0,1.0,12
2479,K-21-21,168.0,810.0,2.0,12
2480,K-21-11,168.0,810.0,1.0,12
2480,K-21-21,168.0,810.0,2.0,12
2481,K-21-11,168.0,810.0,1.0,12
2481,K-21-21,168.0,810.0,2.0,12
2482,K-21-11,168.0,810.0,1.0,12
2482,K-21-21,168.0,810.0,2.0,12
2483,K-19-13,186.0,810.0,1.0,12
2483,K-19-23,186.0,810.0,2.0,12
2484,K-19-13,186.0,810.0,1.0,12
2484,K-19-23,186.0,810.0,2.0,12
2485,K-19-13,186.0,810.0,1.0,12
2485,K-19-23,186.0,810.0,2.0,12
2486,K-19-13,186.0,810.0,1.0,12
2486,K-19-23,186.0,810.0,2.0,12
2487,K-19-13,186.0,810.0,1.0,12
2487,K-19-23,186.0,810.0,2.0,12
2488,K-19-13,186.0,810.0,1.0,12
2488,K-19-23,186.0,810.0,2.0,12
2489,K-19-13,186.0,810.0,1.0,12
2489,K-19-23,186.0,810.0,2.0,12
2490,K-19-13,186.0,810.0,1.0,4
2490,K-19-23,186.0,810.0,2.0,12
2490,K-19-22,202.0,810.0,2.0,9
2491,K-19-12,202.0,810.0,1.0,12
2491,K-19-22,202.0,810.0,2.0,12
2492,K-19-12,202.0,810.0,1.0,12
2492,K-19-22,202.0,810.0,2.0,12
2493,K-19-12,202.0,810.0,1.0,12
2493,K-19-22,202.0,810.0,2.0,12
2494,K-19-12,202.0,810.0,1.0,12
2494,K-19-22,202.0,810.0,2.0,12
2495,K-19-12,202.0,810.0,1.0,12
2495,K-19-11,218.0,810.0,1.0,12
2496,K-19-12,202.0,810.0,1.0,12
2496,K-19-11,218.0,810.0,1.0,12
2497,K-19-12,202.0,810.0,1.0,12
2497,K-19-11,218.0,810.0,1.0,12
2498,K-19-12,202.0,810.0,1.0,12
2498,K-19-11,218.0,810.0,1.0,12
2499,K-19-12,202.0,810.0,1.0,12
2499,K-19-11,218.0,810.0,1.0,12
2500,K-19-12,202.0,810.0,1.0,12
2500,K-19-11,218.0,810.0,1.0,12
2501,K-19-12,202.0,810.0,1.0,4
2501,K-19-11,218.0,810.0,1.0,12
2501,K-19-21,218.0,810.0,2.0,9
2502,K-19-11,218.0,810.0,1.0,10
2502,K-19-21,218.0,810.0,2.0,12
2502,K-17-23,236.0,810.0,2.0,3
2503,K-17-13,236.0,810.0,1.0,12
2503,K-17-23,236.0,810.0,2.0,12
2504,K-17-13,236.0,810.0,1.0,2
2504,K-17-23,236.0,810.0,2.0,12
2504,K-17-22,252.0,810.0,2.0,11
2505,K-17-12,252.0,810.0,1.0,12
2505,K-17-22,252.0,810.0,2.0,12
2506,K-17-12,252.0,810.0,1.0,12
2506,K-17-22,252.0,810.0,2.0,12
2507,K-17-12,252.0,810.0,1.0,12
2507,K-17-22,252.0,810.0,2.0,12
2508,K-17-12,252.0,810.0,1.0,12
2508,K-17-22,252.0,810.0,2.0,12
2509,K-17-12,252.0,810.0,1.0,12
2509,K-17-22,252.0,810.0,2.0,12
2510,K-17-12,252.0,810.0,1.0,12
2510,K-17-22,252.0,810.0,2.0,12
2511,K-17-12,252.0,810.0,1.0,12
2511,K-17-22,252.0,810.0,2.0,12
2512,K-17-12,252.0,810.0,1.0,12
2512,K-17-22,252.0,810.0,2.0,12
2513,K-17-12,252.0,810.0,1.0,12
2513,K-17-22,252.0,810.0,2.0,12
2514,K-17-12,252.0,810.0,1.0,12
2514,K-17-22,252.0,810.0,2.0,12
2515,K-17-12,252.0,810.0,1.0,12
2515,K-17-22,252.0,810.0,2.0,12
2516,K-17-12,252.0,810.0,1.0,12
2516,K-17-22,252.0,810.0,2.0,12
2517,K-17-12,252.0,810.0,1.0,12
2517,K-17-22,252.0,810.0,2.0,12
2518,K-17-12,252.0,810.0,1.0,12
2518,K-17-22,252.0,810.0,2.0,12
2519,K-17-12,252.0,810.0,1.0,12
2519,K-17-22,252.0,810.0,2.0,12
2520,K-17-12,252.0,810.0,1.0,12
2520,K-17-22,252.0,810.0,2.0,12
2521,K-17-12,252.0,810.0,1.0,1
2521,K-17-22,252.0,810.0,2.0,12
2521,K-17-23,236.0,810.0,2.0,12
2522,K-17-11,268.0,810.0,1.0,12
2522,K-17-21,268.0,810.0,2.0,12
2523,K-17-11,268.0,810.0,1.0,12
2523,K-17-21,268.0,810.0,2.0,12
2524,K-17-11,268.0,810.0,1.0,12
2524,K-17-21,268.0,810.0,2.0,12
2525,K-17-11,268.0,810.0,1.0,12
2525,K-17-21,268.0,810.0,2.0,12
2526,K-17-11,268.0,810.0,1.0,12
2526,K-17-21,268.0,810.0,2.0,12
2527,K-17-11,268.0,810.0,1.0,12
2527,K-17-21,268.0,810.0,2.0,12
2528,K-17-11,268.0,810.0,1.0,12
2528,K-17-21,268.0,810.0,2.0,12
2529,K-17-11,268.0,810.0,1.0,12
2529,K-17-21,268.0,810.0,2.0,12
2530,K-17-11,268.0,810.0,1.0,12
2530,K-17-21,268.0,810.0,2.0,12
2531,K-17-11,268.0,810.0,1.0,12
2531,K-17-21,268.0,810.0,2.0,12
2532,K-17-11,268.0,810.0,1.0,12
2532,K-17-21,268.0,810.0,2.0,12
2533,K-17-11,268.0,810.0,1.0,12
2533,K-17-21,268.0,810.0,2.0,12
2534,K-17-11,268.0,810.0,1.0,12
2534,K-17-21,268.0,810.0,2.0,12
2535,K-17-11,268.0,810.0,1.0,12
2535,K-17-21,268.0,810.0,2.0,12
2536,K-17-11,268.0,810.0,1.0,1
2536,K-17-21,268.0,810.0,2.0,12
2536,K-17-22,252.0,810.0,2.0,7
2536,K-17-23,236.0,810.0,2.0,5
2537,K-15-13,286.0,810.0,1.0,12
2537,K-15-23,286.0,810.0,2.0,12
2538,K-15-13,286.0,810.0,1.0,12
2538,K-15-23,286.0,810.0,2.0,12
2539,K-15-13,286.0,810.0,1.0,12
2539,K-15-23,286.0,810.0,2.0,12
2540,K-15-13,286.0,810.0,1.0,12
2540,K-15-23,286.0,810.0,2.0,12
2541,K-15-13,286.0,810.0,1.0,12
2541,K-15-23,286.0,810.0,2.0,12
2542,K-15-13,286.0,810.0,1.0,12
2542,K-15-23,286.0,810.0,2.0,12
2543,K-15-13,286.0,810.0,1.0,12
2543,K-15-23,286.0,810.0,2.0,12
2544,K-15-13,286.0,810.0,1.0,12
2544,K-15-23,286.0,810.0,2.0,12
2545,K-15-13,286.0,810.0,1.0,12
2545,K-15-23,286.0,810.0,2.0,12
2546,K-15-13,286.0,810.0,1.0,12
2546,K-15-23,286.0,810.0,2.0,12
2547,K-15-13,286.0,810.0,1.0,12
2547,K-15-23,286.0,810.0,2.0,12
2548,K-15-13,286.0,810.0,1.0,12
2548,K-15-23,286.0,810.0,2.0,12
2549,K-15-13,286.0,810.0,1.0,12
2549,K-15-23,286.0,810.0,2.0,12
2550,K-15-13,286.0,810.0,1.0,12
2550,K-15-23,286.0,810.0,2.0,12
2551,K-15-13,286.0,810.0,1.0,12
2551,K-15-23,286.0,810.0,2.0,5
2551,K-15-22,302.0,810.0,2.0,8
2552,K-15-13,286.0,810.0,1.0,12
2552,K-15-12,302.0,810.0,1.0,12
2553,K-15-13,286.0,810.0,1.0,12
2553,K-15-12,302.0,810.0,1.0,12
2554,K-15-13,286.0,810.0,1.0,12
2554,K-15-12,302.0,810.0,1.0,12
2555,K-15-13,286.0,810.0,1.0,12
2555,K-15-12,302.0,810.0,1.0,12
2556,K-15-13,286.0,810.0,1.0,5
2556,K-15-12,302.0,810.0,1.0,12
2556,K-15-22,302.0,810.0,2.0,8
2557,K-15-12,302.0,810.0,1.0,12
2557,K-15-22,302.0,810.0,2.0,12
2558,K-15-12,302.0,810.0,1.0,12
2558,K-15-22,302.0,810.0,2.0,12
2559,K-15-12,302.0,810.0,1.0,12
2559,K-15-22,302.0,810.0,2.0,12
2560,K-15-12,302.0,810.0,1.0,12
2560,K-15-22,302.0,810.0,2.0,12
2561,K-15-12,302.0,810.0,1.0,12
2561,K-15-22,302.0,810.0,2.0,12
2562,K-15-12,302.0,810.0,1.0,9
2562,K-15-22,302.0,810.0,2.0,12
2562,K-15-21,318.0,810.0,2.0,4
2563,K-15-11,318.0,810.0,1.0,12
2563,K-15-21,318.0,810.0,2.0,12
2564,K-15-11,318.0,810.0,1.0,12
2564,K-15-21,318.0,810.0,2.0,12
2565,K-15-11,318.0,810.0,1.0,12
2565,K-15-21,318.0,810.0,2.0,12
2566,K-15-11,318.0,810.0,1.0,12
2566,K-15-21,318.0,810.0,2.0,12
2567,K-15-11,318.0,810.0,1.0,12
2567,K-15-21,318.0,810.0,2.0,12
2568,K-15-11,318.0,810.0,1.0,12
2568,K-15-21,318.0,810.0,2.0,12
2569,K-15-11,318.0,810.0,1.0,12
2569,K-15-21,318.0,810.0,2.0,5
2569,K-15-22,302.0,810.0,2.0,8
2570,K-15-11,318.0,810.0,1.0,12
2570,K-15-22,302.0,810.0,2.0,11
2570,J-16-22,302.0,778.0,2.0,2
2571,K-15-11,318.0,810.0,1.0,5
2571,K-13-13,336.0,810.0,1.0,12
2571,K-13-23,336.0,810.0,2.0,8
2572,K-13-13,336.0,810.0,1.0,12
2572,K-13-23,336.0,810.0,2.0,12
2573,K-13-13,336.0,810.0,1.0,12
2573,K-13-23,336.0,810.0,2.0,6
2573,K-13-22,352.0,810.0,2.0,7
2574,K-13-13,336.0,810.0,1.0,12
2574,K-13-12,352.0,810.0,1.0,12
2575,K-13-13,336.0,810.0,1.0,12
2575,K-13-12,352.0,810.0,1.0,12
2576,K-13-13,336.0,810.0,1.0,8
2576,K-13-12,352.0,810.0,1.0,12
2576,K-13-22,352.0,810.0,2.0,5
2577,K-13-12,352.0,810.0,1.0,12
2577,K-13-22,352.0,810.0,2.0,12
2578,K-13-12,352.0,810.0,1.0,12
2578,K-13-22,352.0,810.0,2.0,12
2579,K-13-12,352.0,810.0,1.0,2
2579,K-13-22,352.0,810.0,2.0,12
2579,K-13-21,368.0,810.0,2.0,11
2580,K-13-11,368.0,810.0,1.0,12
2580,K-13-21,368.0,810.0,2.0,12
2581,K-13-11,368.0,810.0,1.0,12
2581,K-13-21,368.0,810.0,2.0,12
2582,K-13-11,368.0,810.0,1.0,12
2582,K-13-21,368.0,810.0,2.0,12
2583,K-13-11,368.0,810.0,1.0,12
2583,K-13-21,368.0,810.0,2.0,9
2583,K-13-22,352.0,810.0,2.0,4
2584,K-13-11,368.0,810.0,1.0,12
2584,K-13-22,352.0,810.0,2.0,7
2584,J-14-23,336.0,778.0,2.0,6
2585,K-13-11,368.0,810.0,1.0,10
2585,J-14-21,368.0,778.0,2.0,12
2585,J-14-23,336.0,778.0,2.0,3
2586,J-09-13,434.0,810.0,1.0,12
2586,J-09-23,434.0,810.0,2.0,12
2587,J-09-13,434.0,810.0,1.0,12
2587,J-09-23,434.0,810.0,2.0,12
2588,J-09-13,434.0,810.0,1.0,12
2588,J-09-23,434.0,810.0,2.0,12
2589,J-09-13,434.0,810.0,1.0,12
2589,J-09-23,434.0,810.0,2.0,12
2590,J-09-13,434.0,810.0,1.0,12
2590,J-09-23,434.0,810.0,2.0,12
2591,J-09-13,434.0,810.0,1.0,12
2591,J-09-23,434.0,810.0,2.0,12
2592,J-09-13,434.0,810.0,1.0,12
2592,J-09-23,434.0,810.0,2.0,12
2593,J-09-13,434.0,810.0,1.0,12
2593,J-09-23,434.0,810.0,2.0,12
2594,J-09-13,434.0,810.0,1.0,12
2594,J-09-23,434.0,810.0,2.0,12
2595,J-09-13,434.0,810.0,1.0,12
2595,J-09-23,434.0,810.0,2.0,5
2595,J-09-22,450.0,810.0,2.0,8
2596,J-09-13,434.0,810.0,1.0,12
2596,J-09-12,450.0,810.0,1.0,12
2597,J-09-13,434.0,810.0,1.0,12
2597,J-09-12,450.0,810.0,1.0,12
2598,J-09-13,434.0,810.0,1.0,12
2598,J-09-12,450.0,810.0,1.0,12
2599,J-09-13,434.0,810.0,1.0,12
2599,J-09-12,450.0,810.0,1.0,12
2600,J-09-13,434.0,810.0,1.0,12
2600,J-09-12,450.0,810.0,1.0,12
2601,J-09-13,434.0,810.0,1.0,12
2601,J-09-12,450.0,810.0,1.0,12
2602,J-09-13,434.0,810.0,1.0,12
2602,J-09-12,450.0,810.0,1.0,12
2603,J-09-13,434.0,810.0,1.0,12
2603,J-09-12,450.0,810.0,1.0,12
2604,J-09-13,434.0,810.0,1.0,12
2604,J-09-12,450.0,810.0,1.0,12
2605,J-09-13,434.0,810.0,1.0,12
2605,J-09-12,450.0,810.0,1.0,12
2606,J-09-13,434.0,810.0,1.0,12
2606,J-09-12,450.0,810.0,1.0,12
2607,J-09-13,434.0,810.0,1.0,2
2607,J-09-12,450.0,810.0,1.0,12
2607,J-09-22,450.0,810.0,2.0,11
2608,J-09-12,450.0,810.0,1.0,12
2608,J-09-22,450.0,810.0,2.0,12
2609,J-09-12,450.0,810.0,1.0,12
2609,J-09-22,450.0,810.0,2.0,12
2610,J-09-12,450.0,810.0,1.0,12
2610,J-09-22,450.0,810.0,2.0,12
2611,J-09-12,450.0,810.0,1.0,12
2611,J-09-22,450.0,810.0,2.0,12
2612,J-09-12,450.0,810.0,1.0,12
2612,J-09-22,450.0,810.0,2.0,12
2613,J-09-12,450.0,810.0,1.0,12
2613,J-09-22,450.0,810.0,2.0,12
2614,J-09-12,450.0,810.0,1.0,12
2614,J-09-22,450.0,810.0,2.0,12
2615,J-09-12,450.0,810.0,1.0,12
2615,J-09-22,450.0,810.0,2.0,12
2616,J-09-12,450.0,810.0,1.0,12
2616,J-09-22,450.0,810.0,2.0,12
2617,J-09-12,450.0,810.0,1.0,12
2617,J-09-22,450.0,810.0,2.0,12
2618,J-09-12,450.0,810.0,1.0,12
2618,J-09-22,450.0,810.0,2.0,12
2619,J-09-12,450.0,810.0,1.0,12
2619,J-09-22,450.0,810.0,2.0,12
2620,J-09-12,450.0,810.0,1.0,12
2620,J-09-22,450.0,810.0,2.0,12
2621,J-09-12,450.0,810.0,1.0,12
2621,J-09-22,450.0,810.0,2.0,12
2622,J-09-12,450.0,810.0,1.0,12
2622,J-09-22,450.0,810.0,2.0,12
2623,J-09-12,450.0,810.0,1.0,12
2623,J-09-22,450.0,810.0,2.0,12
2624,J-09-12,450.0,810.0,1.0,12
2624,J-09-22,450.0,810.0,2.0,12
2625,J-09-12,450.0,810.0,1.0,12
2625,J-09-22,450.0,810.0,2.0,12
2626,J-09-12,450.0,810.0,1.0,12
2626,J-09-22,450.0,810.0,2.0,12
2627,J-09-12,450.0,810.0,1.0,12
2627,J-09-22,450.0,810.0,2.0,1
2627,J-09-21,466.0,810.0,2.0,12
2628,J-09-12,450.0,810.0,1.0,11
2628,J-09-11,466.0,810.0,1.0,12
2628,J-09-21,466.0,810.0,2.0,2
2629,J-09-11,466.0,810.0,1.0,12
2629,J-09-21,466.0,810.0,2.0,12
2630,J-09-11,466.0,810.0,1.0,12
2630,J-09-21,466.0,810.0,2.0,12
2631,J-09-11,466.0,810.0,1.0,12
2631,J-09-21,466.0,810.0,2.0,12
2632,J-09-11,466.0,810.0,1.0,12
2632,J-09-21,466.0,810.0,2.0,12
2633,J-09-11,466.0,810.0,1.0,12
2633,J-09-21,466.0,810.0,2.0,12
2634,J-09-11,466.0,810.0,1.0,12
2634,J-09-21,466.0,810.0,2.0,12
2635,J-09-11,466.0,810.0,1.0,12
2635,J-09-21,466.0,810.0,2.0,12
2636,J-09-11,466.0,810.0,1.0,12
2636,J-09-21,466.0,810.0,2.0,12
2637,J-09-11,466.0,810.0,1.0,12
2637,J-09-21,466.0,810.0,2.0,12
2638,J-09-11,466.0,810.0,1.0,12
2638,J-09-21,466.0,810.0,2.0,12
2639,J-09-11,466.0,810.0,1.0,12
2639,J-09-21,466.0,810.0,2.0,12
2640,J-09-11,466.0,810.0,1.0,12
2640,J-09-21,466.0,810.0,2.0,12
2641,J-09-11,466.0,810.0,1.0,12
2641,J-09-21,466.0,810.0,2.0,12
2642,J-09-11,466.0,810.0,1.0,12
2642,J-09-21,466.0,810.0,2.0,12
2643,J-09-11,466.0,810.0,1.0,12
2643,J-09-21,466.0,810.0,2.0,12
2644,J-09-11,466.0,810.0,1.0,12
2644,J-09-21,466.0,810.0,2.0,12
2645,J-09-11,466.0,810.0,1.0,12
2645,J-09-21,466.0,810.0,2.0,8
2645,J-07-23,484.0,810.0,2.0,5
2646,J-09-11,466.0,810.0,1.0,12
2646,J-07-13,484.0,810.0,1.0,12
2647,J-09-11,466.0,810.0,1.0,12
2647,J-07-13,484.0,810.0,1.0,12
2648,J-09-11,466.0,810.0,1.0,12
2648,J-07-13,484.0,810.0,1.0,12
2649,J-09-11,466.0,810.0,1.0,12
2649,J-07-13,484.0,810.0,1.0,12
2650,J-09-11,466.0,810.0,1.0,7
2650,J-07-13,484.0,810.0,1.0,12
2650,J-07-23,484.0,810.0,2.0,6
2651,J-07-13,484.0,810.0,1.0,12
2651,J-07-23,484.0,810.0,2.0,12
2652,J-07-13,484.0,810.0,1.0,12
2652,J-07-23,484.0,810.0,2.0,12
2653,J-07-13,484.0,810.0,1.0,12
2653,J-07-23,484.0,810.0,2.0,12
2654,J-07-13,484.0,810.0,1.0,12
2654,J-07-23,484.0,810.0,2.0,12
2655,J-07-13,484.0,810.0,1.0,12
2655,J-07-23,484.0,810.0,2.0,12
2656,J-07-13,484.0,810.0,1.0,12
2656,J-07-23,484.0,810.0,2.0,12
2657,J-07-13,484.0,810.0,1.0,12
2657,J-07-23,484.0,810.0,2.0,12
2658,J-07-13,484.0,810.0,1.0,12
2658,J-07-23,484.0,810.0,2.0,12
2659,J-07-13,484.0,810.0,1.0,12
2659,J-07-23,484.0,810.0,2.0,12
2660,J-07-13,484.0,810.0,1.0,12
2660,J-07-23,484.0,810.0,2.0,12
2661,J-07-13,484.0,810.0,1.0,12
2661,J-07-23,484.0,810.0,2.0,12
2662,J-07-13,484.0,810.0,1.0,12
2662,J-07-23,484.0,810.0,2.0,12
2663,J-07-13,484.0,810.0,1.0,12
2663,J-07-23,484.0,810.0,2.0,12
2664,J-07-13,484.0,810.0,1.0,3
2664,J-07-23,484.0,810.0,2.0,12
2664,J-07-22,500.0,810.0,2.0,10
2665,J-07-12,500.0,810.0,1.0,12
2665,J-07-22,500.0,810.0,2.0,12
2666,J-07-12,500.0,810.0,1.0,12
2666,J-07-22,500.0,810.0,2.0,12
2667,J-07-12,500.0,810.0,1.0,12
2667,J-07-22,500.0,810.0,2.0,12
2668,J-07-12,500.0,810.0,1.0,12
2668,J-07-22,500.0,810.0,2.0,12
2669,J-07-12,500.0,810.0,1.0,12
2669,J-07-22,500.0,810.0,2.0,12
2670,J-07-12,500.0,810.0,1.0,12
2670,J-07-22,500.0,810.0,2.0,12
2671,J-07-12,500.0,810.0,1.0,12
2671,J-07-22,500.0,810.0,2.0,12
2672,J-07-12,500.0,810.0,1.0,12
2672,J-07-22,500.0,810.0,2.0,12
2673,J-07-12,500.0,810.0,1.0,12
2673,J-07-22,500.0,810.0,2.0,12
2674,J-07-12,500.0,810.0,1.0,12
2674,J-07-22,500.0,810.0,2.0,12
2675,J-07-12,500.0,810.0,1.0,12
2675,J-07-22,500.0,810.0,2.0,12
2676,J-07-12,500.0,810.0,1.0,12
2676,J-07-22,500.0,810.0,2.0,12
2677,J-07-12,500.0,810.0,1.0,12
2677,J-07-22,500.0,810.0,2.0,12
2678,J-07-12,500.0,810.0,1.0,12
2678,J-07-22,500.0,810.0,2.0,12
2679,J-07-12,500.0,810.0,1.0,12
2679,J-07-22,500.0,810.0,2.0,12
2680,J-07-12,500.0,810.0,1.0,12
2680,J-07-22,500.0,810.0,2.0,12
2681,J-07-12,500.0,810.0,1.0,12
2681,J-07-22,500.0,810.0,2.0,12
2682,J-07-12,500.0,810.0,1.0,12
2682,J-07-22,500.0,810.0,2.0,12
2683,J-07-12,500.0,810.0,1.0,12
2683,J-07-22,500.0,810.0,2.0,12
2684,J-07-12,500.0,810.0,1.0,12
2684,J-07-22,500.0,810.0,2.0,12
2685,J-07-12,500.0,810.0,1.0,12
2685,J-07-22,500.0,810.0,2.0,12
2686,J-07-12,500.0,810.0,1.0,12
2686,J-07-22,500.0,810.0,2.0,12
2687,J-07-12,500.0,810.0,1.0,12
2687,J-07-22,500.0,810.0,2.0,12
2688,J-07-12,500.0,810.0,1.0,12
2688,J-07-22,500.0,810.0,2.0,12
2689,J-07-12,500.0,810.0,1.0,12
2689,J-07-22,500.0,810.0,2.0,12
2690,J-07-12,500.0,810.0,1.0,6
2690,J-07-22,500.0,810.0,2.0,12
2690,J-07-23,484.0,810.0,2.0,7
2691,J-07-11,516.0,810.0,1.0,12
2691,J-07-21,516.0,810.0,2.0,12
2692,J-07-11,516.0,810.0,1.0,12
2692,J-07-21,516.0,810.0,2.0,12
2693,J-07-11,516.0,810.0,1.0,12
2693,J-07-21,516.0,810.0,2.0,12
2694,J-07-11,516.0,810.0,1.0,12
2694,J-07-21,516.0,810.0,2.0,12
2695,J-07-11,516.0,810.0,1.0,12
2695,J-07-21,516.0,810.0,2.0,12
2696,J-07-11,516.0,810.0,1.0,12
2696,J-07-21,516.0,810.0,2.0,12
2697,J-07-11,516.0,810.0,1.0,12
2697,J-07-21,516.0,810.0,2.0,12
2698,J-07-11,516.0,810.0,1.0,12
2698,J-07-21,516.0,810.0,2.0,12
2699,J-07-11,516.0,810.0,1.0,12
2699,J-07-21,516.0,810.0,2.0,12
2700,J-07-11,516.0,810.0,1.0,12
2700,J-07-21,516.0,810.0,2.0,12
2701,J-07-11,516.0,810.0,1.0,12
2701,J-07-21,516.0,810.0,2.0,12
2702,J-07-11,516.0,810.0,1.0,12
2702,J-07-21,516.0,810.0,2.0,12
2703,J-07-11,516.0,810.0,1.0,12
2703,J-07-21,516.0,810.0,2.0,12
2704,J-07-11,516.0,810.0,1.0,12
2704,J-07-21,516.0,810.0,2.0,12
2705,J-07-11,516.0,810.0,1.0,12
2705,J-07-21,516.0,810.0,2.0,12
2706,J-07-11,516.0,810.0,1.0,12
2706,J-07-21,516.0,810.0,2.0,12
2707,J-07-11,516.0,810.0,1.0,12
2707,J-07-21,516.0,810.0,2.0,12
2708,J-07-11,516.0,810.0,1.0,12
2708,J-07-21,516.0,810.0,2.0,12
2709,J-07-11,516.0,810.0,1.0,12
2709,J-07-21,516.0,810.0,2.0,12
2710,J-07-11,516.0,810.0,1.0,12
2710,J-07-21,516.0,810.0,2.0,12
2711,J-07-11,516.0,810.0,1.0,12
2711,J-07-21,516.0,810.0,2.0,12
2712,J-07-11,516.0,810.0,1.0,12
2712,J-07-21,516.0,810.0,2.0,12
2713,J-07-11,516.0,810.0,1.0,12
2713,J-07-21,516.0,810.0,2.0,12
2714,J-07-11,516.0,810.0,1.0,12
2714,J-07-21,516.0,810.0,2.0,12
2715,J-07-11,516.0,810.0,1.0,12
2715,J-07-21,516.0,810.0,2.0,12
2716,J-07-11,516.0,810.0,1.0,12
2716,J-07-21,516.0,810.0,2.0,12
2717,J-07-11,516.0,810.0,1.0,12
2717,J-07-21,516.0,810.0,2.0,12
2718,J-07-11,516.0,810.0,1.0,12
2718,J-07-21,516.0,810.0,2.0,5
2718,J-07-22,500.0,810.0,2.0,8
2719,J-07-11,516.0,810.0,1.0,12
2719,J-07-22,500.0,810.0,2.0,12
2720,J-07-11,516.0,810.0,1.0,12
2720,J-07-22,500.0,810.0,2.0,12
2721,J-07-11,516.0,810.0,1.0,12
2721,J-07-22,500.0,810.0,2.0,12
2722,J-07-11,516.0,810.0,1.0,11
2722,J-07-22,500.0,810.0,2.0,12
2722,J-07-23,484.0,810.0,2.0,2
2723,J-05-13,534.0,810.0,1.0,12
2723,J-05-23,534.0,810.0,2.0,12
2724,J-05-13,534.0,810.0,1.0,12
2724,J-05-23,534.0,810.0,2.0,12
2725,J-05-13,534.0,810.0,1.0,12
2725,J-05-23,534.0,810.0,2.0,12
2726,J-05-13,534.0,810.0,1.0,12
2726,J-05-23,534.0,810.0,2.0,12
2727,J-05-13,534.0,810.0,1.0,12
2727,J-05-23,534.0,810.0,2.0,12
2728,J-05-13,534.0,810.0,1.0,12
2728,J-05-23,534.0,810.0,2.0,12
2729,J-05-13,534.0,810.0,1.0,12
2729,J-05-23,534.0,810.0,2.0,12
2730,J-05-13,534.0,810.0,1.0,12
2730,J-05-23,534.0,810.0,2.0,12
2731,J-05-13,534.0,810.0,1.0,12
2731,J-05-23,534.0,810.0,2.0,12
2732,J-05-13,534.0,810.0,1.0,12
2732,J-05-23,534.0,810.0,2.0,12
2733,J-05-13,534.0,810.0,1.0,12
2733,J-05-23,534.0,810.0,2.0,12
2734,J-05-13,534.0,810.0,1.0,12
2734,J-05-23,534.0,810.0,2.0,12
2735,J-05-13,534.0,810.0,1.0,12
2735,J-05-23,534.0,810.0,2.0,12
2736,J-05-13,534.0,810.0,1.0,12
2736,J-05-23,534.0,810.0,2.0,12
2737,J-05-13,534.0,810.0,1.0,12
2737,J-05-23,534.0,810.0,2.0,12
2738,J-05-13,534.0,810.0,1.0,12
2738,J-05-23,534.0,810.0,2.0,12
2739,J-05-13,534.0,810.0,1.0,12
2739,J-05-23,534.0,810.0,2.0,12
2740,J-05-13,534.0,810.0,1.0,12
2740,J-05-23,534.0,810.0,2.0,12
2741,J-05-13,534.0,810.0,1.0,12
2741,J-05-23,534.0,810.0,2.0,12
2742,J-05-13,534.0,810.0,1.0,12
2742,J-05-23,534.0,810.0,2.0,12
2743,J-05-13,534.0,810.0,1.0,12
2743,J-05-23,534.0,810.0,2.0,12
2744,J-05-13,534.0,810.0,1.0,12
2744,J-05-23,534.0,810.0,2.0,12
2745,J-05-13,534.0,810.0,1.0,12
2745,J-05-23,534.0,810.0,2.0,12
2746,J-05-13,534.0,810.0,1.0,12
2746,J-05-23,534.0,810.0,2.0,12
2747,J-05-13,534.0,810.0,1.0,12
2747,J-05-23,534.0,810.0,2.0,12
2748,J-05-13,534.0,810.0,1.0,12
2748,J-05-23,534.0,810.0,2.0,12
2749,J-05-13,534.0,810.0,1.0,12
2749,J-05-23,534.0,810.0,2.0,12
2750,J-05-13,534.0,810.0,1.0,12
2750,J-05-23,534.0,810.0,2.0,12
2751,J-05-13,534.0,810.0,1.0,12
2751,J-05-23,534.0,810.0,2.0,12
2752,J-05-13,534.0,810.0,1.0,2
2752,J-05-23,534.0,810.0,2.0,12
2752,J-05-22,550.0,810.0,2.0,11
2753,J-05-12,550.0,810.0,1.0,12
2753,J-05-22,550.0,810.0,2.0,12
2754,J-05-12,550.0,810.0,1.0,12
2754,J-05-22,550.0,810.0,2.0,12
2755,J-05-12,550.0,810.0,1.0,12
2755,J-05-22,550.0,810.0,2.0,12
2756,J-05-12,550.0,810.0,1.0,12
2756,J-05-22,550.0,810.0,2.0,12
2757,J-05-12,550.0,810.0,1.0,12
2757,J-05-22,550.0,810.0,2.0,12
2758,J-05-12,550.0,810.0,1.0,12
2758,J-05-22,550.0,810.0,2.0,12
2759,J-05-12,550.0,810.0,1.0,12
2759,J-05-22,550.0,810.0,2.0,12
2760,J-05-12,550.0,810.0,1.0,12
2760,J-05-22,550.0,810.0,2.0,12
2761,J-05-12,550.0,810.0,1.0,12
2761,J-05-22,550.0,810.0,2.0,12
2762,J-05-12,550.0,810.0,1.0,12
2762,J-05-22,550.0,810.0,2.0,12
2763,J-05-12,550.0,810.0,1.0,12
2763,J-05-22,550.0,810.0,2.0,12
2764,J-05-12,550.0,810.0,1.0,12
2764,J-05-22,550.0,810.0,2.0,12
2765,J-05-12,550.0,810.0,1.0,12
2765,J-05-22,550.0,810.0,2.0,12
2766,J-05-12,550.0,810.0,1.0,12
2766,J-05-22,550.0,810.0,2.0,12
2767,J-05-12,550.0,810.0,1.0,3
2767,J-05-22,550.0,810.0,2.0,12
2767,J-05-23,534.0,810.0,2.0,10
2768,J-05-11,566.0,810.0,1.0,12
2768,J-05-21,566.0,810.0,2.0,12
2769,J-05-11,566.0,810.0,1.0,12
2769,J-05-21,566.0,810.0,2.0,12
2770,J-05-11,566.0,810.0,1.0,12
2770,J-05-21,566.0,810.0,2.0,12
2771,J-05-11,566.0,810.0,1.0,12
2771,J-05-21,566.0,810.0,2.0,12
2772,J-05-11,566.0,810.0,1.0,12
2772,J-05-21,566.0,810.0,2.0,12
2773,J-05-11,566.0,810.0,1.0,12
2773,J-05-21,566.0,810.0,2.0,12
2774,J-05-11,566.0,810.0,1.0,12
2774,J-05-21,566.0,810.0,2.0,12
2775,J-05-11,566.0,810.0,1.0,12
2775,J-05-21,566.0,810.0,2.0,12
2776,J-05-11,566.0,810.0,1.0,12
2776,J-05-21,566.0,810.0,2.0,12
2777,J-05-11,566.0,810.0,1.0,12
2777,J-05-21,566.0,810.0,2.0,12
2778,J-05-11,566.0,810.0,1.0,12
2778,J-05-21,566.0,810.0,2.0,12
2779,J-05-11,566.0,810.0,1.0,12
2779,J-05-21,566.0,810.0,2.0,12
2780,J-05-11,566.0,810.0,1.0,12
2780,J-05-21,566.0,810.0,2.0,12
2781,J-05-11,566.0,810.0,1.0,12
2781,J-05-21,566.0,810.0,2.0,12
2782,J-05-11,566.0,810.0,1.0,12
2782,J-05-21,566.0,810.0,2.0,12
2783,J-05-11,566.0,810.0,1.0,12
2783,J-05-21,566.0,810.0,2.0,12
2784,J-05-11,566.0,810.0,1.0,12
2784,J-05-21,566.0,810.0,2.0,12
2785,J-05-11,566.0,810.0,1.0,11
2785,J-05-21,566.0,810.0,2.0,12
2785,J-05-22,550.0,810.0,2.0,2
2786,J-03-13,584.0,810.0,1.0,12
2786,J-03-23,584.0,810.0,2.0,12
2787,J-03-13,584.0,810.0,1.0,12
2787,J-03-23,584.0,810.0,2.0,12
2788,J-03-13,584.0,810.0,1.0,12
2788,J-03-23,584.0,810.0,2.0,12
2789,J-03-13,584.0,810.0,1.0,12
2789,J-03-23,584.0,810.0,2.0,12
2790,J-03-13,584.0,810.0,1.0,12
2790,J-03-23,584.0,810.0,2.0,12
2791,J-03-13,584.0,810.0,1.0,12
2791,J-03-23,584.0,810.0,2.0,12
2792,J-03-13,584.0,810.0,1.0,12
2792,J-03-23,584.0,810.0,2.0,12
2793,J-03-13,584.0,810.0,1.0,12
2793,J-03-23,584.0,810.0,2.0,12
2794,J-03-13,584.0,810.0,1.0,12
2794,J-03-23,584.0,810.0,2.0,12
2795,J-03-13,584.0,810.0,1.0,12
2795,J-03-23,584.0,810.0,2.0,12
2796,J-03-13,584.0,810.0,1.0,12
2796,J-03-23,584.0,810.0,2.0,12
2797,J-03-12,600.0,810.0,1.0,12
2797,J-03-22,600.0,810.0,2.0,12
2798,J-03-12,600.0,810.0,1.0,12
2798,J-03-22,600.0,810.0,2.0,12
2799,J-03-12,600.0,810.0,1.0,12
2799,J-03-22,600.0,810.0,2.0,12
2800,J-03-12,600.0,810.0,1.0,12
2800,J-03-22,600.0,810.0,2.0,12
2801,J-03-12,600.0,810.0,1.0,12
2801,J-03-22,600.0,810.0,2.0,12
2802,J-03-12,600.0,810.0,1.0,12
2802,J-03-22,600.0,810.0,2.0,12
2803,J-03-12,600.0,810.0,1.0,12
2803,J-03-22,600.0,810.0,2.0,12
2804,J-03-12,600.0,810.0,1.0,6
2804,J-03-22,600.0,810.0,2.0,12
2804,J-03-23,584.0,810.0,2.0,7
2805,J-03-11,616.0,810.0,1.0,12
2805,J-03-21,616.0,810.0,2.0,12
2806,J-03-11,616.0,810.0,1.0,12
2806,J-03-21,616.0,810.0,2.0,12
2807,J-03-11,616.0,810.0,1.0,12
2807,J-03-21,616.0,810.0,2.0,12
2808,J-03-11,616.0,810.0,1.0,12
2808,J-03-21,616.0,810.0,2.0,12
2809,J-03-11,616.0,810.0,1.0,12
2809,J-03-21,616.0,810.0,2.0,12
2810,J-03-11,616.0,810.0,1.0,12
2810,J-03-21,616.0,810.0,2.0,12
2811,J-03-11,616.0,810.0,1.0,12
2811,J-03-21,616.0,810.0,2.0,12
2812,J-03-11,616.0,810.0,1.0,12
2812,J-03-21,616.0,810.0,2.0,12
2813,J-03-11,616.0,810.0,1.0,12
2813,J-03-21,616.0,810.0,2.0,12
2814,J-03-11,616.0,810.0,1.0,12
2814,J-03-21,616.0,810.0,2.0,12
2815,J-03-11,616.0,810.0,1.0,12
2815,J-03-21,616.0,810.0,2.0,12
2816,J-03-11,616.0,810.0,1.0,12
2816,J-03-21,616.0,810.0,2.0,12
2817,J-03-11,616.0,810.0,1.0,12
2817,J-03-21,616.0,810.0,2.0,3
2817,J-03-22,600.0,810.0,2.0,10
2818,J-03-11,616.0,810.0,1.0,12
2818,J-03-22,600.0,810.0,2.0,12
2819,J-03-11,616.0,810.0,1.0,12
2819,J-03-22,600.0,810.0,2.0,12
2820,J-03-11,616.0,810.0,1.0,12
2820,J-03-22,600.0,810.0,2.0,12
2821,J-03-11,616.0,810.0,1.0,8
2821,J-03-22,600.0,810.0,2.0,12
2821,J-03-23,584.0,810.0,2.0,5
2822,J-01-13,634.0,810.0,1.0,12
2822,J-01-23,634.0,810.0,2.0,12
2823,J-01-13,634.0,810.0,1.0,12
2823,J-01-23,634.0,810.0,2.0,12
2824,J-01-13,634.0,810.0,1.0,12
2824,J-01-23,634.0,810.0,2.0,12
2825,J-01-13,634.0,810.0,1.0,12
2825,J-01-23,634.0,810.0,2.0,12
2826,J-01-13,634.0,810.0,1.0,12
2826,J-01-23,634.0,810.0,2.0,12
2827,J-01-13,634.0,810.0,1.0,12
2827,J-01-23,634.0,810.0,2.0,12
2828,J-01-13,634.0,810.0,1.0,12
2828,J-01-23,634.0,810.0,2.0,12
2829,J-01-13,634.0,810.0,1.0,12
2829,J-01-23,634.0,810.0,2.0,12
2830,J-01-13,634.0,810.0,1.0,12
2830,J-01-23,634.0,810.0,2.0,12
2831,J-01-13,634.0,810.0,1.0,12
2831,J-01-23,634.0,810.0,2.0,12
2832,J-01-13,634.0,810.0,1.0,12
2832,J-01-23,634.0,810.0,2.0,12
2833,J-01-12,650.0,810.0,1.0,12
2833,J-01-22,650.0,810.0,2.0,12
2834,J-01-12,650.0,810.0,1.0,12
2834,J-01-22,650.0,810.0,2.0,12
2835,J-01-12,650.0,810.0,1.0,12
2835,J-01-22,650.0,810.0,2.0,12
2836,J-01-12,650.0,810.0,1.0,12
2836,J-01-22,650.0,810.0,2.0,12
2837,J-01-12,650.0,810.0,1.0,12
2837,J-01-22,650.0,810.0,2.0,12
2838,J-01-12,650.0,810.0,1.0,12
2838,J-01-22,650.0,810.0,2.0,12
2839,J-01-12,650.0,810.0,1.0,12
2839,J-01-22,650.0,810.0,2.0,12
2840,J-01-12,650.0,810.0,1.0,12
2840,J-01-22,650.0,810.0,2.0,12
2841,J-01-12,650.0,810.0,1.0,12
2841,J-01-22,650.0,810.0,2.0,12
2842,J-01-12,650.0,810.0,1.0,12
2842,J-01-22,650.0,810.0,2.0,12
2843,J-01-12,650.0,810.0,1.0,3
2843,J-01-22,650.0,810.0,2.0,12
2843,J-01-23,634.0,810.0,2.0,10
2844,J-01-11,666.0,810.0,1.0,12
2844,J-01-21,666.0,810.0,2.0,12
2845,J-01-11,666.0,810.0,1.0,12
2845,J-01-21,666.0,810.0,2.0,12
2846,J-01-11,666.0,810.0,1.0,12
2846,J-01-21,666.0,810.0,2.0,12
2847,J-01-11,666.0,810.0,1.0,12
2847,J-01-21,666.0,810.0,2.0,12
2848,J-01-11,666.0,810.0,1.0,12
2848,J-01-21,666.0,810.0,2.0,12
2849,J-01-11,666.0,810.0,1.0,12
2849,J-01-21,666.0,810.0,2.0,12
2850,J-01-11,666.0,810.0,1.0,12
2850,J-01-21,666.0,810.0,2.0,12
2851,J-01-11,666.0,810.0,1.0,12
2851,J-01-21,666.0,810.0,2.0,12
2852,J-01-11,666.0,810.0,1.0,12
2852,J-01-21,666.0,810.0,2.0,12
2853,J-01-11,666.0,810.0,1.0,12
2853,J-01-21,666.0,810.0,2.0,12
2854,J-01-11,666.0,810.0,1.0,12
2854,J-01-21,666.0,810.0,2.0,12
2855,J-01-11,666.0,810.0,1.0,12
2855,J-01-21,666.0,810.0,2.0,12
2856,J-01-11,666.0,810.0,1.0,12
2856,J-01-21,666.0,810.0,2.0,12
2857,J-01-11,666.0,810.0,1.0,7
2857,J-01-21,666.0,810.0,2.0,12
2857,J-01-22,650.0,810.0,2.0,6
2858,K-24-13,86.0,868.0,1.0,12
2858,K-24-23,86.0,868.0,2.0,12
2859,K-24-13,86.0,868.0,1.0,12
2859,K-24-23,86.0,868.0,2.0,12
2860,K-24-13,86.0,868.0,1.0,12
2860,K-24-23,86.0,868.0,2.0,12
2861,K-24-13,86.0,868.0,1.0,12
2861,K-24-23,86.0,868.0,2.0,12
2862,K-24-13,86.0,868.0,1.0,12
2862,K-24-23,86.0,868.0,2.0,12
2863,K-24-13,86.0,868.0,1.0,12
2863,K-24-23,86.0,868.0,2.0,12
2864,K-24-13,86.0,868.0,1.0,12
2864,K-24-23,86.0,868.0,2.0,12
2865,K-24-13,86.0,868.0,1.0,12
2865,K-24-23,86.0,868.0,2.0,12
2866,K-24-13,86.0,868.0,1.0,12
2866,K-24-23,86.0,868.0,2.0,12
2867,K-24-13,86.0,868.0,1.0,12
2867,K-24-23,86.0,868.0,2.0,12
2868,K-24-13,86.0,868.0,1.0,12
2868,K-24-23,86.0,868.0,2.0,12
2869,K-24-13,86.0,868.0,1.0,5
2869,K-24-23,86.0,868.0,2.0,12
2869,K-24-22,102.0,868.0,2.0,8
2870,K-24-12,102.0,868.0,1.0,12
2870,K-24-22,102.0,868.0,2.0,12
2871,K-24-12,102.0,868.0,1.0,12
2871,K-24-22,102.0,868.0,2.0,12
2872,K-24-12,102.0,868.0,1.0,12
2872,K-24-22,102.0,868.0,2.0,12
2873,K-24-12,102.0,868.0,1.0,12
2873,K-24-22,102.0,868.0,2.0,12
2874,K-24-12,102.0,868.0,1.0,12
2874,K-24-22,102.0,868.0,2.0,12
2875,K-24-12,102.0,868.0,1.0,12
2875,K-24-22,102.0,868.0,2.0,12
2876,K-24-12,102.0,868.0,1.0,12
2876,K-24-22,102.0,868.0,2.0,12
2877,K-24-12,102.0,868.0,1.0,12
2877,K-24-22,102.0,868.0,2.0,12
2878,K-24-12,102.0,868.0,1.0,12
2878,K-24-22,102.0,868.0,2.0,12
2879,K-24-12,102.0,868.0,1.0,12
2879,K-24-22,102.0,868.0,2.0,12
2880,K-24-12,102.0,868.0,1.0,12
2880,K-24-22,102.0,868.0,2.0,12
2881,K-24-12,102.0,868.0,1.0,12
2881,K-24-22,102.0,868.0,2.0,12
2882,K-24-12,102.0,868.0,1.0,12
2882,K-24-22,102.0,868.0,2.0,12
2883,K-24-12,102.0,868.0,1.0,12
2883,K-24-22,102.0,868.0,2.0,12
2884,K-24-12,102.0,868.0,1.0,12
2884,K-24-22,102.0,868.0,2.0,12
2885,K-24-12,102.0,868.0,1.0,12
2885,K-24-22,102.0,868.0,2.0,12
2886,K-24-12,102.0,868.0,1.0,12
2886,K-24-22,102.0,868.0,2.0,12
2887,K-24-12,102.0,868.0,1.0,12
2887,K-24-22,102.0,868.0,2.0,12
2888,K-24-12,102.0,868.0,1.0,12
2888,K-24-22,102.0,868.0,2.0,12
2889,K-24-12,102.0,868.0,1.0,12
2889,K-24-22,102.0,868.0,2.0,12
2890,K-24-12,102.0,868.0,1.0,12
2890,K-24-22,102.0,868.0,2.0,12
2891,K-24-12,102.0,868.0,1.0,12
2891,K-24-22,102.0,868.0,2.0,12
2892,K-24-12,102.0,868.0,1.0,12
2892,K-24-22,102.0,868.0,2.0,12
2893,K-24-12,102.0,868.0,1.0,12
2893,K-24-22,102.0,868.0,2.0,12
2894,K-24-12,102.0,868.0,1.0,12
2894,K-24-22,102.0,868.0,2.0,12
2895,K-24-12,102.0,868.0,1.0,12
2895,K-24-22,102.0,868.0,2.0,12
2896,K-24-12,102.0,868.0,1.0,12
2896,K-24-22,102.0,868.0,2.0,12
2897,K-24-12,102.0,868.0,1.0,12
2897,K-24-22,102.0,868.0,2.0,9
2897,K-24-23,86.0,868.0,2.0,4
2898,K-24-12,102.0,868.0,1.0,12
2898,K-24-11,118.0,868.0,1.0,12
2899,K-24-12,102.0,868.0,1.0,12
2899,K-24-11,118.0,868.0,1.0,12
2900,K-24-12,102.0,868.0,1.0,12
2900,K-24-11,118.0,868.0,1.0,12
2901,K-24-12,102.0,868.0,1.0,2
2901,K-24-11,118.0,868.0,1.0,12
2901,K-24-21,118.0,868.0,2.0,11
2902,K-24-11,118.0,868.0,1.0,12
2902,K-24-21,118.0,868.0,2.0,12
2903,K-24-11,118.0,868.0,1.0,12
2903,K-24-21,118.0,868.0,2.0,12
2904,K-24-11,118.0,868.0,1.0,12
2904,K-24-21,118.0,868.0,2.0,12
2905,K-24-11,118.0,868.0,1.0,12
2905,K-24-21,118.0,868.0,2.0,12
2906,K-24-11,118.0,868.0,1.0,12
2906,K-24-21,118.0,868.0,2.0,12
2907,K-24-11,118.0,868.0,1.0,12
2907,K-24-21,118.0,868.0,2.0,12
2908,K-24-11,118.0,868.0,1.0,12
2908,K-24-21,118.0,868.0,2.0,12
2909,K-24-11,118.0,868.0,1.0,12
2909,K-24-21,118.0,868.0,2.0,12
2910,K-24-11,118.0,868.0,1.0,12
2910,K-24-21,118.0,868.0,2.0,12
2911,K-24-11,118.0,868.0,1.0,12
2911,K-24-21,118.0,868.0,2.0,12
2912,K-24-11,118.0,868.0,1.0,12
2912,K-24-21,118.0,868.0,2.0,12
2913,K-24-11,118.0,868.0,1.0,12
2913,K-24-21,118.0,868.0,2.0,12
2914,K-24-11,118.0,868.0,1.0,12
2914,K-24-21,118.0,868.0,2.0,12
2915,K-24-11,118.0,868.0,1.0,12
2915,K-24-21,118.0,868.0,2.0,12
2916,K-24-11,118.0,868.0,1.0,12
2916,K-24-21,118.0,868.0,2.0,12
2917,K-24-11,118.0,868.0,1.0,6
2917,K-24-21,118.0,868.0,2.0,12
2917,K-22-23,136.0,868.0,2.0,7
2918,K-22-13,136.0,868.0,1.0,12
2918,K-22-23,136.0,868.0,2.0,12
2919,K-22-13,136.0,868.0,1.0,12
2919,K-22-23,136.0,868.0,2.0,12
2920,K-22-13,136.0,868.0,1.0,12
2920,K-22-23,136.0,868.0,2.0,12
2921,K-22-13,136.0,868.0,1.0,12
2921,K-22-23,136.0,868.0,2.0,12
2922,K-22-13,136.0,868.0,1.0,12
2922,K-22-23,136.0,868.0,2.0,12
2923,K-22-13,136.0,868.0,1.0,12
2923,K-22-23,136.0,868.0,2.0,12
2924,K-22-13,136.0,868.0,1.0,1
2924,K-22-23,136.0,868.0,2.0,12
2924,K-22-22,152.0,868.0,2.0,12
2925,K-22-12,152.0,868.0,1.0,12
2925,K-22-22,152.0,868.0,2.0,12
2926,K-22-12,152.0,868.0,1.0,12
2926,K-22-22,152.0,868.0,2.0,12
2927,K-22-12,152.0,868.0,1.0,12
2927,K-22-22,152.0,868.0,2.0,12
2928,K-22-12,152.0,868.0,1.0,12
2928,K-22-22,152.0,868.0,2.0,12
2929,K-22-12,152.0,868.0,1.0,12
2929,K-22-22,152.0,868.0,2.0,12
2930,K-22-12,152.0,868.0,1.0,12
2930,K-22-22,152.0,868.0,2.0,12
2931,K-22-12,152.0,868.0,1.0,12
2931,K-22-22,152.0,868.0,2.0,12
2932,K-22-12,152.0,868.0,1.0,12
2932,K-22-22,152.0,868.0,2.0,12
2933,K-22-12,152.0,868.0,1.0,12
2933,K-22-22,152.0,868.0,2.0,12
2934,K-22-12,152.0,868.0,1.0,12
2934,K-22-22,152.0,868.0,2.0,12
2935,K-22-12,152.0,868.0,1.0,12
2935,K-22-22,152.0,868.0,2.0,12
2936,K-22-12,152.0,868.0,1.0,12
2936,K-22-22,152.0,868.0,2.0,12
2937,K-22-12,152.0,868.0,1.0,12
2937,K-22-22,152.0,868.0,2.0,12
2938,K-22-12,152.0,868.0,1.0,12
2938,K-22-22,152.0,868.0,2.0,12
2939,K-22-12,152.0,868.0,1.0,9
2939,K-22-22,152.0,868.0,2.0,12
2939,K-22-23,136.0,868.0,2.0,4
2940,K-22-11,168.0,868.0,1.0,12
2940,K-22-21,168.0,868.0,2.0,12
2941,K-22-11,168.0,868.0,1.0,12
2941,K-22-21,168.0,868.0,2.0,12
2942,K-22-11,168.0,868.0,1.0,12
2942,K-22-21,168.0,868.0,2.0,12
2943,K-22-11,168.0,868.0,1.0,12
2943,K-22-21,168.0,868.0,2.0,12
2944,K-22-11,168.0,868.0,1.0,12
2944,K-22-21,168.0,868.0,2.0,12
2945,K-22-11,168.0,868.0,1.0,12
2945,K-22-21,168.0,868.0,2.0,12
2946,K-22-11,168.0,868.0,1.0,12
2946,K-22-21,168.0,868.0,2.0,12
2947,K-22-11,168.0,868.0,1.0,12
2947,K-22-21,168.0,868.0,2.0,12
2948,K-22-11,168.0,868.0,1.0,12
2948,K-22-21,168.0,868.0,2.0,12
2949,K-22-11,168.0,868.0,1.0,12
2949,K-22-21,168.0,868.0,2.0,12
2950,K-22-11,168.0,868.0,1.0,12
2950,K-22-21,168.0,868.0,2.0,12
2951,K-22-11,168.0,868.0,1.0,6
2951,K-22-21,168.0,868.0,2.0,12
2951,K-22-22,152.0,868.0,2.0,7
2952,K-20-13,186.0,868.0,1.0,12
2952,K-20-23,186.0,868.0,2.0,12
2953,K-20-13,186.0,868.0,1.0,12
2953,K-20-23,186.0,868.0,2.0,12
2954,K-20-13,186.0,868.0,1.0,12
2954,K-20-23,186.0,868.0,2.0,12
2955,K-20-13,186.0,868.0,1.0,12
2955,K-20-23,186.0,868.0,2.0,12
2956,K-20-13,186.0,868.0,1.0,12
2956,K-20-23,186.0,868.0,2.0,12
2957,K-20-13,186.0,868.0,1.0,12
2957,K-20-23,186.0,868.0,2.0,12
2958,K-20-13,186.0,868.0,1.0,12
2958,K-20-23,186.0,868.0,2.0,12
2959,K-20-12,202.0,868.0,1.0,12
2959,K-20-22,202.0,868.0,2.0,12
2960,K-20-12,202.0,868.0,1.0,12
2960,K-20-22,202.0,868.0,2.0,12
2961,K-20-12,202.0,868.0,1.0,12
2961,K-20-22,202.0,868.0,2.0,12
2962,K-20-12,202.0,868.0,1.0,12
2962,K-20-22,202.0,868.0,2.0,12
2963,K-20-12,202.0,868.0,1.0,12
2963,K-20-22,202.0,868.0,2.0,12
2964,K-20-12,202.0,868.0,1.0,12
2964,K-20-22,202.0,868.0,2.0,12
2965,K-20-12,202.0,868.0,1.0,12
2965,K-20-22,202.0,868.0,2.0,12
2966,K-20-12,202.0,868.0,1.0,12
2966,K-20-22,202.0,868.0,2.0,12
2967,K-20-12,202.0,868.0,1.0,12
2967,K-20-22,202.0,868.0,2.0,12
2968,K-20-12,202.0,868.0,1.0,12
2968,K-20-22,202.0,868.0,2.0,12
2969,K-20-12,202.0,868.0,1.0,12
2969,K-20-22,202.0,868.0,2.0,12
2970,K-20-12,202.0,868.0,1.0,4
2970,K-20-22,202.0,868.0,2.0,12
2970,K-20-23,186.0,868.0,2.0,9
2971,K-20-11,218.0,868.0,1.0,12
2971,K-20-21,218.0,868.0,2.0,12
2972,K-20-11,218.0,868.0,1.0,12
2972,K-20-21,218.0,868.0,2.0,12
2973,K-20-11,218.0,868.0,1.0,12
2973,K-20-21,218.0,868.0,2.0,12
2974,K-20-11,218.0,868.0,1.0,12
2974,K-20-21,218.0,868.0,2.0,12
2975,K-20-11,218.0,868.0,1.0,12
2975,K-20-21,218.0,868.0,2.0,12
2976,K-20-11,218.0,868.0,1.0,12
2976,K-20-21,218.0,868.0,2.0,12
2977,K-20-11,218.0,868.0,1.0,12
2977,K-20-21,218.0,868.0,2.0,12
2978,K-20-11,218.0,868.0,1.0,12
2978,K-20-21,218.0,868.0,2.0,10
2978,K-20-22,202.0,868.0,2.0,3
2979,K-20-11,218.0,868.0,1.0,12
2979,K-20-22,202.0,868.0,2.0,8
2979,K-20-23,186.0,868.0,2.0,5
2980,K-20-11,218.0,868.0,1.0,12
2980,K-18-13,236.0,868.0,1.0,12
2981,K-20-11,218.0,868.0,1.0,12
2981,K-18-13,236.0,868.0,1.0,12
2982,K-20-11,218.0,868.0,1.0,10
2982,K-18-13,236.0,868.0,1.0,12
2982,K-18-23,236.0,868.0,2.0,3
2983,K-18-13,236.0,868.0,1.0,12
2983,K-18-23,236.0,868.0,2.0,12
2984,K-18-13,236.0,868.0,1.0,12
2984,K-18-23,236.0,868.0,2.0,12
2985,K-18-13,236.0,868.0,1.0,12
2985,K-18-23,236.0,868.0,2.0,12
2986,K-18-13,236.0,868.0,1.0,12
2986,K-18-23,236.0,868.0,2.0,12
2987,K-18-13,236.0,868.0,1.0,12
2987,K-18-23,236.0,868.0,2.0,12
2988,K-18-13,236.0,868.0,1.0,12
2988,K-18-23,236.0,868.0,2.0,12
2989,K-18-13,236.0,868.0,1.0,12
2989,K-18-23,236.0,868.0,2.0,12
2990,K-18-13,236.0,868.0,1.0,12
2990,K-18-23,236.0,868.0,2.0,12
2991,K-18-13,236.0,868.0,1.0,12
2991,K-18-23,236.0,868.0,2.0,12
2992,K-18-13,236.0,868.0,1.0,2
2992,K-18-23,236.0,868.0,2.0,12
2992,K-18-22,252.0,868.0,2.0,11
2993,K-18-12,252.0,868.0,1.0,12
2993,K-18-22,252.0,868.0,2.0,12
2994,K-18-12,252.0,868.0,1.0,12
2994,K-18-22,252.0,868.0,2.0,12
2995,K-18-12,252.0,868.0,1.0,12
2995,K-18-22,252.0,868.0,2.0,12
2996,K-18-12,252.0,868.0,1.0,12
2996,K-18-22,252.0,868.0,2.0,12
2997,K-18-12,252.0,868.0,1.0,12
2997,K-18-22,252.0,868.0,2.0,12
2998,K-18-12,252.0,868.0,1.0,12
2998,K-18-22,252.0,868.0,2.0,12
2999,K-18-12,252.0,868.0,1.0,12
2999,K-18-22,252.0,868.0,2.0,12
3000,K-18-12,252.0,868.0,1.0,12
3000,K-18-22,252.0,868.0,2.0,12
3001,K-18-12,252.0,868.0,1.0,12
3001,K-18-22,252.0,868.0,2.0,12
3002,K-18-12,252.0,868.0,1.0,12
3002,K-18-22,252.0,868.0,2.0,12
3003,K-18-12,252.0,868.0,1.0,12
3003,K-18-22,252.0,868.0,2.0,12
3004,K-18-12,252.0,868.0,1.0,12
3004,K-18-22,252.0,868.0,2.0,12
3005,K-18-12,252.0,868.0,1.0,12
3005,K-18-22,252.0,868.0,2.0,12
3006,K-18-12,252.0,868.0,1.0,12
3006,K-18-22,252.0,868.0,2.0,12
3007,K-18-12,252.0,868.0,1.0,12
3007,K-18-22,252.0,868.0,2.0,12
3008,K-18-12,252.0,868.0,1.0,12
3008,K-18-22,252.0,868.0,2.0,12
3009,K-18-12,252.0,868.0,1.0,12
3009,K-18-22,252.0,868.0,2.0,12
3010,K-18-12,252.0,868.0,1.0,6
3010,K-18-22,252.0,868.0,2.0,12
3010,K-18-23,236.0,868.0,2.0,7
3011,K-18-11,268.0,868.0,1.0,12
3011,K-18-21,268.0,868.0,2.0,12
3012,K-18-11,268.0,868.0,1.0,12
3012,K-18-21,268.0,868.0,2.0,12
3013,K-18-11,268.0,868.0,1.0,12
3013,K-18-21,268.0,868.0,2.0,12
3014,K-18-11,268.0,868.0,1.0,12
3014,K-18-21,268.0,868.0,2.0,12
3015,K-18-11,268.0,868.0,1.0,12
3015,K-18-21,268.0,868.0,2.0,12
3016,K-18-11,268.0,868.0,1.0,12
3016,K-18-21,268.0,868.0,2.0,12
3017,K-18-11,268.0,868.0,1.0,12
3017,K-18-21,268.0,868.0,2.0,12
3018,K-18-11,268.0,868.0,1.0,12
3018,K-18-21,268.0,868.0,2.0,12
3019,K-18-11,268.0,868.0,1.0,12
3019,K-18-21,268.0,868.0,2.0,12
3020,K-18-11,268.0,868.0,1.0,12
3020,K-18-21,268.0,868.0,2.0,12
3021,K-18-11,268.0,868.0,1.0,12
3021,K-18-21,268.0,868.0,2.0,12
3022,K-18-11,268.0,868.0,1.0,12
3022,K-18-21,268.0,868.0,2.0,12
3023,K-18-11,268.0,868.0,1.0,12
3023,K-18-21,268.0,868.0,2.0,12
3024,K-18-11,268.0,868.0,1.0,12
3024,K-18-21,268.0,868.0,2.0,12
3025,K-18-11,268.0,868.0,1.0,12
3025,K-18-21,268.0,868.0,2.0,12
3026,K-18-11,268.0,868.0,1.0,7
3026,K-18-21,268.0,868.0,2.0,12
3026,K-18-22,252.0,868.0,2.0,6
3027,K-16-13,286.0,868.0,1.0,12
3027,K-16-23,286.0,868.0,2.0,12
3028,K-16-13,286.0,868.0,1.0,12
3028,K-16-23,286.0,868.0,2.0,12
3029,K-16-13,286.0,868.0,1.0,12
3029,K-16-23,286.0,868.0,2.0,12
3030,K-16-13,286.0,868.0,1.0,12
3030,K-16-23,286.0,868.0,2.0,12
3031,K-16-13,286.0,868.0,1.0,12
3031,K-16-23,286.0,868.0,2.0,12
3032,K-16-13,286.0,868.0,1.0,12
3032,K-16-23,286.0,868.0,2.0,12
3033,K-16-13,286.0,868.0,1.0,12
3033,K-16-23,286.0,868.0,2.0,12
3034,K-16-13,286.0,868.0,1.0,12
3034,K-16-23,286.0,868.0,2.0,12
3035,K-16-13,286.0,868.0,1.0,12
3035,K-16-23,286.0,868.0,2.0,12
3036,K-16-13,286.0,868.0,1.0,12
3036,K-16-23,286.0,868.0,2.0,12
3037,K-16-13,286.0,868.0,1.0,12
3037,K-16-23,286.0,868.0,2.0,12
3038,K-16-13,286.0,868.0,1.0,12
3038,K-16-23,286.0,868.0,2.0,12
3039,K-16-13,286.0,868.0,1.0,12
3039,K-16-23,286.0,868.0,2.0,12
3040,K-16-13,286.0,868.0,1.0,12
3040,K-16-23,286.0,868.0,2.0,12
3041,K-16-13,286.0,868.0,1.0,12
3041,K-16-23,286.0,868.0,2.0,12
3042,K-16-13,286.0,868.0,1.0,12
3042,K-16-23,286.0,868.0,2.0,12
3043,K-16-13,286.0,868.0,1.0,12
3043,K-16-23,286.0,868.0,2.0,12
3044,K-16-13,286.0,868.0,1.0,12
3044,K-16-23,286.0,868.0,2.0,12
3045,K-16-13,286.0,868.0,1.0,12
3045,K-16-23,286.0,868.0,2.0,12
3046,K-16-13,286.0,868.0,1.0,12
3046,K-16-23,286.0,868.0,2.0,12
3047,K-16-13,286.0,868.0,1.0,12
3047,K-16-23,286.0,868.0,2.0,4
3047,K-16-22,302.0,868.0,2.0,9
3048,K-16-13,286.0,868.0,1.0,9
3048,K-16-12,302.0,868.0,1.0,12
3048,K-16-22,302.0,868.0,2.0,4
3049,K-16-12,302.0,868.0,1.0,12
3049,K-16-22,302.0,868.0,2.0,12
3050,K-16-12,302.0,868.0,1.0,12
3050,K-16-22,302.0,868.0,2.0,12
3051,K-16-12,302.0,868.0,1.0,12
3051,K-16-22,302.0,868.0,2.0,12
3052,K-16-12,302.0,868.0,1.0,12
3052,K-16-22,302.0,868.0,2.0,12
3053,K-16-12,302.0,868.0,1.0,12
3053,K-16-22,302.0,868.0,2.0,12
3054,K-16-12,302.0,868.0,1.0,12
3054,K-16-22,302.0,868.0,2.0,12
3055,K-16-12,302.0,868.0,1.0,12
3055,K-16-22,302.0,868.0,2.0,12
3056,K-16-12,302.0,868.0,1.0,12
3056,K-16-22,302.0,868.0,2.0,12
3057,K-16-12,302.0,868.0,1.0,12
3057,K-16-22,302.0,868.0,2.0,12
3058,K-16-12,302.0,868.0,1.0,12
3058,K-16-22,302.0,868.0,2.0,12
3059,K-16-12,302.0,868.0,1.0,12
3059,K-16-22,302.0,868.0,2.0,12
3060,K-16-12,302.0,868.0,1.0,12
3060,K-16-22,302.0,868.0,2.0,12
3061,K-16-12,302.0,868.0,1.0,12
3061,K-16-22,302.0,868.0,2.0,12
3062,K-16-12,302.0,868.0,1.0,12
3062,K-16-22,302.0,868.0,2.0,12
3063,K-16-12,302.0,868.0,1.0,5
3063,K-16-22,302.0,868.0,2.0,12
3063,K-16-21,318.0,868.0,2.0,8
3064,K-16-11,318.0,868.0,1.0,12
3064,K-16-21,318.0,868.0,2.0,12
3065,K-16-11,318.0,868.0,1.0,12
3065,K-16-21,318.0,868.0,2.0,12
3066,K-16-11,318.0,868.0,1.0,12
3066,K-16-21,318.0,868.0,2.0,12
3067,K-16-11,318.0,868.0,1.0,12
3067,K-16-21,318.0,868.0,2.0,12
3068,K-16-11,318.0,868.0,1.0,12
3068,K-16-21,318.0,868.0,2.0,12
3069,K-16-11,318.0,868.0,1.0,12
3069,K-16-21,318.0,868.0,2.0,12
3070,K-16-11,318.0,868.0,1.0,12
3070,K-16-21,318.0,868.0,2.0,12
3071,K-16-11,318.0,868.0,1.0,12
3071,K-16-21,318.0,868.0,2.0,12
3072,K-16-11,318.0,868.0,1.0,12
3072,K-16-21,318.0,868.0,2.0,12
3073,K-16-11,318.0,868.0,1.0,12
3073,K-16-21,318.0,868.0,2.0,12
3074,K-16-11,318.0,868.0,1.0,12
3074,K-16-21,318.0,868.0,2.0,12
3075,K-16-11,318.0,868.0,1.0,12
3075,K-16-21,318.0,868.0,2.0,12
3076,K-16-11,318.0,868.0,1.0,12
3076,K-16-21,318.0,868.0,2.0,12
3077,K-16-11,318.0,868.0,1.0,12
3077,K-16-21,318.0,868.0,2.0,12
3078,K-14-13,336.0,868.0,1.0,12
3078,K-14-23,336.0,868.0,2.0,12
3079,K-14-13,336.0,868.0,1.0,12
3079,K-14-23,336.0,868.0,2.0,12
3080,K-14-13,336.0,868.0,1.0,12
3080,K-14-23,336.0,868.0,2.0,12
3081,K-14-13,336.0,868.0,1.0,12
3081,K-14-23,336.0,868.0,2.0,12
3082,K-14-13,336.0,868.0,1.0,12
3082,K-14-23,336.0,868.0,2.0,3
3082,K-14-22,352.0,868.0,2.0,10
3083,K-14-13,336.0,868.0,1.0,12
3083,K-14-12,352.0,868.0,1.0,12
3084,K-14-13,336.0,868.0,1.0,12
3084,K-14-12,352.0,868.0,1.0,12
3085,K-14-13,336.0,868.0,1.0,12
3085,K-14-12,352.0,868.0,1.0,12
3086,K-14-13,336.0,868.0,1.0,12
3086,K-14-12,352.0,868.0,1.0,12
3087,K-14-13,336.0,868.0,1.0,12
3087,K-14-12,352.0,868.0,1.0,12
3088,K-14-13,336.0,868.0,1.0,12
3088,K-14-12,352.0,868.0,1.0,12
3089,K-14-13,336.0,868.0,1.0,4
3089,K-14-12,352.0,868.0,1.0,5
3089,K-14-22,352.0,868.0,2.0,12
3089,K-14-21,368.0,868.0,2.0,4
3090,K-14-11,368.0,868.0,1.0,12
3090,K-14-21,368.0,868.0,2.0,12
3091,K-14-11,368.0,868.0,1.0,12
3091,K-14-21,368.0,868.0,2.0,7
3091,K-14-22,352.0,868.0,2.0,6
3092,K-14-11,368.0,868.0,1.0,12
3092,K-14-22,352.0,868.0,2.0,12
3093,K-14-11,368.0,868.0,1.0,12
3093,K-14-22,352.0,868.0,2.0,12
3094,K-14-11,368.0,868.0,1.0,12
3094,K-14-22,352.0,868.0,2.0,12
3095,K-14-11,368.0,868.0,1.0,12
3095,K-14-22,352.0,868.0,2.0,12
3096,K-14-11,368.0,868.0,1.0,12
3096,K-14-22,352.0,868.0,2.0,12
3097,K-14-11,368.0,868.0,1.0,12
3097,K-14-22,352.0,868.0,2.0,12
3098,K-14-11,368.0,868.0,1.0,12
3098,K-14-22,352.0,868.0,2.0,12
3099,K-14-11,368.0,868.0,1.0,12
3099,K-14-22,352.0,868.0,2.0,12
3100,K-14-11,368.0,868.0,1.0,12
3100,K-14-22,352.0,868.0,2.0,4
3100,L-13-22,352.0,900.0,2.0,9
3101,K-14-11,368.0,868.0,1.0,5
3101,L-13-11,368.0,900.0,1.0,12
3101,L-13-21,368.0,900.0,2.0,8
3102,J-10-13,434.0,868.0,1.0,12
3102,J-10-23,434.0,868.0,2.0,12
3103,J-10-13,434.0,868.0,1.0,12
3103,J-10-23,434.0,868.0,2.0,12
3104,J-10-13,434.0,868.0,1.0,12
3104,J-10-23,434.0,868.0,2.0,12
3105,J-10-13,434.0,868.0,1.0,12
3105,J-10-23,434.0,868.0,2.0,12
3106,J-10-13,434.0,868.0,1.0,12
3106,J-10-23,434.0,868.0,2.0,12
3107,J-10-13,434.0,868.0,1.0,12
3107,J-10-23,434.0,868.0,2.0,12
3108,J-10-13,434.0,868.0,1.0,12
3108,J-10-23,434.0,868.0,2.0,12
3109,J-10-13,434.0,868.0,1.0,12
3109,J-10-23,434.0,868.0,2.0,12
3110,J-10-13,434.0,868.0,1.0,12
3110,J-10-23,434.0,868.0,2.0,12
3111,J-10-13,434.0,868.0,1.0,12
3111,J-10-23,434.0,868.0,2.0,12
3112,J-10-13,434.0,868.0,1.0,12
3112,J-10-23,434.0,868.0,2.0,12
3113,J-10-13,434.0,868.0,1.0,12
3113,J-10-23,434.0,868.0,2.0,12
3114,J-10-13,434.0,868.0,1.0,12
3114,J-10-23,434.0,868.0,2.0,12
3115,J-10-13,434.0,868.0,1.0,12
3115,J-10-23,434.0,868.0,2.0,12
3116,J-10-13,434.0,868.0,1.0,12
3116,J-10-23,434.0,868.0,2.0,12
3117,J-10-13,434.0,868.0,1.0,12
3117,J-10-23,434.0,868.0,2.0,12
3118,J-10-13,434.0,868.0,1.0,12
3118,J-10-23,434.0,868.0,2.0,12
3119,J-10-13,434.0,868.0,1.0,12
3119,J-10-23,434.0,868.0,2.0,12
3120,J-10-13,434.0,868.0,1.0,12
3120,J-10-23,434.0,868.0,2.0,12
3121,J-10-13,434.0,868.0,1.0,12
3121,J-10-23,434.0,868.0,2.0,12
3122,J-10-13,434.0,868.0,1.0,12
3122,J-10-23,434.0,868.0,2.0,12
3123,J-10-13,434.0,868.0,1.0,12
3123,J-10-23,434.0,868.0,2.0,12
3124,J-10-13,434.0,868.0,1.0,12
3124,J-10-23,434.0,868.0,2.0,12
3125,J-10-13,434.0,868.0,1.0,8
3125,J-10-23,434.0,868.0,2.0,12
3125,J-10-22,450.0,868.0,2.0,5
3126,J-10-12,450.0,868.0,1.0,12
3126,J-10-22,450.0,868.0,2.0,12
3127,J-10-12,450.0,868.0,1.0,12
3127,J-10-22,450.0,868.0,2.0,12
3128,J-10-12,450.0,868.0,1.0,12
3128,J-10-22,450.0,868.0,2.0,12
3129,J-10-12,450.0,868.0,1.0,12
3129,J-10-22,450.0,868.0,2.0,12
3130,J-10-12,450.0,868.0,1.0,12
3130,J-10-22,450.0,868.0,2.0,12
3131,J-10-12,450.0,868.0,1.0,12
3131,J-10-22,450.0,868.0,2.0,12
3132,J-10-12,450.0,868.0,1.0,12
3132,J-10-22,450.0,868.0,2.0,12
3133,J-10-12,450.0,868.0,1.0,12
3133,J-10-22,450.0,868.0,2.0,12
3134,J-10-12,450.0,868.0,1.0,12
3134,J-10-22,450.0,868.0,2.0,12
3135,J-10-12,450.0,868.0,1.0,12
3135,J-10-22,450.0,868.0,2.0,12
3136,J-10-12,450.0,868.0,1.0,12
3136,J-10-22,450.0,868.0,2.0,12
3137,J-10-12,450.0,868.0,1.0,12
3137,J-10-22,450.0,868.0,2.0,12
3138,J-10-12,450.0,868.0,1.0,12
3138,J-10-22,450.0,868.0,2.0,12
3139,J-10-12,450.0,868.0,1.0,12
3139,J-10-22,450.0,868.0,2.0,12
3140,J-10-12,450.0,868.0,1.0,12
3140,J-10-22,450.0,868.0,2.0,12
3141,J-10-12,450.0,868.0,1.0,12
3141,J-10-22,450.0,868.0,2.0,12
3142,J-10-12,450.0,868.0,1.0,12
3142,J-10-22,450.0,868.0,2.0,12
3143,J-10-12,450.0,868.0,1.0,12
3143,J-10-22,450.0,868.0,2.0,12
3144,J-10-12,450.0,868.0,1.0,12
3144,J-10-22,450.0,868.0,2.0,12
3145,J-10-12,450.0,868.0,1.0,12
3145,J-10-22,450.0,868.0,2.0,12
3146,J-10-12,450.0,868.0,1.0,12
3146,J-10-22,450.0,868.0,2.0,12
3147,J-10-12,450.0,868.0,1.0,12
3147,J-10-22,450.0,868.0,2.0,12
3148,J-10-12,450.0,868.0,1.0,12
3148,J-10-22,450.0,868.0,2.0,12
3149,J-10-12,450.0,868.0,1.0,12
3149,J-10-22,450.0,868.0,2.0,12
3150,J-10-12,450.0,868.0,1.0,12
3150,J-10-22,450.0,868.0,2.0,12
3151,J-10-12,450.0,868.0,1.0,12
3151,J-10-22,450.0,868.0,2.0,12
3152,J-10-11,466.0,868.0,1.0,12
3152,J-10-21,466.0,868.0,2.0,12
3153,J-10-11,466.0,868.0,1.0,12
3153,J-10-21,466.0,868.0,2.0,12
3154,J-10-11,466.0,868.0,1.0,12
3154,J-10-21,466.0,868.0,2.0,12
3155,J-10-11,466.0,868.0,1.0,12
3155,J-10-21,466.0,868.0,2.0,12
3156,J-10-11,466.0,868.0,1.0,12
3156,J-10-21,466.0,868.0,2.0,12
3157,J-10-11,466.0,868.0,1.0,12
3157,J-10-21,466.0,868.0,2.0,12
3158,J-10-11,466.0,868.0,1.0,12
3158,J-10-21,466.0,868.0,2.0,12
3159,J-10-11,466.0,868.0,1.0,12
3159,J-10-21,466.0,868.0,2.0,12
3160,J-10-11,466.0,868.0,1.0,12
3160,J-10-21,466.0,868.0,2.0,12
3161,J-10-11,466.0,868.0,1.0,12
3161,J-10-21,466.0,868.0,2.0,12
3162,J-10-11,466.0,868.0,1.0,12
3162,J-10-21,466.0,868.0,2.0,12
3163,J-10-11,466.0,868.0,1.0,12
3163,J-10-21,466.0,868.0,2.0,12
3164,J-10-11,466.0,868.0,1.0,12
3164,J-10-21,466.0,868.0,2.0,12
3165,J-10-11,466.0,868.0,1.0,12
3165,J-10-21,466.0,868.0,2.0,12
3166,J-10-11,466.0,868.0,1.0,12
3166,J-10-21,466.0,868.0,2.0,12
3167,J-10-11,466.0,868.0,1.0,12
3167,J-10-21,466.0,868.0,2.0,12
3168,J-10-11,466.0,868.0,1.0,12
3168,J-10-21,466.0,868.0,2.0,12
3169,J-10-11,466.0,868.0,1.0,12
3169,J-10-21,466.0,868.0,2.0,12
3170,J-10-11,466.0,868.0,1.0,12
3170,J-10-21,466.0,868.0,2.0,12
3171,J-10-11,466.0,868.0,1.0,12
3171,J-10-21,466.0,868.0,2.0,12
3172,J-10-11,466.0,868.0,1.0,12
3172,J-10-21,466.0,868.0,2.0,12
3173,J-10-11,466.0,868.0,1.0,12
3173,J-10-21,466.0,868.0,2.0,12
3174,J-10-11,466.0,868.0,1.0,12
3174,J-10-21,466.0,868.0,2.0,12
3175,J-10-11,466.0,868.0,1.0,4
3175,J-10-21,466.0,868.0,2.0,8
3175,J-10-22,450.0,868.0,2.0,12
3176,J-08-13,484.0,868.0,1.0,12
3176,J-08-23,484.0,868.0,2.0,12
3177,J-08-13,484.0,868.0,1.0,9
3177,J-08-23,484.0,868.0,2.0,12
3177,J-08-22,500.0,868.0,2.0,4
3178,J-08-12,500.0,868.0,1.0,12
3178,J-08-22,500.0,868.0,2.0,12
3179,J-08-12,500.0,868.0,1.0,12
3179,J-08-22,500.0,868.0,2.0,12
3180,J-08-12,500.0,868.0,1.0,12
3180,J-08-22,500.0,868.0,2.0,12
3181,J-08-12,500.0,868.0,1.0,12
3181,J-08-22,500.0,868.0,2.0,12
3182,J-08-12,500.0,868.0,1.0,12
3182,J-08-22,500.0,868.0,2.0,12
3183,J-08-12,500.0,868.0,1.0,12
3183,J-08-22,500.0,868.0,2.0,12
3184,J-08-12,500.0,868.0,1.0,12
3184,J-08-22,500.0,868.0,2.0,12
3185,J-08-12,500.0,868.0,1.0,12
3185,J-08-22,500.0,868.0,2.0,12
3186,J-08-12,500.0,868.0,1.0,12
3186,J-08-22,500.0,868.0,2.0,12
3187,J-08-12,500.0,868.0,1.0,12
3187,J-08-22,500.0,868.0,2.0,12
3188,J-08-12,500.0,868.0,1.0,12
3188,J-08-22,500.0,868.0,2.0,12
3189,J-08-12,500.0,868.0,1.0,12
3189,J-08-22,500.0,868.0,2.0,12
3190,J-08-12,500.0,868.0,1.0,12
3190,J-08-22,500.0,868.0,2.0,12
3191,J-08-12,500.0,868.0,1.0,12
3191,J-08-22,500.0,868.0,2.0,12
3192,J-08-12,500.0,868.0,1.0,12
3192,J-08-22,500.0,868.0,2.0,12
3193,J-08-12,500.0,868.0,1.0,12
3193,J-08-22,500.0,868.0,2.0,12
3194,J-08-12,500.0,868.0,1.0,3
3194,J-08-22,500.0,868.0,2.0,12
3194,J-08-23,484.0,868.0,2.0,10
3195,J-08-11,516.0,868.0,1.0,12
3195,J-08-21,516.0,868.0,2.0,12
3196,J-08-11,516.0,868.0,1.0,12
3196,J-08-21,516.0,868.0,2.0,12
3197,J-08-11,516.0,868.0,1.0,12
3197,J-08-21,516.0,868.0,2.0,12
3198,J-08-11,516.0,868.0,1.0,12
3198,J-08-21,516.0,868.0,2.0,12
3199,J-08-11,516.0,868.0,1.0,12
3199,J-08-21,516.0,868.0,2.0,12
3200,J-08-11,516.0,868.0,1.0,12
3200,J-08-21,516.0,868.0,2.0,12
3201,J-08-11,516.0,868.0,1.0,12
3201,J-08-21,516.0,868.0,2.0,12
3202,J-08-11,516.0,868.0,1.0,12
3202,J-08-21,516.0,868.0,2.0,12
3203,J-08-11,516.0,868.0,1.0,12
3203,J-08-21,516.0,868.0,2.0,12
3204,J-08-11,516.0,868.0,1.0,12
3204,J-08-21,516.0,868.0,2.0,12
3205,J-08-11,516.0,868.0,1.0,12
3205,J-08-21,516.0,868.0,2.0,12
3206,J-08-11,516.0,868.0,1.0,12
3206,J-08-21,516.0,868.0,2.0,12
3207,J-08-11,516.0,868.0,1.0,12
3207,J-08-21,516.0,868.0,2.0,12
3208,J-08-11,516.0,868.0,1.0,12
3208,J-08-21,516.0,868.0,2.0,12
3209,J-08-11,516.0,868.0,1.0,12
3209,J-08-21,516.0,868.0,2.0,12
3210,J-08-11,516.0,868.0,1.0,12
3210,J-08-21,516.0,868.0,2.0,12
3211,J-08-11,516.0,868.0,1.0,12
3211,J-08-21,516.0,868.0,2.0,12
3212,J-08-11,516.0,868.0,1.0,12
3212,J-08-21,516.0,868.0,2.0,12
3213,J-08-11,516.0,868.0,1.0,12
3213,J-08-21,516.0,868.0,2.0,10
3213,J-08-22,500.0,868.0,2.0,3
3214,J-08-11,516.0,868.0,1.0,12
3214,J-08-22,500.0,868.0,2.0,12
3215,J-08-11,516.0,868.0,1.0,12
3215,J-08-22,500.0,868.0,2.0,12
3216,J-08-11,516.0,868.0,1.0,5
3216,J-08-22,500.0,868.0,2.0,12
3216,J-08-23,484.0,868.0,2.0,8
3217,J-06-13,534.0,868.0,1.0,12
3217,J-06-23,534.0,868.0,2.0,12
3218,J-06-13,534.0,868.0,1.0,12
3218,J-06-23,534.0,868.0,2.0,12
3219,J-06-13,534.0,868.0,1.0,12
3219,J-06-23,534.0,868.0,2.0,12
3220,J-06-13,534.0,868.0,1.0,12
3220,J-06-23,534.0,868.0,2.0,12
3221,J-06-13,534.0,868.0,1.0,12
3221,J-06-23,534.0,868.0,2.0,12
3222,J-06-13,534.0,868.0,1.0,12
3222,J-06-23,534.0,868.0,2.0,12
3223,J-06-13,534.0,868.0,1.0,12
3223,J-06-23,534.0,868.0,2.0,12
3224,J-06-13,534.0,868.0,1.0,12
3224,J-06-23,534.0,868.0,2.0,12
3225,J-06-13,534.0,868.0,1.0,12
3225,J-06-23,534.0,868.0,2.0,12
3226,J-06-13,534.0,868.0,1.0,12
3226,J-06-23,534.0,868.0,2.0,12
3227,J-06-13,534.0,868.0,1.0,12
3227,J-06-23,534.0,868.0,2.0,12
3228,J-06-13,534.0,868.0,1.0,6
3228,J-06-23,534.0,868.0,2.0,12
3228,J-06-22,550.0,868.0,2.0,7
3229,J-06-12,550.0,868.0,1.0,12
3229,J-06-22,550.0,868.0,2.0,12
3230,J-06-12,550.0,868.0,1.0,12
3230,J-06-22,550.0,868.0,2.0,12
3231,J-06-12,550.0,868.0,1.0,12
3231,J-06-22,550.0,868.0,2.0,12
3232,J-06-12,550.0,868.0,1.0,12
3232,J-06-22,550.0,868.0,2.0,12
3233,J-06-12,550.0,868.0,1.0,12
3233,J-06-22,550.0,868.0,2.0,12
3234,J-06-12,550.0,868.0,1.0,12
3234,J-06-22,550.0,868.0,2.0,12
3235,J-06-12,550.0,868.0,1.0,12
3235,J-06-22,550.0,868.0,2.0,12
3236,J-06-12,550.0,868.0,1.0,12
3236,J-06-22,550.0,868.0,2.0,12
3237,J-06-12,550.0,868.0,1.0,12
3237,J-06-22,550.0,868.0,2.0,12
3238,J-06-12,550.0,868.0,1.0,12
3238,J-06-22,550.0,868.0,2.0,12
3239,J-06-12,550.0,868.0,1.0,12
3239,J-06-22,550.0,868.0,2.0,12
3240,J-06-12,550.0,868.0,1.0,12
3240,J-06-22,550.0,868.0,2.0,12
3241,J-06-11,566.0,868.0,1.0,12
3241,J-06-21,566.0,868.0,2.0,12
3242,J-06-11,566.0,868.0,1.0,12
3242,J-06-21,566.0,868.0,2.0,12
3243,J-06-11,566.0,868.0,1.0,12
3243,J-06-21,566.0,868.0,2.0,12
3244,J-06-11,566.0,868.0,1.0,12
3244,J-06-21,566.0,868.0,2.0,12
3245,J-06-11,566.0,868.0,1.0,12
3245,J-06-21,566.0,868.0,2.0,12
3246,J-06-11,566.0,868.0,1.0,12
3246,J-06-21,566.0,868.0,2.0,12
3247,J-06-11,566.0,868.0,1.0,12
3247,J-06-21,566.0,868.0,2.0,4
3247,J-06-22,550.0,868.0,2.0,9
3248,J-06-11,566.0,868.0,1.0,2
3248,J-06-22,550.0,868.0,2.0,12
3248,J-06-23,534.0,868.0,2.0,11
3249,J-04-13,584.0,868.0,1.0,12
3249,J-04-23,584.0,868.0,2.0,12
3250,J-04-13,584.0,868.0,1.0,12
3250,J-04-23,584.0,868.0,2.0,12
3251,J-04-13,584.0,868.0,1.0,12
3251,J-04-23,584.0,868.0,2.0,12
3252,J-04-13,584.0,868.0,1.0,12
3252,J-04-23,584.0,868.0,2.0,12
3253,J-04-13,584.0,868.0,1.0,12
3253,J-04-23,584.0,868.0,2.0,12
3254,J-04-13,584.0,868.0,1.0,12
3254,J-04-23,584.0,868.0,2.0,12
3255,J-04-13,584.0,868.0,1.0,7
3255,J-04-23,584.0,868.0,2.0,12
3255,J-04-22,600.0,868.0,2.0,6
3256,J-04-12,600.0,868.0,1.0,8
3256,J-04-22,600.0,868.0,2.0,12
3256,J-04-23,584.0,868.0,2.0,5
3257,J-04-11,616.0,868.0,1.0,12
3257,J-04-21,616.0,868.0,2.0,12
3258,J-04-11,616.0,868.0,1.0,12
3258,J-04-21,616.0,868.0,2.0,12
3259,J-04-11,616.0,868.0,1.0,12
3259,J-04-21,616.0,868.0,2.0,12
3260,J-04-11,616.0,868.0,1.0,12
3260,J-04-21,616.0,868.0,2.0,12
3261,J-04-11,616.0,868.0,1.0,6
3261,J-04-21,616.0,868.0,2.0,11
3261,J-04-22,600.0,868.0,2.0,8
3262,J-02-13,634.0,868.0,1.0,12
3262,J-02-23,634.0,868.0,2.0,12
3263,J-02-13,634.0,868.0,1.0,12
3263,J-02-23,634.0,868.0,2.0,12
3264,J-02-13,634.0,868.0,1.0,12
3264,J-02-23,634.0,868.0,2.0,12
3265,J-02-13,634.0,868.0,1.0,12
3265,J-02-23,634.0,868.0,2.0,12
3266,J-02-13,634.0,868.0,1.0,12
3266,J-02-23,634.0,868.0,2.0,12
3267,J-02-13,634.0,868.0,1.0,12
3267,J-02-23,634.0,868.0,2.0,12
3268,J-02-13,634.0,868.0,1.0,12
3268,J-02-23,634.0,868.0,2.0,12
3269,J-02-13,634.0,868.0,1.0,12
3269,J-02-23,634.0,868.0,2.0,12
3270,J-02-13,634.0,868.0,1.0,12
3270,J-02-23,634.0,868.0,2.0,12
3271,J-02-13,634.0,868.0,1.0,12
3271,J-02-23,634.0,868.0,2.0,12
3272,J-02-13,634.0,868.0,1.0,12
3272,J-02-23,634.0,868.0,2.0,12
3273,J-02-13,634.0,868.0,1.0,12
3273,J-02-23,634.0,868.0,2.0,12
3274,J-02-13,634.0,868.0,1.0,12
3274,J-02-23,634.0,868.0,2.0,12
3275,J-02-13,634.0,868.0,1.0,12
3275,J-02-23,634.0,868.0,2.0,12
3276,J-02-13,634.0,868.0,1.0,12
3276,J-02-23,634.0,868.0,2.0,12
3277,J-02-13,634.0,868.0,1.0,12
3277,J-02-23,634.0,868.0,2.0,12
3278,J-02-13,634.0,868.0,1.0,12
3278,J-02-23,634.0,868.0,2.0,12
3279,J-02-13,634.0,868.0,1.0,12
3279,J-02-23,634.0,868.0,2.0,4
3279,J-02-22,650.0,868.0,2.0,9
3280,J-02-13,634.0,868.0,1.0,12
3280,J-02-12,650.0,868.0,1.0,12
3281,J-02-13,634.0,868.0,1.0,12
3281,J-02-12,650.0,868.0,1.0,12
3282,J-02-13,634.0,868.0,1.0,12
3282,J-02-12,650.0,868.0,1.0,12
3283,J-02-13,634.0,868.0,1.0,12
3283,J-02-12,650.0,868.0,1.0,12
3284,J-02-13,634.0,868.0,1.0,12
3284,J-02-12,650.0,868.0,1.0,12
3285,J-02-13,634.0,868.0,1.0,11
3285,J-02-12,650.0,868.0,1.0,12
3285,J-02-22,650.0,868.0,2.0,2
3286,J-02-12,650.0,868.0,1.0,12
3286,J-02-22,650.0,868.0,2.0,12
3287,J-02-12,650.0,868.0,1.0,12
3287,J-02-22,650.0,868.0,2.0,12
3288,J-02-12,650.0,868.0,1.0,12
3288,J-02-22,650.0,868.0,2.0,12
3289,J-02-12,650.0,868.0,1.0,12
3289,J-02-22,650.0,868.0,2.0,12
3290,J-02-12,650.0,868.0,1.0,12
3290,J-02-22,650.0,868.0,2.0,12
3291,J-02-12,650.0,868.0,1.0,12
3291,J-02-22,650.0,868.0,2.0,12
3292,J-02-12,650.0,868.0,1.0,12
3292,J-02-22,650.0,868.0,2.0,12
3293,J-02-12,650.0,868.0,1.0,12
3293,J-02-22,650.0,868.0,2.0,8
3293,J-02-21,666.0,868.0,2.0,5
3294,J-02-12,650.0,868.0,1.0,11
3294,J-02-11,666.0,868.0,1.0,12
3294,J-02-21,666.0,868.0,2.0,2
3295,J-02-11,666.0,868.0,1.0,12
3295,J-02-21,666.0,868.0,2.0,12
3296,J-02-11,666.0,868.0,1.0,12
3296,J-02-21,666.0,868.0,2.0,12
3297,J-02-11,666.0,868.0,1.0,12
3297,J-02-21,666.0,868.0,2.0,12
3298,J-02-11,666.0,868.0,1.0,12
3298,J-02-21,666.0,868.0,2.0,12
3299,J-02-11,666.0,868.0,1.0,12
3299,J-02-21,666.0,868.0,2.0,12
3300,J-02-11,666.0,868.0,1.0,12
3300,J-02-21,666.0,868.0,2.0,12
3301,J-02-11,666.0,868.0,1.0,8
3301,J-02-21,666.0,868.0,2.0,12
3301,K-01-21,666.0,900.0,2.0,5
3302,L-23-13,86.0,900.0,1.0,12
3302,L-23-23,86.0,900.0,2.0,12
3303,L-23-13,86.0,900.0,1.0,12
3303,L-23-23,86.0,900.0,2.0,12
3304,L-23-13,86.0,900.0,1.0,12
3304,L-23-23,86.0,900.0,2.0,12
3305,L-23-13,86.0,900.0,1.0,4
3305,L-23-23,86.0,900.0,2.0,12
3305,L-23-22,102.0,900.0,2.0,9
3306,L-23-12,102.0,900.0,1.0,12
3306,L-23-22,102.0,900.0,2.0,12
3307,L-23-12,102.0,900.0,1.0,12
3307,L-23-22,102.0,900.0,2.0,12
3308,L-23-12,102.0,900.0,1.0,12
3308,L-23-22,102.0,900.0,2.0,12
3309,L-23-12,102.0,900.0,1.0,12
3309,L-23-22,102.0,900.0,2.0,12
3310,L-23-12,102.0,900.0,1.0,12
3310,L-23-22,102.0,900.0,2.0,12
3311,L-23-12,102.0,900.0,1.0,12
3311,L-23-22,102.0,900.0,2.0,12
3312,L-23-12,102.0,900.0,1.0,12
3312,L-23-22,102.0,900.0,2.0,12
3313,L-23-12,102.0,900.0,1.0,12
3313,L-23-22,102.0,900.0,2.0,12
3314,L-23-12,102.0,900.0,1.0,12
3314,L-23-22,102.0,900.0,2.0,12
3315,L-23-12,102.0,900.0,1.0,12
3315,L-23-22,102.0,900.0,2.0,12
3316,L-23-12,102.0,900.0,1.0,12
3316,L-23-22,102.0,900.0,2.0,9
3316,L-23-23,86.0,900.0,2.0,4
3317,L-23-12,102.0,900.0,1.0,12
3317,L-23-11,118.0,900.0,1.0,12
3318,L-23-12,102.0,900.0,1.0,12
3318,L-23-11,118.0,900.0,1.0,12
3319,L-23-12,102.0,900.0,1.0,12
3319,L-23-11,118.0,900.0,1.0,12
3320,L-23-12,102.0,900.0,1.0,7
3320,L-23-11,118.0,900.0,1.0,12
3320,L-23-21,118.0,900.0,2.0,6
3321,L-23-11,118.0,900.0,1.0,12
3321,L-23-21,118.0,900.0,2.0,12
3322,L-23-11,118.0,900.0,1.0,12
3322,L-23-21,118.0,900.0,2.0,12
3323,L-23-11,118.0,900.0,1.0,12
3323,L-23-21,118.0,900.0,2.0,12
3324,L-23-11,118.0,900.0,1.0,12
3324,L-23-21,118.0,900.0,2.0,12
3325,L-23-11,118.0,900.0,1.0,12
3325,L-23-21,118.0,900.0,2.0,12
3326,L-23-11,118.0,900.0,1.0,12
3326,L-23-21,118.0,900.0,2.0,12
3327,L-23-11,118.0,900.0,1.0,12
3327,L-23-21,118.0,900.0,2.0,12
3328,L-23-11,118.0,900.0,1.0,12
3328,L-23-21,118.0,900.0,2.0,12
3329,L-23-11,118.0,900.0,1.0,12
3329,L-23-21,118.0,900.0,2.0,12
3330,L-23-11,118.0,900.0,1.0,12
3330,L-23-21,118.0,900.0,2.0,12
3331,L-21-13,136.0,900.0,1.0,12
3331,L-21-23,136.0,900.0,2.0,12
3332,L-21-13,136.0,900.0,1.0,12
3332,L-21-23,136.0,900.0,2.0,12
3333,L-21-13,136.0,900.0,1.0,12
3333,L-21-23,136.0,900.0,2.0,12
3334,L-21-13,136.0,900.0,1.0,12
3334,L-21-23,136.0,900.0,2.0,12
3335,L-21-13,136.0,900.0,1.0,12
3335,L-21-23,136.0,900.0,2.0,12
3336,L-21-13,136.0,900.0,1.0,12
3336,L-21-23,136.0,900.0,2.0,12
3337,L-21-13,136.0,900.0,1.0,12
3337,L-21-23,136.0,900.0,2.0,12
3338,L-21-13,136.0,900.0,1.0,12
3338,L-21-23,136.0,900.0,2.0,12
3339,L-21-13,136.0,900.0,1.0,12
3339,L-21-23,136.0,900.0,2.0,12
3340,L-21-13,136.0,900.0,1.0,12
3340,L-21-23,136.0,900.0,2.0,12
3341,L-21-13,136.0,900.0,1.0,9
3341,L-21-23,136.0,900.0,2.0,12
3341,L-21-22,152.0,900.0,2.0,4
3342,L-21-12,152.0,900.0,1.0,12
3342,L-21-22,152.0,900.0,2.0,12
3343,L-21-12,152.0,900.0,1.0,12
3343,L-21-22,152.0,900.0,2.0,12
3344,L-21-12,152.0,900.0,1.0,12
3344,L-21-22,152.0,900.0,2.0,12
3345,L-21-12,152.0,900.0,1.0,12
3345,L-21-22,152.0,900.0,2.0,12
3346,L-21-12,152.0,900.0,1.0,12
3346,L-21-22,152.0,900.0,2.0,12
3347,L-21-12,152.0,900.0,1.0,12
3347,L-21-22,152.0,900.0,2.0,12
3348,L-21-12,152.0,900.0,1.0,12
3348,L-21-22,152.0,900.0,2.0,12
3349,L-21-12,152.0,900.0,1.0,12
3349,L-21-22,152.0,900.0,2.0,12
3350,L-21-12,152.0,900.0,1.0,12
3350,L-21-22,152.0,900.0,2.0,12
3351,L-21-12,152.0,900.0,1.0,12
3351,L-21-22,152.0,900.0,2.0,12
3352,L-21-12,152.0,900.0,1.0,12
3352,L-21-22,152.0,900.0,2.0,12
3353,L-21-12,152.0,900.0,1.0,12
3353,L-21-22,152.0,900.0,2.0,12
3354,L-21-12,152.0,900.0,1.0,12
3354,L-21-22,152.0,900.0,2.0,12
3355,L-21-12,152.0,900.0,1.0,12
3355,L-21-22,152.0,900.0,2.0,6
3355,L-21-23,136.0,900.0,2.0,7
3356,L-21-12,152.0,900.0,1.0,12
3356,L-21-11,168.0,900.0,1.0,12
3357,L-21-12,152.0,900.0,1.0,2
3357,L-21-11,168.0,900.0,1.0,12
3357,L-21-21,168.0,900.0,2.0,11
3358,L-21-11,168.0,900.0,1.0,12
3358,L-21-21,168.0,900.0,2.0,12
3359,L-21-11,168.0,900.0,1.0,12
3359,L-21-21,168.0,900.0,2.0,12
3360,L-21-11,168.0,900.0,1.0,2
3360,L-21-21,168.0,900.0,2.0,12
3360,L-19-23,186.0,900.0,2.0,11
3361,L-19-13,186.0,900.0,1.0,12
3361,L-19-23,186.0,900.0,2.0,12
3362,L-19-13,186.0,900.0,1.0,12
3362,L-19-23,186.0,900.0,2.0,12
3363,L-19-13,186.0,900.0,1.0,12
3363,L-19-23,186.0,900.0,2.0,12
3364,L-19-12,202.0,900.0,1.0,12
3364,L-19-22,202.0,900.0,2.0,12
3365,L-19-12,202.0,900.0,1.0,12
3365,L-19-22,202.0,900.0,2.0,12
3366,L-19-12,202.0,900.0,1.0,12
3366,L-19-22,202.0,900.0,2.0,12
3367,L-19-12,202.0,900.0,1.0,12
3367,L-19-22,202.0,900.0,2.0,12
3368,L-19-12,202.0,900.0,1.0,12
3368,L-19-22,202.0,900.0,2.0,12
3369,L-19-12,202.0,900.0,1.0,12
3369,L-19-22,202.0,900.0,2.0,12
3370,L-19-12,202.0,900.0,1.0,12
3370,L-19-22,202.0,900.0,2.0,12
3371,L-19-12,202.0,900.0,1.0,12
3371,L-19-22,202.0,900.0,2.0,12
3372,L-19-12,202.0,900.0,1.0,12
3372,L-19-22,202.0,900.0,2.0,12
3373,L-19-12,202.0,900.0,1.0,12
3373,L-19-22,202.0,900.0,2.0,12
3374,L-19-12,202.0,900.0,1.0,12
3374,L-19-22,202.0,900.0,2.0,12
3375,L-19-12,202.0,900.0,1.0,12
3375,L-19-22,202.0,900.0,2.0,12
3376,L-19-12,202.0,900.0,1.0,12
3376,L-19-22,202.0,900.0,2.0,12
3377,L-19-12,202.0,900.0,1.0,12
3377,L-19-22,202.0,900.0,2.0,12
3378,L-19-12,202.0,900.0,1.0,12
3378,L-19-22,202.0,900.0,2.0,12
3379,L-19-12,202.0,900.0,1.0,12
3379,L-19-22,202.0,900.0,2.0,12
3380,L-19-12,202.0,900.0,1.0,12
3380,L-19-22,202.0,900.0,2.0,12
3381,L-19-12,202.0,900.0,1.0,12
3381,L-19-22,202.0,900.0,2.0,12
3382,L-19-12,202.0,900.0,1.0,12
3382,L-19-22,202.0,900.0,2.0,12
3383,L-19-12,202.0,900.0,1.0,12
3383,L-19-22,202.0,900.0,2.0,12
3384,L-19-12,202.0,900.0,1.0,12
3384,L-19-22,202.0,900.0,2.0,12
3385,L-19-12,202.0,900.0,1.0,12
3385,L-19-22,202.0,900.0,2.0,12
3386,L-19-12,202.0,900.0,1.0,9
3386,L-19-22,202.0,900.0,2.0,12
3386,L-19-23,186.0,900.0,2.0,4
3387,L-19-11,218.0,900.0,1.0,12
3387,L-19-21,218.0,900.0,2.0,12
3388,L-19-11,218.0,900.0,1.0,12
3388,L-19-21,218.0,900.0,2.0,12
3389,L-19-11,218.0,900.0,1.0,12
3389,L-19-21,218.0,900.0,2.0,12
3390,L-19-11,218.0,900.0,1.0,12
3390,L-19-21,218.0,900.0,2.0,12
3391,L-19-11,218.0,900.0,1.0,12
3391,L-19-21,218.0,900.0,2.0,12
3392,L-19-11,218.0,900.0,1.0,12
3392,L-19-21,218.0,900.0,2.0,12
3393,L-19-11,218.0,900.0,1.0,12
3393,L-19-21,218.0,900.0,2.0,12
3394,L-19-11,218.0,900.0,1.0,12
3394,L-19-21,218.0,900.0,2.0,12
3395,L-19-11,218.0,900.0,1.0,12
3395,L-19-21,218.0,900.0,2.0,12
3396,L-19-11,218.0,900.0,1.0,12
3396,L-19-21,218.0,900.0,2.0,12
3397,L-19-11,218.0,900.0,1.0,12
3397,L-19-21,218.0,900.0,2.0,12
3398,L-19-11,218.0,900.0,1.0,12
3398,L-19-21,218.0,900.0,2.0,12
3399,L-19-11,218.0,900.0,1.0,12
3399,L-19-21,218.0,900.0,2.0,12
3400,L-19-11,218.0,900.0,1.0,12
3400,L-19-21,218.0,900.0,2.0,12
3401,L-19-11,218.0,900.0,1.0,12
3401,L-19-21,218.0,900.0,2.0,12
3402,L-19-11,218.0,900.0,1.0,12
3402,L-19-21,218.0,900.0,2.0,12
3403,L-19-11,218.0,900.0,1.0,12
3403,L-19-21,218.0,900.0,2.0,12
3404,L-19-11,218.0,900.0,1.0,12
3404,L-19-21,218.0,900.0,2.0,9
3404,L-19-22,202.0,900.0,2.0,4
3405,L-19-11,218.0,900.0,1.0,12
3405,L-19-22,202.0,900.0,2.0,10
3405,L-19-23,186.0,900.0,2.0,3
3406,L-19-11,218.0,900.0,1.0,12
3406,L-17-13,236.0,900.0,1.0,12
3407,L-19-11,218.0,900.0,1.0,12
3407,L-17-13,236.0,900.0,1.0,12
3408,L-19-11,218.0,900.0,1.0,12
3408,L-17-13,236.0,900.0,1.0,12
3409,L-19-11,218.0,900.0,1.0,12
3409,L-17-13,236.0,900.0,1.0,12
3410,L-19-11,218.0,900.0,1.0,12
3410,L-17-13,236.0,900.0,1.0,12
3411,L-19-11,218.0,900.0,1.0,12
3411,L-17-13,236.0,900.0,1.0,12
3412,L-19-11,218.0,900.0,1.0,12
3412,L-17-13,236.0,900.0,1.0,12
3413,L-19-11,218.0,900.0,1.0,12
3413,L-17-13,236.0,900.0,1.0,12
3414,L-19-11,218.0,900.0,1.0,12
3414,L-17-13,236.0,900.0,1.0,12
3415,L-19-11,218.0,900.0,1.0,12
3415,L-17-13,236.0,900.0,1.0,12
3416,L-19-11,218.0,900.0,1.0,12
3416,L-17-13,236.0,900.0,1.0,12
3417,L-19-11,218.0,900.0,1.0,12
3417,L-17-13,236.0,900.0,1.0,12
3418,L-19-11,218.0,900.0,1.0,12
3418,L-17-13,236.0,900.0,1.0,12
3419,L-19-11,218.0,900.0,1.0,12
3419,L-17-13,236.0,900.0,1.0,12
3420,L-19-11,218.0,900.0,1.0,12
3420,L-17-13,236.0,900.0,1.0,12
3421,L-19-11,218.0,900.0,1.0,12
3421,L-17-13,236.0,900.0,1.0,12
3422,L-19-11,218.0,900.0,1.0,3
3422,L-17-13,236.0,900.0,1.0,12
3422,L-17-23,236.0,900.0,2.0,10
3423,L-17-13,236.0,900.0,1.0,12
3423,L-17-23,236.0,900.0,2.0,12
3424,L-17-13,236.0,900.0,1.0,12
3424,L-17-23,236.0,900.0,2.0,12
3425,L-17-13,236.0,900.0,1.0,12
3425,L-17-23,236.0,900.0,2.0,12
3426,L-17-13,236.0,900.0,1.0,12
3426,L-17-23,236.0,900.0,2.0,12
3427,L-17-13,236.0,900.0,1.0,12
3427,L-17-23,236.0,900.0,2.0,12
3428,L-17-13,236.0,900.0,1.0,12
3428,L-17-23,236.0,900.0,2.0,12
3429,L-17-13,236.0,900.0,1.0,12
3429,L-17-23,236.0,900.0,2.0,12
3430,L-17-13,236.0,900.0,1.0,12
3430,L-17-23,236.0,900.0,2.0,12
3431,L-17-13,236.0,900.0,1.0,12
3431,L-17-23,236.0,900.0,2.0,12
3432,L-17-13,236.0,900.0,1.0,8
3432,L-17-23,236.0,900.0,2.0,12
3432,L-17-22,252.0,900.0,2.0,5
3433,L-17-12,252.0,900.0,1.0,12
3433,L-17-22,252.0,900.0,2.0,12
3434,L-17-12,252.0,900.0,1.0,12
3434,L-17-22,252.0,900.0,2.0,12
3435,L-17-12,252.0,900.0,1.0,12
3435,L-17-22,252.0,900.0,2.0,12
3436,L-17-12,252.0,900.0,1.0,12
3436,L-17-22,252.0,900.0,2.0,5
3436,L-17-23,236.0,900.0,2.0,7
3437,L-17-12,252.0,900.0,1.0,12
3437,L-17-11,268.0,900.0,1.0,12
3438,L-17-12,252.0,900.0,1.0,12
3438,L-17-11,268.0,900.0,1.0,12
3439,L-17-12,252.0,900.0,1.0,12
3439,L-17-11,268.0,900.0,1.0,12
3440,L-17-12,252.0,900.0,1.0,12
3440,L-17-11,268.0,900.0,1.0,12
3441,L-17-12,252.0,900.0,1.0,12
3441,L-17-11,268.0,900.0,1.0,12
3442,L-17-12,252.0,900.0,1.0,12
3442,L-17-11,268.0,900.0,1.0,12
3443,L-17-12,252.0,900.0,1.0,12
3443,L-17-11,268.0,900.0,1.0,12
3444,L-17-12,252.0,900.0,1.0,12
3444,L-17-11,268.0,900.0,1.0,12
3445,L-17-12,252.0,900.0,1.0,12
3445,L-17-11,268.0,900.0,1.0,12
3446,L-17-12,252.0,900.0,1.0,12
3446,L-17-11,268.0,900.0,1.0,12
3447,L-17-12,252.0,900.0,1.0,12
3447,L-17-11,268.0,900.0,1.0,12
3448,L-17-12,252.0,900.0,1.0,12
3448,L-17-11,268.0,900.0,1.0,12
3449,L-17-12,252.0,900.0,1.0,12
3449,L-17-11,268.0,900.0,1.0,10
3449,L-17-21,268.0,900.0,2.0,3
3450,L-17-12,252.0,900.0,1.0,8
3450,L-17-21,268.0,900.0,2.0,12
3450,L-15-23,286.0,900.0,2.0,5
3451,L-15-13,286.0,900.0,1.0,12
3451,L-15-23,286.0,900.0,2.0,12
3452,L-15-13,286.0,900.0,1.0,12
3452,L-15-23,286.0,900.0,2.0,12
3453,L-15-13,286.0,900.0,1.0,12
3453,L-15-23,286.0,900.0,2.0,12
3454,L-15-13,286.0,900.0,1.0,12
3454,L-15-23,286.0,900.0,2.0,12
3455,L-15-13,286.0,900.0,1.0,12
3455,L-15-23,286.0,900.0,2.0,12
3456,L-15-13,286.0,900.0,1.0,3
3456,L-15-23,286.0,900.0,2.0,12
3456,L-15-22,302.0,900.0,2.0,10
3457,L-15-12,302.0,900.0,1.0,12
3457,L-15-22,302.0,900.0,2.0,12
3458,L-15-12,302.0,900.0,1.0,12
3458,L-15-22,302.0,900.0,2.0,12
3459,L-15-12,302.0,900.0,1.0,12
3459,L-15-22,302.0,900.0,2.0,12
3460,L-15-12,302.0,900.0,1.0,12
3460,L-15-22,302.0,900.0,2.0,12
3461,L-15-12,302.0,900.0,1.0,12
3461,L-15-22,302.0,900.0,2.0,12
3462,L-15-12,302.0,900.0,1.0,12
3462,L-15-22,302.0,900.0,2.0,12
3463,L-15-12,302.0,900.0,1.0,12
3463,L-15-22,302.0,900.0,2.0,12
3464,L-15-12,302.0,900.0,1.0,12
3464,L-15-22,302.0,900.0,2.0,12
3465,L-15-12,302.0,900.0,1.0,12
3465,L-15-22,302.0,900.0,2.0,12
3466,L-15-12,302.0,900.0,1.0,12
3466,L-15-22,302.0,900.0,2.0,12
3467,L-15-12,302.0,900.0,1.0,12
3467,L-15-22,302.0,900.0,2.0,12
3468,L-15-12,302.0,900.0,1.0,12
3468,L-15-22,302.0,900.0,2.0,12
3469,L-15-12,302.0,900.0,1.0,12
3469,L-15-22,302.0,900.0,2.0,12
3470,L-15-12,302.0,900.0,1.0,12
3470,L-15-22,302.0,900.0,2.0,12
3471,L-15-12,302.0,900.0,1.0,12
3471,L-15-22,302.0,900.0,2.0,12
3472,L-15-12,302.0,900.0,1.0,12
3472,L-15-22,302.0,900.0,2.0,12
3473,L-15-12,302.0,900.0,1.0,12
3473,L-15-22,302.0,900.0,2.0,12
3474,L-15-12,302.0,900.0,1.0,12
3474,L-15-22,302.0,900.0,2.0,12
3475,L-15-12,302.0,900.0,1.0,12
3475,L-15-22,302.0,900.0,2.0,12
3476,L-15-12,302.0,900.0,1.0,12
3476,L-15-22,302.0,900.0,2.0,12
3477,L-15-12,302.0,900.0,1.0,12
3477,L-15-22,302.0,900.0,2.0,12
3478,L-15-12,302.0,900.0,1.0,12
3478,L-15-22,302.0,900.0,2.0,12
3479,L-15-12,302.0,900.0,1.0,12
3479,L-15-22,302.0,900.0,2.0,12
3480,L-15-12,302.0,900.0,1.0,12
3480,L-15-22,302.0,900.0,2.0,12
3481,L-15-12,302.0,900.0,1.0,12
3481,L-15-22,302.0,900.0,2.0,12
3482,L-15-12,302.0,900.0,1.0,12
3482,L-15-22,302.0,900.0,2.0,8
3482,L-15-23,286.0,900.0,2.0,5
3483,L-15-12,302.0,900.0,1.0,12
3483,L-15-11,318.0,900.0,1.0,12
3484,L-15-12,302.0,900.0,1.0,12
3484,L-15-11,318.0,900.0,1.0,12
3485,L-15-12,302.0,900.0,1.0,12
3485,L-15-11,318.0,900.0,1.0,12
3486,L-15-12,302.0,900.0,1.0,12
3486,L-15-11,318.0,900.0,1.0,12
3487,L-15-12,302.0,900.0,1.0,12
3487,L-15-11,318.0,900.0,1.0,12
3488,L-15-12,302.0,900.0,1.0,12
3488,L-15-11,318.0,900.0,1.0,12
3489,L-15-12,302.0,900.0,1.0,12
3489,L-15-11,318.0,900.0,1.0,12
3490,L-15-12,302.0,900.0,1.0,12
3490,L-15-11,318.0,900.0,1.0,12
3491,L-15-12,302.0,900.0,1.0,12
3491,L-15-11,318.0,900.0,1.0,12
3492,L-15-12,302.0,900.0,1.0,12
3492,L-15-11,318.0,900.0,1.0,12
3493,L-15-12,302.0,900.0,1.0,12
3493,L-15-11,318.0,900.0,1.0,12
3494,L-15-12,302.0,900.0,1.0,12
3494,L-15-11,318.0,900.0,1.0,12
3495,L-15-12,302.0,900.0,1.0,8
3495,L-15-11,318.0,900.0,1.0,12
3495,L-15-21,318.0,900.0,2.0,5
3496,L-15-11,318.0,900.0,1.0,12
3496,L-15-21,318.0,900.0,2.0,12
3497,L-15-11,318.0,900.0,1.0,12
3497,L-15-21,318.0,900.0,2.0,12
3498,L-15-11,318.0,900.0,1.0,12
3498,L-15-21,318.0,900.0,2.0,12
3499,L-15-11,318.0,900.0,1.0,12
3499,L-15-21,318.0,900.0,2.0,12
3500,L-15-11,318.0,900.0,1.0,12
3500,L-15-21,318.0,900.0,2.0,12
3501,L-15-11,318.0,900.0,1.0,12
3501,L-15-21,318.0,900.0,2.0,12
3502,L-15-11,318.0,900.0,1.0,12
3502,L-15-21,318.0,900.0,2.0,12
3503,L-15-11,318.0,900.0,1.0,12
3503,L-15-21,318.0,900.0,2.0,12
3504,L-15-11,318.0,900.0,1.0,12
3504,L-15-21,318.0,900.0,2.0,12
3505,L-15-11,318.0,900.0,1.0,12
3505,L-15-21,318.0,900.0,2.0,12
3506,L-15-11,318.0,900.0,1.0,12
3506,L-15-21,318.0,900.0,2.0,12
3507,L-15-11,318.0,900.0,1.0,12
3507,L-15-21,318.0,900.0,2.0,12
3508,L-15-11,318.0,900.0,1.0,12
3508,L-15-21,318.0,900.0,2.0,12
3509,L-15-11,318.0,900.0,1.0,12
3509,L-15-21,318.0,900.0,2.0,12
3510,L-15-11,318.0,900.0,1.0,12
3510,L-15-21,318.0,900.0,2.0,12
3511,L-15-11,318.0,900.0,1.0,12
3511,L-15-21,318.0,900.0,2.0,12
3512,L-15-11,318.0,900.0,1.0,12
3512,L-15-21,318.0,900.0,2.0,12
3513,L-15-11,318.0,900.0,1.0,12
3513,L-15-21,318.0,900.0,2.0,12
3514,L-15-11,318.0,900.0,1.0,12
3514,L-15-21,318.0,900.0,2.0,12
3515,L-15-11,318.0,900.0,1.0,12
3515,L-15-21,318.0,900.0,2.0,12
3516,L-15-11,318.0,900.0,1.0,12
3516,L-15-21,318.0,900.0,2.0,12
3517,L-15-11,318.0,900.0,1.0,1
3517,L-15-21,318.0,900.0,2.0,12
3517,L-13-23,336.0,900.0,2.0,12
3518,L-13-13,336.0,900.0,1.0,12
3518,L-13-23,336.0,900.0,2.0,12
3519,L-13-13,336.0,900.0,1.0,12
3519,L-13-23,336.0,900.0,2.0,12
3520,L-13-13,336.0,900.0,1.0,12
3520,L-13-23,336.0,900.0,2.0,12
3521,L-13-13,336.0,900.0,1.0,12
3521,L-13-23,336.0,900.0,2.0,12
3522,L-13-13,336.0,900.0,1.0,12
3522,L-13-23,336.0,900.0,2.0,12
3523,L-13-13,336.0,900.0,1.0,12
3523,L-13-23,336.0,900.0,2.0,12
3524,L-13-13,336.0,900.0,1.0,12
3524,L-13-23,336.0,900.0,2.0,12
3525,L-13-13,336.0,900.0,1.0,12
3525,L-13-23,336.0,900.0,2.0,12
3526,L-13-13,336.0,900.0,1.0,12
3526,L-13-23,336.0,900.0,2.0,12
3527,L-13-13,336.0,900.0,1.0,12
3527,L-13-23,336.0,900.0,2.0,12
3528,L-13-13,336.0,900.0,1.0,12
3528,L-13-23,336.0,900.0,2.0,12
3529,L-13-13,336.0,900.0,1.0,12
3529,L-13-23,336.0,900.0,2.0,2
3529,L-13-22,352.0,900.0,2.0,11
3530,L-13-13,336.0,900.0,1.0,12
3530,L-13-12,352.0,900.0,1.0,12
3531,L-13-13,336.0,900.0,1.0,12
3531,L-13-12,352.0,900.0,1.0,12
3532,L-13-13,336.0,900.0,1.0,12
3532,L-13-12,352.0,900.0,1.0,12
3533,L-13-13,336.0,900.0,1.0,12
3533,L-13-12,352.0,900.0,1.0,12
3534,L-13-13,336.0,900.0,1.0,12
3534,L-13-12,352.0,900.0,1.0,12
3535,L-13-13,336.0,900.0,1.0,12
3535,L-13-12,352.0,900.0,1.0,12
3536,L-13-13,336.0,900.0,1.0,12
3536,L-13-12,352.0,900.0,1.0,12
3537,L-13-13,336.0,900.0,1.0,12
3537,L-13-12,352.0,900.0,1.0,12
3538,L-13-13,336.0,900.0,1.0,12
3538,L-13-12,352.0,900.0,1.0,12
3539,L-13-13,336.0,900.0,1.0,12
3539,L-13-12,352.0,900.0,1.0,12
3540,L-13-13,336.0,900.0,1.0,12
3540,L-13-12,352.0,900.0,1.0,12
3541,L-13-13,336.0,900.0,1.0,12
3541,L-13-12,352.0,900.0,1.0,12
3542,L-13-13,336.0,900.0,1.0,3
3542,L-13-12,352.0,900.0,1.0,12
3542,L-13-22,352.0,900.0,2.0,10
3543,L-13-12,352.0,900.0,1.0,6
3543,L-13-22,352.0,900.0,2.0,12
3543,L-13-21,368.0,900.0,2.0,7
3544,L-13-11,368.0,900.0,1.0,12
3544,L-13-21,368.0,900.0,2.0,12
3545,L-13-11,368.0,900.0,1.0,12
3545,L-13-21,368.0,900.0,2.0,12
3546,L-13-11,368.0,900.0,1.0,12
3546,L-13-21,368.0,900.0,2.0,12
3547,L-13-11,368.0,900.0,1.0,12
3547,L-13-21,368.0,900.0,2.0,12
3548,L-13-11,368.0,900.0,1.0,12
3548,L-13-21,368.0,900.0,2.0,12
3549,L-13-11,368.0,900.0,1.0,12
3549,L-13-21,368.0,900.0,2.0,12
3550,L-13-11,368.0,900.0,1.0,12
3550,L-13-21,368.0,900.0,2.0,12
3551,L-13-11,368.0,900.0,1.0,12
3551,L-13-21,368.0,900.0,2.0,12
3552,L-13-11,368.0,900.0,1.0,5
3552,L-13-21,368.0,900.0,2.0,1
3552,L-13-22,352.0,900.0,2.0,7
3552,L-15-21,318.0,900.0,2.0,12
3553,K-09-13,434.0,900.0,1.0,12
3553,K-09-23,434.0,900.0,2.0,12
3554,K-09-13,434.0,900.0,1.0,12
3554,K-09-23,434.0,900.0,2.0,12
3555,K-09-13,434.0,900.0,1.0,12
3555,K-09-23,434.0,900.0,2.0,12
3556,K-09-13,434.0,900.0,1.0,12
3556,K-09-23,434.0,900.0,2.0,12
3557,K-09-13,434.0,900.0,1.0,12
3557,K-09-23,434.0,900.0,2.0,12
3558,K-09-13,434.0,900.0,1.0,12
3558,K-09-23,434.0,900.0,2.0,12
3559,K-09-13,434.0,900.0,1.0,12
3559,K-09-23,434.0,900.0,2.0,12
3560,K-09-13,434.0,900.0,1.0,12
3560,K-09-23,434.0,900.0,2.0,12
3561,K-09-13,434.0,900.0,1.0,12
3561,K-09-23,434.0,900.0,2.0,12
3562,K-09-13,434.0,900.0,1.0,12
3562,K-09-23,434.0,900.0,2.0,12
3563,K-09-13,434.0,900.0,1.0,12
3563,K-09-23,434.0,900.0,2.0,12
3564,K-09-13,434.0,900.0,1.0,12
3564,K-09-23,434.0,900.0,2.0,12
3565,K-09-13,434.0,900.0,1.0,12
3565,K-09-23,434.0,900.0,2.0,12
3566,K-09-13,434.0,900.0,1.0,12
3566,K-09-23,434.0,900.0,2.0,12
3567,K-09-13,434.0,900.0,1.0,12
3567,K-09-23,434.0,900.0,2.0,12
3568,K-09-13,434.0,900.0,1.0,12
3568,K-09-23,434.0,900.0,2.0,12
3569,K-09-13,434.0,900.0,1.0,12
3569,K-09-23,434.0,900.0,2.0,12
3570,K-09-13,434.0,900.0,1.0,12
3570,K-09-23,434.0,900.0,2.0,12
3571,K-09-13,434.0,900.0,1.0,12
3571,K-09-23,434.0,900.0,2.0,12
3572,K-09-13,434.0,900.0,1.0,12
3572,K-09-23,434.0,900.0,2.0,12
3573,K-09-12,450.0,900.0,1.0,12
3573,K-09-22,450.0,900.0,2.0,12
3574,K-09-12,450.0,900.0,1.0,12
3574,K-09-22,450.0,900.0,2.0,12
3575,K-09-12,450.0,900.0,1.0,12
3575,K-09-22,450.0,900.0,2.0,12
3576,K-09-12,450.0,900.0,1.0,12
3576,K-09-22,450.0,900.0,2.0,12
3577,K-09-12,450.0,900.0,1.0,12
3577,K-09-22,450.0,900.0,2.0,12
3578,K-09-12,450.0,900.0,1.0,12
3578,K-09-22,450.0,900.0,2.0,12
3579,K-09-12,450.0,900.0,1.0,12
3579,K-09-22,450.0,900.0,2.0,12
3580,K-09-12,450.0,900.0,1.0,12
3580,K-09-22,450.0,900.0,2.0,12
3581,K-09-12,450.0,900.0,1.0,12
3581,K-09-22,450.0,900.0,2.0,12
3582,K-09-12,450.0,900.0,1.0,12
3582,K-09-22,450.0,900.0,2.0,12
3583,K-09-12,450.0,900.0,1.0,12
3583,K-09-22,450.0,900.0,2.0,12
3584,K-09-12,450.0,900.0,1.0,12
3584,K-09-22,450.0,900.0,2.0,12
3585,K-09-12,450.0,900.0,1.0,12
3585,K-09-22,450.0,900.0,2.0,12
3586,K-09-12,450.0,900.0,1.0,12
3586,K-09-22,450.0,900.0,2.0,12
3587,K-09-12,450.0,900.0,1.0,12
3587,K-09-22,450.0,900.0,2.0,12
3588,K-09-12,450.0,900.0,1.0,9
3588,K-09-22,450.0,900.0,2.0,12
3588,K-09-23,434.0,900.0,2.0,4
3589,K-09-11,466.0,900.0,1.0,12
3589,K-09-21,466.0,900.0,2.0,12
3590,K-09-11,466.0,900.0,1.0,12
3590,K-09-21,466.0,900.0,2.0,12
3591,K-09-11,466.0,900.0,1.0,12
3591,K-09-21,466.0,900.0,2.0,12
3592,K-09-11,466.0,900.0,1.0,12
3592,K-09-21,466.0,900.0,2.0,12
3593,K-09-11,466.0,900.0,1.0,12
3593,K-09-21,466.0,900.0,2.0,12
3594,K-09-11,466.0,900.0,1.0,12
3594,K-09-21,466.0,900.0,2.0,12
3595,K-09-11,466.0,900.0,1.0,12
3595,K-09-21,466.0,900.0,2.0,12
3596,K-09-11,466.0,900.0,1.0,12
3596,K-09-21,466.0,900.0,2.0,12
3597,K-09-11,466.0,900.0,1.0,11
3597,K-09-21,466.0,900.0,2.0,12
3597,K-09-22,450.0,900.0,2.0,2
3598,K-07-13,484.0,900.0,1.0,12
3598,K-07-23,484.0,900.0,2.0,12
3599,K-07-13,484.0,900.0,1.0,12
3599,K-07-23,484.0,900.0,2.0,12
3600,K-07-13,484.0,900.0,1.0,12
3600,K-07-23,484.0,900.0,2.0,12
3601,K-07-13,484.0,900.0,1.0,12
3601,K-07-23,484.0,900.0,2.0,12
3602,K-07-13,484.0,900.0,1.0,12
3602,K-07-23,484.0,900.0,2.0,12
3603,K-07-13,484.0,900.0,1.0,12
3603,K-07-23,484.0,900.0,2.0,12
3604,K-07-13,484.0,900.0,1.0,12
3604,K-07-23,484.0,900.0,2.0,12
3605,K-07-13,484.0,900.0,1.0,12
3605,K-07-23,484.0,900.0,2.0,12
3606,K-07-13,484.0,900.0,1.0,12
3606,K-07-23,484.0,900.0,2.0,12
3607,K-07-13,484.0,900.0,1.0,12
3607,K-07-23,484.0,900.0,2.0,12
3608,K-07-13,484.0,900.0,1.0,12
3608,K-07-23,484.0,900.0,2.0,12
3609,K-07-13,484.0,900.0,1.0,12
3609,K-07-23,484.0,900.0,2.0,12
3610,K-07-13,484.0,900.0,1.0,12
3610,K-07-23,484.0,900.0,2.0,12
3611,K-07-13,484.0,900.0,1.0,8
3611,K-07-23,484.0,900.0,2.0,12
3611,K-07-22,500.0,900.0,2.0,5
3612,K-07-12,500.0,900.0,1.0,12
3612,K-07-22,500.0,900.0,2.0,12
3613,K-07-12,500.0,900.0,1.0,12
3613,K-07-22,500.0,900.0,2.0,12
3614,K-07-12,500.0,900.0,1.0,12
3614,K-07-22,500.0,900.0,2.0,12
3615,K-07-12,500.0,900.0,1.0,12
3615,K-07-22,500.0,900.0,2.0,12
3616,K-07-12,500.0,900.0,1.0,12
3616,K-07-22,500.0,900.0,2.0,12
3617,K-07-12,500.0,900.0,1.0,12
3617,K-07-22,500.0,900.0,2.0,12
3618,K-07-12,500.0,900.0,1.0,12
3618,K-07-22,500.0,900.0,2.0,12
3619,K-07-12,500.0,900.0,1.0,12
3619,K-07-22,500.0,900.0,2.0,12
3620,K-07-12,500.0,900.0,1.0,12
3620,K-07-22,500.0,900.0,2.0,12
3621,K-07-12,500.0,900.0,1.0,12
3621,K-07-22,500.0,900.0,2.0,12
3622,K-07-12,500.0,900.0,1.0,12
3622,K-07-22,500.0,900.0,2.0,12
3623,K-07-12,500.0,900.0,1.0,12
3623,K-07-22,500.0,900.0,2.0,12
3624,K-07-12,500.0,900.0,1.0,12
3624,K-07-22,500.0,900.0,2.0,12
3625,K-07-12,500.0,900.0,1.0,12
3625,K-07-22,500.0,900.0,2.0,12
3626,K-07-12,500.0,900.0,1.0,12
3626,K-07-22,500.0,900.0,2.0,12
3627,K-07-12,500.0,900.0,1.0,12
3627,K-07-22,500.0,900.0,2.0,12
3628,K-07-12,500.0,900.0,1.0,12
3628,K-07-22,500.0,900.0,2.0,12
3629,K-07-12,500.0,900.0,1.0,12
3629,K-07-22,500.0,900.0,2.0,12
3630,K-07-12,500.0,900.0,1.0,12
3630,K-07-22,500.0,900.0,2.0,12
3631,K-07-12,500.0,900.0,1.0,12
3631,K-07-22,500.0,900.0,2.0,12
3632,K-07-12,500.0,900.0,1.0,12
3632,K-07-22,500.0,900.0,2.0,12
3633,K-07-12,500.0,900.0,1.0,12
3633,K-07-22,500.0,900.0,2.0,12
3634,K-07-12,500.0,900.0,1.0,12
3634,K-07-22,500.0,900.0,2.0,12
3635,K-07-12,500.0,900.0,1.0,12
3635,K-07-22,500.0,900.0,2.0,12
3636,K-07-12,500.0,900.0,1.0,12
3636,K-07-22,500.0,900.0,2.0,12
3637,K-07-12,500.0,900.0,1.0,12
3637,K-07-22,500.0,900.0,2.0,12
3638,K-07-12,500.0,900.0,1.0,12
3638,K-07-22,500.0,900.0,2.0,12
3639,K-07-12,500.0,900.0,1.0,12
3639,K-07-22,500.0,900.0,2.0,12
3640,K-07-12,500.0,900.0,1.0,12
3640,K-07-22,500.0,900.0,2.0,12
3641,K-07-12,500.0,900.0,1.0,12
3641,K-07-22,500.0,900.0,2.0,12
3642,K-07-12,500.0,900.0,1.0,12
3642,K-07-22,500.0,900.0,2.0,12
3643,K-07-12,500.0,900.0,1.0,12
3643,K-07-22,500.0,900.0,2.0,9
3643,K-07-23,484.0,900.0,2.0,4
3644,K-07-12,500.0,900.0,1.0,12
3644,K-07-11,516.0,900.0,1.0,12
3645,K-07-12,500.0,900.0,1.0,12
3645,K-07-11,516.0,900.0,1.0,12
3646,K-07-12,500.0,900.0,1.0,12
3646,K-07-11,516.0,900.0,1.0,12
3647,K-07-12,500.0,900.0,1.0,2
3647,K-07-11,516.0,900.0,1.0,12
3647,K-07-21,516.0,900.0,2.0,11
3648,K-07-11,516.0,900.0,1.0,12
3648,K-07-21,516.0,900.0,2.0,12
3649,K-07-11,516.0,900.0,1.0,12
3649,K-07-21,516.0,900.0,2.0,12
3650,K-07-11,516.0,900.0,1.0,12
3650,K-07-21,516.0,900.0,2.0,12
3651,K-07-11,516.0,900.0,1.0,12
3651,K-07-21,516.0,900.0,2.0,12
3652,K-07-11,516.0,900.0,1.0,12
3652,K-07-21,516.0,900.0,2.0,12
3653,K-07-11,516.0,900.0,1.0,12
3653,K-07-21,516.0,900.0,2.0,12
3654,K-07-11,516.0,900.0,1.0,12
3654,K-07-21,516.0,900.0,2.0,12
3655,K-07-11,516.0,900.0,1.0,12
3655,K-07-21,516.0,900.0,2.0,12
3656,K-07-11,516.0,900.0,1.0,12
3656,K-07-21,516.0,900.0,2.0,12
3657,K-07-11,516.0,900.0,1.0,12
3657,K-07-21,516.0,900.0,2.0,12
3658,K-07-11,516.0,900.0,1.0,12
3658,K-07-21,516.0,900.0,2.0,12
3659,K-07-11,516.0,900.0,1.0,12
3659,K-07-21,516.0,900.0,2.0,12
3660,K-07-11,516.0,900.0,1.0,12
3660,K-07-21,516.0,900.0,2.0,12
3661,K-07-11,516.0,900.0,1.0,12
3661,K-07-21,516.0,900.0,2.0,12
3662,K-07-11,516.0,900.0,1.0,12
3662,K-07-21,516.0,900.0,2.0,12
3663,K-07-11,516.0,900.0,1.0,12
3663,K-07-21,516.0,900.0,2.0,12
3664,K-07-11,516.0,900.0,1.0,1
3664,K-07-21,516.0,900.0,2.0,12
3664,K-05-23,534.0,900.0,2.0,12
3665,K-05-13,534.0,900.0,1.0,12
3665,K-05-23,534.0,900.0,2.0,12
3666,K-05-13,534.0,900.0,1.0,12
3666,K-05-23,534.0,900.0,2.0,12
3667,K-05-13,534.0,900.0,1.0,12
3667,K-05-23,534.0,900.0,2.0,12
3668,K-05-13,534.0,900.0,1.0,12
3668,K-05-23,534.0,900.0,2.0,12
3669,K-05-13,534.0,900.0,1.0,12
3669,K-05-23,534.0,900.0,2.0,12
3670,K-05-13,534.0,900.0,1.0,12
3670,K-05-23,534.0,900.0,2.0,12
3671,K-05-13,534.0,900.0,1.0,12
3671,K-05-23,534.0,900.0,2.0,12
3672,K-05-13,534.0,900.0,1.0,12
3672,K-05-23,534.0,900.0,2.0,12
3673,K-05-13,534.0,900.0,1.0,12
3673,K-05-23,534.0,900.0,2.0,12
3674,K-05-13,534.0,900.0,1.0,12
3674,K-05-23,534.0,900.0,2.0,12
3675,K-05-13,534.0,900.0,1.0,12
3675,K-05-23,534.0,900.0,2.0,12
3676,K-05-13,534.0,900.0,1.0,12
3676,K-05-23,534.0,900.0,2.0,12
3677,K-05-13,534.0,900.0,1.0,12
3677,K-05-23,534.0,900.0,2.0,12
3678,K-05-13,534.0,900.0,1.0,12
3678,K-05-23,534.0,900.0,2.0,12
3679,K-05-13,534.0,900.0,1.0,12
3679,K-05-23,534.0,900.0,2.0,11
3679,K-05-22,550.0,900.0,2.0,2
3680,K-05-13,534.0,900.0,1.0,12
3680,K-05-12,550.0,900.0,1.0,12
3681,K-05-13,534.0,900.0,1.0,4
3681,K-05-12,550.0,900.0,1.0,12
3681,K-05-22,550.0,900.0,2.0,9
3682,K-05-12,550.0,900.0,1.0,12
3682,K-05-22,550.0,900.0,2.0,12
3683,K-05-12,550.0,900.0,1.0,12
3683,K-05-22,550.0,900.0,2.0,12
3684,K-05-12,550.0,900.0,1.0,12
3684,K-05-22,550.0,900.0,2.0,12
3685,K-05-12,550.0,900.0,1.0,12
3685,K-05-22,550.0,900.0,2.0,12
3686,K-05-12,550.0,900.0,1.0,12
3686,K-05-22,550.0,900.0,2.0,12
3687,K-05-12,550.0,900.0,1.0,12
3687,K-05-22,550.0,900.0,2.0,12
3688,K-05-12,550.0,900.0,1.0,12
3688,K-05-22,550.0,900.0,2.0,12
3689,K-05-12,550.0,900.0,1.0,12
3689,K-05-22,550.0,900.0,2.0,12
3690,K-05-12,550.0,900.0,1.0,12
3690,K-05-22,550.0,900.0,2.0,12
3691,K-05-12,550.0,900.0,1.0,12
3691,K-05-22,550.0,900.0,2.0,12
3692,K-05-12,550.0,900.0,1.0,12
3692,K-05-22,550.0,900.0,2.0,12
3693,K-05-12,550.0,900.0,1.0,12
3693,K-05-22,550.0,900.0,2.0,12
3694,K-05-12,550.0,900.0,1.0,12
3694,K-05-22,550.0,900.0,2.0,12
3695,K-05-12,550.0,900.0,1.0,12
3695,K-05-22,550.0,900.0,2.0,12
3696,K-05-12,550.0,900.0,1.0,12
3696,K-05-22,550.0,900.0,2.0,12
3697,K-05-12,550.0,900.0,1.0,12
3697,K-05-22,550.0,900.0,2.0,7
3697,K-05-21,566.0,900.0,2.0,6
3698,K-05-12,550.0,900.0,1.0,12
3698,K-05-11,566.0,900.0,1.0,12
3699,K-05-12,550.0,900.0,1.0,12
3699,K-05-11,566.0,900.0,1.0,12
3700,K-05-12,550.0,900.0,1.0,12
3700,K-05-11,566.0,900.0,1.0,12
3701,K-05-12,550.0,900.0,1.0,12
3701,K-05-11,566.0,900.0,1.0,12
3702,K-05-12,550.0,900.0,1.0,12
3702,K-05-11,566.0,900.0,1.0,12
3703,K-05-12,550.0,900.0,1.0,12
3703,K-05-11,566.0,900.0,1.0,12
3704,K-05-12,550.0,900.0,1.0,12
3704,K-05-11,566.0,900.0,1.0,12
3705,K-05-12,550.0,900.0,1.0,12
3705,K-05-11,566.0,900.0,1.0,12
3706,K-05-12,550.0,900.0,1.0,12
3706,K-05-11,566.0,900.0,1.0,12
3707,K-05-12,550.0,900.0,1.0,1
3707,K-05-11,566.0,900.0,1.0,12
3707,K-05-21,566.0,900.0,2.0,12
3708,K-05-11,566.0,900.0,1.0,12
3708,K-05-21,566.0,900.0,2.0,12
3709,K-05-11,566.0,900.0,1.0,12
3709,K-05-21,566.0,900.0,2.0,12
3710,K-05-11,566.0,900.0,1.0,12
3710,K-05-21,566.0,900.0,2.0,12
3711,K-05-11,566.0,900.0,1.0,12
3711,K-05-21,566.0,900.0,2.0,12
3712,K-05-11,566.0,900.0,1.0,12
3712,K-05-21,566.0,900.0,2.0,12
3713,K-05-11,566.0,900.0,1.0,12
3713,K-05-21,566.0,900.0,2.0,12
3714,K-05-11,566.0,900.0,1.0,12
3714,K-05-21,566.0,900.0,2.0,12
3715,K-05-11,566.0,900.0,1.0,12
3715,K-05-21,566.0,900.0,2.0,12
3716,K-05-11,566.0,900.0,1.0,12
3716,K-05-21,566.0,900.0,2.0,12
3717,K-05-11,566.0,900.0,1.0,12
3717,K-05-21,566.0,900.0,2.0,12
3718,K-05-11,566.0,900.0,1.0,12
3718,K-05-21,566.0,900.0,2.0,10
3718,K-03-23,584.0,900.0,2.0,3
3719,K-05-11,566.0,900.0,1.0,4
3719,K-03-13,584.0,900.0,1.0,12
3719,K-03-23,584.0,900.0,2.0,9
3720,K-03-13,584.0,900.0,1.0,12
3720,K-03-23,584.0,900.0,2.0,12
3721,K-03-13,584.0,900.0,1.0,12
3721,K-03-23,584.0,900.0,2.0,12
3722,K-03-13,584.0,900.0,1.0,12
3722,K-03-23,584.0,900.0,2.0,12
3723,K-03-13,584.0,900.0,1.0,12
3723,K-03-23,584.0,900.0,2.0,12
3724,K-03-13,584.0,900.0,1.0,12
3724,K-03-23,584.0,900.0,2.0,12
3725,K-03-13,584.0,900.0,1.0,12
3725,K-03-23,584.0,900.0,2.0,12
3726,K-03-13,584.0,900.0,1.0,12
3726,K-03-23,584.0,900.0,2.0,12
3727,K-03-13,584.0,900.0,1.0,12
3727,K-03-23,584.0,900.0,2.0,9
3727,K-03-22,600.0,900.0,2.0,4
3728,K-03-13,584.0,900.0,1.0,12
3728,K-03-12,600.0,900.0,1.0,12
3729,K-03-13,584.0,900.0,1.0,12
3729,K-03-12,600.0,900.0,1.0,12
3730,K-03-13,584.0,900.0,1.0,12
3730,K-03-12,600.0,900.0,1.0,12
3731,K-03-13,584.0,900.0,1.0,12
3731,K-03-12,600.0,900.0,1.0,5
3731,K-03-22,600.0,900.0,2.0,8
3732,K-03-13,584.0,900.0,1.0,12
3732,K-03-22,600.0,900.0,2.0,12
3733,K-03-13,584.0,900.0,1.0,12
3733,K-03-22,600.0,900.0,2.0,12
3734,K-03-13,584.0,900.0,1.0,12
3734,K-03-22,600.0,900.0,2.0,12
3735,K-03-13,584.0,900.0,1.0,12
3735,K-03-22,600.0,900.0,2.0,12
3736,K-03-13,584.0,900.0,1.0,12
3736,K-03-22,600.0,900.0,2.0,12
3737,K-03-13,584.0,900.0,1.0,12
3737,K-03-22,600.0,900.0,2.0,12
3738,K-03-13,584.0,900.0,1.0,12
3738,K-03-22,600.0,900.0,2.0,7
3738,K-03-21,616.0,900.0,2.0,6
3739,K-03-13,584.0,900.0,1.0,7
3739,K-03-11,616.0,900.0,1.0,12
3739,K-03-21,616.0,900.0,2.0,6
3740,K-03-11,616.0,900.0,1.0,12
3740,K-03-21,616.0,900.0,2.0,12
3741,K-03-11,616.0,900.0,1.0,12
3741,K-03-21,616.0,900.0,2.0,12
3742,K-03-11,616.0,900.0,1.0,12
3742,K-03-21,616.0,900.0,2.0,12
3743,K-03-11,616.0,900.0,1.0,12
3743,K-03-21,616.0,900.0,2.0,12
3744,K-03-11,616.0,900.0,1.0,7
3744,K-03-21,616.0,900.0,2.0,12
3744,K-01-23,634.0,900.0,2.0,6
3745,K-01-13,634.0,900.0,1.0,12
3745,K-01-23,634.0,900.0,2.0,12
3746,K-01-13,634.0,900.0,1.0,12
3746,K-01-23,634.0,900.0,2.0,12
3747,K-01-13,634.0,900.0,1.0,12
3747,K-01-23,634.0,900.0,2.0,12
3748,K-01-13,634.0,900.0,1.0,12
3748,K-01-23,634.0,900.0,2.0,12
3749,K-01-13,634.0,900.0,1.0,12
3749,K-01-23,634.0,900.0,2.0,12
3750,K-01-13,634.0,900.0,1.0,12
3750,K-01-23,634.0,900.0,2.0,12
3751,K-01-13,634.0,900.0,1.0,12
3751,K-01-23,634.0,900.0,2.0,12
3752,K-01-13,634.0,900.0,1.0,12
3752,K-01-23,634.0,900.0,2.0,12
3753,K-01-13,634.0,900.0,1.0,2
3753,K-01-23,634.0,900.0,2.0,8
3753,K-01-22,650.0,900.0,2.0,12
3753,K-01-12,650.0,900.0,1.0,3
3754,K-01-12,650.0,900.0,1.0,12
3754,K-01-22,650.0,900.0,2.0,12
3755,K-01-12,650.0,900.0,1.0,12
3755,K-01-22,650.0,900.0,2.0,12
3756,K-01-12,650.0,900.0,1.0,12
3756,K-01-22,650.0,900.0,2.0,12
3757,K-01-12,650.0,900.0,1.0,12
3757,K-01-22,650.0,900.0,2.0,12
3758,K-01-12,650.0,900.0,1.0,12
3758,K-01-22,650.0,900.0,2.0,12
3759,K-01-12,650.0,900.0,1.0,12
3759,K-01-11,666.0,900.0,1.0,12
3760,K-01-12,650.0,900.0,1.0,12
3760,K-01-11,666.0,900.0,1.0,12
3761,K-01-12,650.0,900.0,1.0,12
3761,K-01-11,666.0,900.0,1.0,12
3762,K-01-12,650.0,900.0,1.0,10
3762,K-01-11,666.0,900.0,1.0,12
3762,K-01-21,666.0,900.0,2.0,3
3763,K-01-11,666.0,900.0,1.0,12
3763,K-01-21,666.0,900.0,2.0,12
3764,K-01-11,666.0,900.0,1.0,12
3764,K-01-21,666.0,900.0,2.0,12
3765,K-01-11,666.0,900.0,1.0,10
3765,K-01-21,666.0,900.0,2.0,4
3765,J-02-21,666.0,868.0,2.0,11
3766,L-24-13,86.0,958.0,1.0,12
3766,L-24-23,86.0,958.0,2.0,12
3767,L-24-13,86.0,958.0,1.0,12
3767,L-24-23,86.0,958.0,2.0,12
3768,L-24-13,86.0,958.0,1.0,12
3768,L-24-23,86.0,958.0,2.0,12
3769,L-24-13,86.0,958.0,1.0,12
3769,L-24-23,86.0,958.0,2.0,12
3770,L-24-13,86.0,958.0,1.0,12
3770,L-24-23,86.0,958.0,2.0,12
3771,L-24-13,86.0,958.0,1.0,12
3771,L-24-23,86.0,958.0,2.0,12
3772,L-24-13,86.0,958.0,1.0,12
3772,L-24-23,86.0,958.0,2.0,12
3773,L-24-13,86.0,958.0,1.0,12
3773,L-24-23,86.0,958.0,2.0,12
3774,L-24-13,86.0,958.0,1.0,12
3774,L-24-23,86.0,958.0,2.0,12
3775,L-24-13,86.0,958.0,1.0,12
3775,L-24-23,86.0,958.0,2.0,12
3776,L-24-13,86.0,958.0,1.0,12
3776,L-24-23,86.0,958.0,2.0,12
3777,L-24-13,86.0,958.0,1.0,12
3777,L-24-23,86.0,958.0,2.0,12
3778,L-24-13,86.0,958.0,1.0,12
3778,L-24-23,86.0,958.0,2.0,12
3779,L-24-13,86.0,958.0,1.0,12
3779,L-24-23,86.0,958.0,2.0,12
3780,L-24-13,86.0,958.0,1.0,8
3780,L-24-23,86.0,958.0,2.0,12
3780,L-24-22,102.0,958.0,2.0,5
3781,L-24-12,102.0,958.0,1.0,12
3781,L-24-22,102.0,958.0,2.0,12
3782,L-24-12,102.0,958.0,1.0,12
3782,L-24-22,102.0,958.0,2.0,12
3783,L-24-12,102.0,958.0,1.0,12
3783,L-24-22,102.0,958.0,2.0,12
3784,L-24-12,102.0,958.0,1.0,12
3784,L-24-22,102.0,958.0,2.0,12
3785,L-24-12,102.0,958.0,1.0,12
3785,L-24-22,102.0,958.0,2.0,12
3786,L-24-12,102.0,958.0,1.0,12
3786,L-24-22,102.0,958.0,2.0,12
3787,L-24-12,102.0,958.0,1.0,12
3787,L-24-22,102.0,958.0,2.0,12
3788,L-24-12,102.0,958.0,1.0,12
3788,L-24-22,102.0,958.0,2.0,12
3789,L-24-12,102.0,958.0,1.0,12
3789,L-24-22,102.0,958.0,2.0,12
3790,L-24-12,102.0,958.0,1.0,12
3790,L-24-22,102.0,958.0,2.0,12
3791,L-24-12,102.0,958.0,1.0,12
3791,L-24-22,102.0,958.0,2.0,12
3792,L-24-12,102.0,958.0,1.0,12
3792,L-24-22,102.0,958.0,2.0,12
3793,L-24-12,102.0,958.0,1.0,12
3793,L-24-22,102.0,958.0,2.0,12
3794,L-24-12,102.0,958.0,1.0,12
3794,L-24-22,102.0,958.0,2.0,12
3795,L-24-12,102.0,958.0,1.0,12
3795,L-24-22,102.0,958.0,2.0,12
3796,L-24-12,102.0,958.0,1.0,12
3796,L-24-22,102.0,958.0,2.0,12
3797,L-24-12,102.0,958.0,1.0,12
3797,L-24-22,102.0,958.0,2.0,12
3798,L-24-12,102.0,958.0,1.0,12
3798,L-24-22,102.0,958.0,2.0,12
3799,L-24-12,102.0,958.0,1.0,12
3799,L-24-22,102.0,958.0,2.0,12
3800,L-24-12,102.0,958.0,1.0,12
3800,L-24-22,102.0,958.0,2.0,12
3801,L-24-12,102.0,958.0,1.0,12
3801,L-24-22,102.0,958.0,2.0,12
3802,L-24-12,102.0,958.0,1.0,12
3802,L-24-22,102.0,958.0,2.0,12
3803,L-24-12,102.0,958.0,1.0,12
3803,L-24-22,102.0,958.0,2.0,12
3804,L-24-12,102.0,958.0,1.0,12
3804,L-24-22,102.0,958.0,2.0,12
3805,L-24-12,102.0,958.0,1.0,12
3805,L-24-22,102.0,958.0,2.0,12
3806,L-24-12,102.0,958.0,1.0,12
3806,L-24-22,102.0,958.0,2.0,12
3807,L-24-12,102.0,958.0,1.0,12
3807,L-24-22,102.0,958.0,2.0,10
3807,L-24-23,86.0,958.0,2.0,3
3808,L-24-12,102.0,958.0,1.0,12
3808,L-24-11,118.0,958.0,1.0,12
3809,L-24-12,102.0,958.0,1.0,12
3809,L-24-11,118.0,958.0,1.0,12
3810,L-24-12,102.0,958.0,1.0,12
3810,L-24-11,118.0,958.0,1.0,12
3811,L-24-12,102.0,958.0,1.0,12
3811,L-24-11,118.0,958.0,1.0,12
3812,L-24-12,102.0,958.0,1.0,12
3812,L-24-11,118.0,958.0,1.0,12
3813,L-24-12,102.0,958.0,1.0,12
3813,L-24-11,118.0,958.0,1.0,12
3814,L-24-12,102.0,958.0,1.0,6
3814,L-24-11,118.0,958.0,1.0,12
3814,L-24-21,118.0,958.0,2.0,7
3815,L-24-11,118.0,958.0,1.0,12
3815,L-24-21,118.0,958.0,2.0,12
3816,L-24-11,118.0,958.0,1.0,12
3816,L-24-21,118.0,958.0,2.0,12
3817,L-24-11,118.0,958.0,1.0,12
3817,L-24-21,118.0,958.0,2.0,12
3818,L-24-11,118.0,958.0,1.0,12
3818,L-24-21,118.0,958.0,2.0,12
3819,L-24-11,118.0,958.0,1.0,12
3819,L-24-21,118.0,958.0,2.0,12
3820,L-24-11,118.0,958.0,1.0,12
3820,L-24-21,118.0,958.0,2.0,12
3821,L-24-11,118.0,958.0,1.0,12
3821,L-24-21,118.0,958.0,2.0,12
3822,L-24-11,118.0,958.0,1.0,12
3822,L-24-21,118.0,958.0,2.0,12
3823,L-24-11,118.0,958.0,1.0,12
3823,L-24-21,118.0,958.0,2.0,12
3824,L-24-11,118.0,958.0,1.0,12
3824,L-24-21,118.0,958.0,2.0,12
3825,L-24-11,118.0,958.0,1.0,12
3825,L-24-21,118.0,958.0,2.0,12
3826,L-24-11,118.0,958.0,1.0,12
3826,L-24-21,118.0,958.0,2.0,12
3827,L-24-11,118.0,958.0,1.0,12
3827,L-24-21,118.0,958.0,2.0,12
3828,L-24-11,118.0,958.0,1.0,12
3828,L-24-21,118.0,958.0,2.0,12
3829,L-24-11,118.0,958.0,1.0,12
3829,L-24-21,118.0,958.0,2.0,12
3830,L-24-11,118.0,958.0,1.0,12
3830,L-24-21,118.0,958.0,2.0,12
3831,L-24-11,118.0,958.0,1.0,12
3831,L-24-21,118.0,958.0,2.0,12
3832,L-24-11,118.0,958.0,1.0,12
3832,L-24-21,118.0,958.0,2.0,12
3833,L-24-11,118.0,958.0,1.0,12
3833,L-24-21,118.0,958.0,2.0,12
3834,L-24-11,118.0,958.0,1.0,12
3834,L-24-21,118.0,958.0,2.0,12
3835,L-24-11,118.0,958.0,1.0,12
3835,L-24-21,118.0,958.0,2.0,12
3836,L-24-11,118.0,958.0,1.0,12
3836,L-24-21,118.0,958.0,2.0,12
3837,L-24-11,118.0,958.0,1.0,12
3837,L-24-21,118.0,958.0,2.0,12
3838,L-24-11,118.0,958.0,1.0,12
3838,L-24-21,118.0,958.0,2.0,12
3839,L-24-11,118.0,958.0,1.0,12
3839,L-24-21,118.0,958.0,2.0,12
3840,L-24-11,118.0,958.0,1.0,12
3840,L-24-21,118.0,958.0,2.0,12
3841,L-24-11,118.0,958.0,1.0,12
3841,L-24-21,118.0,958.0,2.0,12
3842,L-24-11,118.0,958.0,1.0,11
3842,L-24-21,118.0,958.0,2.0,12
3842,L-22-23,136.0,958.0,2.0,2
3843,L-22-13,136.0,958.0,1.0,12
3843,L-22-23,136.0,958.0,2.0,12
3844,L-22-13,136.0,958.0,1.0,12
3844,L-22-23,136.0,958.0,2.0,12
3845,L-22-13,136.0,958.0,1.0,12
3845,L-22-23,136.0,958.0,2.0,12
3846,L-22-13,136.0,958.0,1.0,12
3846,L-22-23,136.0,958.0,2.0,12
3847,L-22-13,136.0,958.0,1.0,12
3847,L-22-23,136.0,958.0,2.0,12
3848,L-22-13,136.0,958.0,1.0,12
3848,L-22-23,136.0,958.0,2.0,12
3849,L-22-13,136.0,958.0,1.0,12
3849,L-22-23,136.0,958.0,2.0,12
3850,L-22-13,136.0,958.0,1.0,12
3850,L-22-23,136.0,958.0,2.0,12
3851,L-22-13,136.0,958.0,1.0,12
3851,L-22-23,136.0,958.0,2.0,12
3852,L-22-13,136.0,958.0,1.0,12
3852,L-22-23,136.0,958.0,2.0,12
3853,L-22-13,136.0,958.0,1.0,12
3853,L-22-23,136.0,958.0,2.0,12
3854,L-22-13,136.0,958.0,1.0,12
3854,L-22-23,136.0,958.0,2.0,12
3855,L-22-13,136.0,958.0,1.0,12
3855,L-22-23,136.0,958.0,2.0,12
3856,L-22-13,136.0,958.0,1.0,12
3856,L-22-23,136.0,958.0,2.0,12
3857,L-22-13,136.0,958.0,1.0,12
3857,L-22-23,136.0,958.0,2.0,12
3858,L-22-13,136.0,958.0,1.0,12
3858,L-22-23,136.0,958.0,2.0,12
3859,L-22-13,136.0,958.0,1.0,12
3859,L-22-23,136.0,958.0,2.0,12
3860,L-22-13,136.0,958.0,1.0,12
3860,L-22-23,136.0,958.0,2.0,12
3861,L-22-13,136.0,958.0,1.0,12
3861,L-22-23,136.0,958.0,2.0,12
3862,L-22-13,136.0,958.0,1.0,12
3862,L-22-23,136.0,958.0,2.0,12
3863,L-22-13,136.0,958.0,1.0,12
3863,L-22-23,136.0,958.0,2.0,3
3863,L-22-22,152.0,958.0,2.0,10
3864,L-22-13,136.0,958.0,1.0,12
3864,L-22-12,152.0,958.0,1.0,12
3865,L-22-13,136.0,958.0,1.0,12
3865,L-22-12,152.0,958.0,1.0,12
3866,L-22-13,136.0,958.0,1.0,12
3866,L-22-12,152.0,958.0,1.0,12
3867,L-22-13,136.0,958.0,1.0,12
3867,L-22-12,152.0,958.0,1.0,12
3868,L-22-13,136.0,958.0,1.0,12
3868,L-22-12,152.0,958.0,1.0,12
3869,L-22-13,136.0,958.0,1.0,12
3869,L-22-12,152.0,958.0,1.0,12
3870,L-22-13,136.0,958.0,1.0,12
3870,L-22-12,152.0,958.0,1.0,12
3871,L-22-13,136.0,958.0,1.0,12
3871,L-22-12,152.0,958.0,1.0,1
3871,L-22-22,152.0,958.0,2.0,12
3872,L-22-13,136.0,958.0,1.0,12
3872,L-22-22,152.0,958.0,2.0,12
3873,L-22-13,136.0,958.0,1.0,12
3873,L-22-22,152.0,958.0,2.0,12
3874,L-22-13,136.0,958.0,1.0,12
3874,L-22-22,152.0,958.0,2.0,12
3875,L-22-13,136.0,958.0,1.0,12
3875,L-22-22,152.0,958.0,2.0,12
3876,L-22-13,136.0,958.0,1.0,12
3876,L-22-22,152.0,958.0,2.0,12
3877,L-22-13,136.0,958.0,1.0,12
3877,L-22-22,152.0,958.0,2.0,12
3878,L-22-13,136.0,958.0,1.0,12
3878,L-22-22,152.0,958.0,2.0,12
3879,L-22-13,136.0,958.0,1.0,2
3879,L-22-22,152.0,958.0,2.0,12
3879,L-22-21,168.0,958.0,2.0,11
3880,L-22-11,168.0,958.0,1.0,12
3880,L-22-21,168.0,958.0,2.0,12
3881,L-22-11,168.0,958.0,1.0,12
3881,L-22-21,168.0,958.0,2.0,12
3882,L-22-11,168.0,958.0,1.0,12
3882,L-22-21,168.0,958.0,2.0,12
3883,L-22-11,168.0,958.0,1.0,12
3883,L-22-21,168.0,958.0,2.0,12
3884,L-22-11,168.0,958.0,1.0,12
3884,L-22-21,168.0,958.0,2.0,12
3885,L-22-11,168.0,958.0,1.0,12
3885,L-22-21,168.0,958.0,2.0,12
3886,L-22-11,168.0,958.0,1.0,12
3886,L-22-21,168.0,958.0,2.0,12
3887,L-22-11,168.0,958.0,1.0,12
3887,L-22-21,168.0,958.0,2.0,12
3888,L-22-11,168.0,958.0,1.0,7
3888,L-22-21,168.0,958.0,2.0,4
3888,L-22-22,152.0,958.0,2.0,12
3888,M-21-22,152.0,990.0,2.0,2
3889,L-20-13,186.0,958.0,1.0,12
3889,L-20-23,186.0,958.0,2.0,12
3890,L-20-13,186.0,958.0,1.0,12
3890,L-20-23,186.0,958.0,2.0,12
3891,L-20-13,186.0,958.0,1.0,12
3891,L-20-23,186.0,958.0,2.0,12
3892,L-20-13,186.0,958.0,1.0,12
3892,L-20-23,186.0,958.0,2.0,12
3893,L-20-13,186.0,958.0,1.0,12
3893,L-20-23,186.0,958.0,2.0,12
3894,L-20-13,186.0,958.0,1.0,12
3894,L-20-23,186.0,958.0,2.0,12
3895,L-20-13,186.0,958.0,1.0,12
3895,L-20-23,186.0,958.0,2.0,12
3896,L-20-13,186.0,958.0,1.0,12
3896,L-20-23,186.0,958.0,2.0,12
3897,L-20-13,186.0,958.0,1.0,12
3897,L-20-23,186.0,958.0,2.0,12
3898,L-20-13,186.0,958.0,1.0,12
3898,L-20-23,186.0,958.0,2.0,12
3899,L-20-13,186.0,958.0,1.0,12
3899,L-20-23,186.0,958.0,2.0,12
3900,L-20-13,186.0,958.0,1.0,1
3900,L-20-23,186.0,958.0,2.0,12
3900,L-20-22,202.0,958.0,2.0,12
3901,L-20-12,202.0,958.0,1.0,12
3901,L-20-22,202.0,958.0,2.0,12
3902,L-20-12,202.0,958.0,1.0,12
3902,L-20-22,202.0,958.0,2.0,12
3903,L-20-12,202.0,958.0,1.0,12
3903,L-20-22,202.0,958.0,2.0,12
3904,L-20-12,202.0,958.0,1.0,12
3904,L-20-22,202.0,958.0,2.0,12
3905,L-20-12,202.0,958.0,1.0,12
3905,L-20-22,202.0,958.0,2.0,12
3906,L-20-12,202.0,958.0,1.0,12
3906,L-20-22,202.0,958.0,2.0,12
3907,L-20-12,202.0,958.0,1.0,12
3907,L-20-22,202.0,958.0,2.0,12
3908,L-20-12,202.0,958.0,1.0,12
3908,L-20-22,202.0,958.0,2.0,12
3909,L-20-12,202.0,958.0,1.0,12
3909,L-20-22,202.0,958.0,2.0,12
3910,L-20-12,202.0,958.0,1.0,12
3910,L-20-22,202.0,958.0,2.0,12
3911,L-20-12,202.0,958.0,1.0,12
3911,L-20-22,202.0,958.0,2.0,12
3912,L-20-12,202.0,958.0,1.0,12
3912,L-20-22,202.0,958.0,2.0,12
3913,L-20-12,202.0,958.0,1.0,12
3913,L-20-22,202.0,958.0,2.0,12
3914,L-20-12,202.0,958.0,1.0,12
3914,L-20-22,202.0,958.0,2.0,12
3915,L-20-12,202.0,958.0,1.0,12
3915,L-20-22,202.0,958.0,2.0,12
3916,L-20-12,202.0,958.0,1.0,12
3916,L-20-22,202.0,958.0,2.0,12
3917,L-20-12,202.0,958.0,1.0,12
3917,L-20-22,202.0,958.0,2.0,12
3918,L-20-12,202.0,958.0,1.0,12
3918,L-20-22,202.0,958.0,2.0,12
3919,L-20-12,202.0,958.0,1.0,12
3919,L-20-22,202.0,958.0,2.0,12
3920,L-20-12,202.0,958.0,1.0,12
3920,L-20-22,202.0,958.0,2.0,12
3921,L-20-12,202.0,958.0,1.0,12
3921,L-20-22,202.0,958.0,2.0,12
3922,L-20-12,202.0,958.0,1.0,12
3922,L-20-22,202.0,958.0,2.0,12
3923,L-20-12,202.0,958.0,1.0,12
3923,L-20-22,202.0,958.0,2.0,12
3924,L-20-12,202.0,958.0,1.0,12
3924,L-20-22,202.0,958.0,2.0,11
3924,L-20-23,186.0,958.0,2.0,2
3925,L-20-12,202.0,958.0,1.0,12
3925,L-20-11,218.0,958.0,1.0,12
3926,L-20-12,202.0,958.0,1.0,12
3926,L-20-11,218.0,958.0,1.0,12
3927,L-20-12,202.0,958.0,1.0,12
3927,L-20-11,218.0,958.0,1.0,12
3928,L-20-12,202.0,958.0,1.0,12
3928,L-20-11,218.0,958.0,1.0,12
3929,L-20-12,202.0,958.0,1.0,12
3929,L-20-11,218.0,958.0,1.0,12
3930,L-20-12,202.0,958.0,1.0,12
3930,L-20-11,218.0,958.0,1.0,12
3931,L-20-12,202.0,958.0,1.0,1
3931,L-20-11,218.0,958.0,1.0,12
3931,L-20-21,218.0,958.0,2.0,12
3932,L-20-11,218.0,958.0,1.0,12
3932,L-20-21,218.0,958.0,2.0,12
3933,L-20-11,218.0,958.0,1.0,12
3933,L-20-21,218.0,958.0,2.0,12
3934,L-20-11,218.0,958.0,1.0,12
3934,L-20-21,218.0,958.0,2.0,12
3935,L-20-11,218.0,958.0,1.0,12
3935,L-20-21,218.0,958.0,2.0,12
3936,L-20-11,218.0,958.0,1.0,12
3936,L-20-21,218.0,958.0,2.0,12
3937,L-20-11,218.0,958.0,1.0,12
3937,L-20-21,218.0,958.0,2.0,12
3938,L-20-11,218.0,958.0,1.0,12
3938,L-20-21,218.0,958.0,2.0,12
3939,L-20-11,218.0,958.0,1.0,12
3939,L-20-21,218.0,958.0,2.0,12
3940,L-20-11,218.0,958.0,1.0,12
3940,L-20-21,218.0,958.0,2.0,12
3941,L-20-11,218.0,958.0,1.0,12
3941,L-20-21,218.0,958.0,2.0,12
3942,L-20-11,218.0,958.0,1.0,12
3942,L-20-21,218.0,958.0,2.0,12
3943,L-20-11,218.0,958.0,1.0,12
3943,L-20-21,218.0,958.0,2.0,12
3944,L-20-11,218.0,958.0,1.0,12
3944,L-20-21,218.0,958.0,2.0,12
3945,L-20-11,218.0,958.0,1.0,12
3945,L-20-21,218.0,958.0,2.0,12
3946,L-20-11,218.0,958.0,1.0,12
3946,L-20-21,218.0,958.0,2.0,12
3947,L-20-11,218.0,958.0,1.0,12
3947,L-20-21,218.0,958.0,2.0,12
3948,L-20-11,218.0,958.0,1.0,12
3948,L-20-21,218.0,958.0,2.0,12
3949,L-20-11,218.0,958.0,1.0,12
3949,L-20-21,218.0,958.0,2.0,12
3950,L-20-11,218.0,958.0,1.0,12
3950,L-20-21,218.0,958.0,2.0,12
3951,L-20-11,218.0,958.0,1.0,12
3951,L-20-21,218.0,958.0,2.0,12
3952,L-20-11,218.0,958.0,1.0,12
3952,L-20-21,218.0,958.0,2.0,12
3953,L-20-11,218.0,958.0,1.0,12
3953,L-20-21,218.0,958.0,2.0,1
3953,L-18-23,236.0,958.0,2.0,12
3954,L-20-11,218.0,958.0,1.0,6
3954,L-18-13,236.0,958.0,1.0,12
3954,L-18-23,236.0,958.0,2.0,7
3955,L-18-13,236.0,958.0,1.0,12
3955,L-18-23,236.0,958.0,2.0,12
3956,L-18-13,236.0,958.0,1.0,12
3956,L-18-23,236.0,958.0,2.0,12
3957,L-18-13,236.0,958.0,1.0,12
3957,L-18-23,236.0,958.0,2.0,12
3958,L-18-13,236.0,958.0,1.0,12
3958,L-18-23,236.0,958.0,2.0,12
3959,L-18-13,236.0,958.0,1.0,12
3959,L-18-23,236.0,958.0,2.0,12
3960,L-18-13,236.0,958.0,1.0,12
3960,L-18-23,236.0,958.0,2.0,12
3961,L-18-13,236.0,958.0,1.0,12
3961,L-18-23,236.0,958.0,2.0,12
3962,L-18-13,236.0,958.0,1.0,12
3962,L-18-23,236.0,958.0,2.0,12
3963,L-18-13,236.0,958.0,1.0,12
3963,L-18-23,236.0,958.0,2.0,12
3964,L-18-13,236.0,958.0,1.0,12
3964,L-18-23,236.0,958.0,2.0,12
3965,L-18-13,236.0,958.0,1.0,12
3965,L-18-23,236.0,958.0,2.0,2
3965,L-18-22,252.0,958.0,2.0,11
3966,L-18-13,236.0,958.0,1.0,12
3966,L-18-12,252.0,958.0,1.0,12
3967,L-18-13,236.0,958.0,1.0,12
3967,L-18-12,252.0,958.0,1.0,12
3968,L-18-13,236.0,958.0,1.0,12
3968,L-18-12,252.0,958.0,1.0,12
3969,L-18-13,236.0,958.0,1.0,12
3969,L-18-12,252.0,958.0,1.0,12
3970,L-18-13,236.0,958.0,1.0,12
3970,L-18-12,252.0,958.0,1.0,12
3971,L-18-13,236.0,958.0,1.0,12
3971,L-18-12,252.0,958.0,1.0,12
3972,L-18-13,236.0,958.0,1.0,12
3972,L-18-12,252.0,958.0,1.0,12
3973,L-18-13,236.0,958.0,1.0,12
3973,L-18-12,252.0,958.0,1.0,12
3974,L-18-13,236.0,958.0,1.0,12
3974,L-18-12,252.0,958.0,1.0,12
3975,L-18-13,236.0,958.0,1.0,12
3975,L-18-12,252.0,958.0,1.0,12
3976,L-18-13,236.0,958.0,1.0,12
3976,L-18-12,252.0,958.0,1.0,12
3977,L-18-13,236.0,958.0,1.0,12
3977,L-18-12,252.0,958.0,1.0,12
3978,L-18-13,236.0,958.0,1.0,12
3978,L-18-12,252.0,958.0,1.0,12
3979,L-18-13,236.0,958.0,1.0,1
3979,L-18-12,252.0,958.0,1.0,12
3979,L-18-22,252.0,958.0,2.0,12
3980,L-18-12,252.0,958.0,1.0,7
3980,L-18-22,252.0,958.0,2.0,12
3980,L-18-21,268.0,958.0,2.0,6
3981,L-18-11,268.0,958.0,1.0,12
3981,L-18-21,268.0,958.0,2.0,12
3982,L-18-11,268.0,958.0,1.0,12
3982,L-18-21,268.0,958.0,2.0,12
3983,L-18-11,268.0,958.0,1.0,12
3983,L-18-21,268.0,958.0,2.0,12
3984,L-18-11,268.0,958.0,1.0,12
3984,L-18-21,268.0,958.0,2.0,12
3985,L-18-11,268.0,958.0,1.0,12
3985,L-18-21,268.0,958.0,2.0,12
3986,L-18-11,268.0,958.0,1.0,12
3986,L-18-21,268.0,958.0,2.0,12
3987,L-18-11,268.0,958.0,1.0,12
3987,L-18-21,268.0,958.0,2.0,12
3988,L-18-11,268.0,958.0,1.0,12
3988,L-18-21,268.0,958.0,2.0,12
3989,L-18-11,268.0,958.0,1.0,12
3989,L-18-21,268.0,958.0,2.0,2
3989,L-18-22,252.0,958.0,2.0,11
3990,L-18-11,268.0,958.0,1.0,12
3990,L-18-22,252.0,958.0,2.0,12
3991,L-18-11,268.0,958.0,1.0,11
3991,L-18-22,252.0,958.0,2.0,12
3991,M-17-22,252.0,990.0,2.0,2
3992,L-16-13,286.0,958.0,1.0,12
3992,L-16-23,286.0,958.0,2.0,12
3993,L-16-13,286.0,958.0,1.0,12
3993,L-16-23,286.0,958.0,2.0,12
3994,L-16-13,286.0,958.0,1.0,12
3994,L-16-23,286.0,958.0,2.0,12
3995,L-16-13,286.0,958.0,1.0,12
3995,L-16-23,286.0,958.0,2.0,12
3996,L-16-13,286.0,958.0,1.0,12
3996,L-16-23,286.0,958.0,2.0,12
3997,L-16-13,286.0,958.0,1.0,12
3997,L-16-23,286.0,958.0,2.0,12
3998,L-16-13,286.0,958.0,1.0,4
3998,L-16-23,286.0,958.0,2.0,12
3998,L-16-22,302.0,958.0,2.0,9
3999,L-16-12,302.0,958.0,1.0,12
3999,L-16-22,302.0,958.0,2.0,12
4000,L-16-12,302.0,958.0,1.0,12
4000,L-16-22,302.0,958.0,2.0,12
4001,L-16-12,302.0,958.0,1.0,12
4001,L-16-22,302.0,958.0,2.0,12
4002,L-16-12,302.0,958.0,1.0,12
4002,L-16-22,302.0,958.0,2.0,12
4003,L-16-12,302.0,958.0,1.0,12
4003,L-16-22,302.0,958.0,2.0,12
4004,L-16-12,302.0,958.0,1.0,12
4004,L-16-22,302.0,958.0,2.0,12
4005,L-16-12,302.0,958.0,1.0,12
4005,L-16-22,302.0,958.0,2.0,12
4006,L-16-12,302.0,958.0,1.0,12
4006,L-16-22,302.0,958.0,2.0,12
4007,L-16-12,302.0,958.0,1.0,12
4007,L-16-22,302.0,958.0,2.0,12
4008,L-16-12,302.0,958.0,1.0,12
4008,L-16-22,302.0,958.0,2.0,12
4009,L-16-12,302.0,958.0,1.0,12
4009,L-16-22,302.0,958.0,2.0,12
4010,L-16-12,302.0,958.0,1.0,12
4010,L-16-22,302.0,958.0,2.0,12
4011,L-16-12,302.0,958.0,1.0,12
4011,L-16-22,302.0,958.0,2.0,12
4012,L-16-12,302.0,958.0,1.0,12
4012,L-16-22,302.0,958.0,2.0,12
4013,L-16-12,302.0,958.0,1.0,12
4013,L-16-22,302.0,958.0,2.0,12
4014,L-16-12,302.0,958.0,1.0,12
4014,L-16-22,302.0,958.0,2.0,12
4015,L-16-12,302.0,958.0,1.0,12
4015,L-16-22,302.0,958.0,2.0,12
4016,L-16-12,302.0,958.0,1.0,12
4016,L-16-22,302.0,958.0,2.0,12
4017,L-16-12,302.0,958.0,1.0,12
4017,L-16-22,302.0,958.0,2.0,12
4018,L-16-12,302.0,958.0,1.0,12
4018,L-16-22,302.0,958.0,2.0,6
4018,L-16-23,286.0,958.0,2.0,7
4019,L-16-12,302.0,958.0,1.0,12
4019,L-16-11,318.0,958.0,1.0,12
4020,L-16-12,302.0,958.0,1.0,12
4020,L-16-11,318.0,958.0,1.0,12
4021,L-16-12,302.0,958.0,1.0,12
4021,L-16-11,318.0,958.0,1.0,12
4022,L-16-12,302.0,958.0,1.0,12
4022,L-16-11,318.0,958.0,1.0,12
4023,L-16-12,302.0,958.0,1.0,12
4023,L-16-11,318.0,958.0,1.0,12
4024,L-16-12,302.0,958.0,1.0,12
4024,L-16-11,318.0,958.0,1.0,12
4025,L-16-12,302.0,958.0,1.0,12
4025,L-16-11,318.0,958.0,1.0,12
4026,L-16-12,302.0,958.0,1.0,12
4026,L-16-11,318.0,958.0,1.0,12
4027,L-16-12,302.0,958.0,1.0,12
4027,L-16-11,318.0,958.0,1.0,12
4028,L-16-12,302.0,958.0,1.0,6
4028,L-16-11,318.0,958.0,1.0,12
4028,L-16-21,318.0,958.0,2.0,7
4029,L-16-11,318.0,958.0,1.0,12
4029,L-16-21,318.0,958.0,2.0,12
4030,L-16-11,318.0,958.0,1.0,12
4030,L-16-21,318.0,958.0,2.0,12
4031,L-16-11,318.0,958.0,1.0,12
4031,L-16-21,318.0,958.0,2.0,12
4032,L-16-11,318.0,958.0,1.0,12
4032,L-16-21,318.0,958.0,2.0,12
4033,L-16-11,318.0,958.0,1.0,12
4033,L-16-21,318.0,958.0,2.0,12
4034,L-16-11,318.0,958.0,1.0,12
4034,L-16-21,318.0,958.0,2.0,12
4035,L-16-11,318.0,958.0,1.0,12
4035,L-16-21,318.0,958.0,2.0,12
4036,L-16-11,318.0,958.0,1.0,12
4036,L-16-21,318.0,958.0,2.0,12
4037,L-16-11,318.0,958.0,1.0,12
4037,L-16-21,318.0,958.0,2.0,12
4038,L-16-11,318.0,958.0,1.0,12
4038,L-16-21,318.0,958.0,2.0,12
4039,L-16-11,318.0,958.0,1.0,12
4039,L-16-21,318.0,958.0,2.0,12
4040,L-16-11,318.0,958.0,1.0,12
4040,L-16-21,318.0,958.0,2.0,12
4041,L-16-11,318.0,958.0,1.0,12
4041,L-16-21,318.0,958.0,2.0,12
4042,L-16-11,318.0,958.0,1.0,12
4042,L-16-21,318.0,958.0,2.0,12
4043,L-16-11,318.0,958.0,1.0,12
4043,L-16-21,318.0,958.0,2.0,12
4044,L-16-11,318.0,958.0,1.0,12
4044,L-16-21,318.0,958.0,2.0,12
4045,L-16-11,318.0,958.0,1.0,12
4045,L-16-21,318.0,958.0,2.0,12
4046,L-16-11,318.0,958.0,1.0,12
4046,L-16-21,318.0,958.0,2.0,12
4047,L-16-11,318.0,958.0,1.0,12
4047,L-16-21,318.0,958.0,2.0,12
4048,L-16-11,318.0,958.0,1.0,12
4048,L-16-21,318.0,958.0,2.0,12
4049,L-16-11,318.0,958.0,1.0,12
4049,L-16-21,318.0,958.0,2.0,12
4050,L-16-11,318.0,958.0,1.0,12
4050,L-16-21,318.0,958.0,2.0,12
4051,L-16-11,318.0,958.0,1.0,8
4051,L-16-21,318.0,958.0,2.0,4
4051,L-14-23,336.0,958.0,2.0,12
4052,L-14-13,336.0,958.0,1.0,12
4052,L-14-23,336.0,958.0,2.0,12
4053,L-14-13,336.0,958.0,1.0,12
4053,L-14-23,336.0,958.0,2.0,12
4054,L-14-13,336.0,958.0,1.0,12
4054,L-14-23,336.0,958.0,2.0,12
4055,L-14-13,336.0,958.0,1.0,12
4055,L-14-23,336.0,958.0,2.0,12
4056,L-14-13,336.0,958.0,1.0,12
4056,L-14-23,336.0,958.0,2.0,12
4057,L-14-13,336.0,958.0,1.0,12
4057,L-14-23,336.0,958.0,2.0,12
4058,L-14-13,336.0,958.0,1.0,12
4058,L-14-23,336.0,958.0,2.0,12
4059,L-14-13,336.0,958.0,1.0,12
4059,L-14-23,336.0,958.0,2.0,12
4060,L-14-13,336.0,958.0,1.0,12
4060,L-14-23,336.0,958.0,2.0,12
4061,L-14-13,336.0,958.0,1.0,12
4061,L-14-23,336.0,958.0,2.0,12
4062,L-14-13,336.0,958.0,1.0,12
4062,L-14-23,336.0,958.0,2.0,12
4063,L-14-13,336.0,958.0,1.0,12
4063,L-14-23,336.0,958.0,2.0,12
4064,L-14-13,336.0,958.0,1.0,12
4064,L-14-23,336.0,958.0,2.0,12
4065,L-14-13,336.0,958.0,1.0,12
4065,L-14-23,336.0,958.0,2.0,12
4066,L-14-13,336.0,958.0,1.0,12
4066,L-14-23,336.0,958.0,2.0,3
4066,L-14-22,352.0,958.0,2.0,10
4067,L-14-13,336.0,958.0,1.0,12
4067,L-14-12,352.0,958.0,1.0,12
4068,L-14-13,336.0,958.0,1.0,12
4068,L-14-12,352.0,958.0,1.0,12
4069,L-14-13,336.0,958.0,1.0,12
4069,L-14-12,352.0,958.0,1.0,12
4070,L-14-13,336.0,958.0,1.0,12
4070,L-14-12,352.0,958.0,1.0,12
4071,L-14-13,336.0,958.0,1.0,12
4071,L-14-12,352.0,958.0,1.0,12
4072,L-14-13,336.0,958.0,1.0,12
4072,L-14-12,352.0,958.0,1.0,12
4073,L-14-13,336.0,958.0,1.0,12
4073,L-14-12,352.0,958.0,1.0,12
4074,L-14-13,336.0,958.0,1.0,12
4074,L-14-12,352.0,958.0,1.0,12
4075,L-14-13,336.0,958.0,1.0,12
4075,L-14-12,352.0,958.0,1.0,12
4076,L-14-13,336.0,958.0,1.0,12
4076,L-14-12,352.0,958.0,1.0,12
4077,L-14-13,336.0,958.0,1.0,12
4077,L-14-12,352.0,958.0,1.0,12
4078,L-14-13,336.0,958.0,1.0,12
4078,L-14-12,352.0,958.0,1.0,12
4079,L-14-13,336.0,958.0,1.0,1
4079,L-14-12,352.0,958.0,1.0,12
4079,L-14-22,352.0,958.0,2.0,12
4080,L-14-12,352.0,958.0,1.0,4
4080,L-14-22,352.0,958.0,2.0,12
4080,L-14-21,368.0,958.0,2.0,9
4081,L-14-11,368.0,958.0,1.0,12
4081,L-14-21,368.0,958.0,2.0,12
4082,L-14-11,368.0,958.0,1.0,12
4082,L-14-21,368.0,958.0,2.0,12
4083,L-14-11,368.0,958.0,1.0,12
4083,L-14-21,368.0,958.0,2.0,12
4084,L-14-11,368.0,958.0,1.0,12
4084,L-14-21,368.0,958.0,2.0,12
4085,L-14-11,368.0,958.0,1.0,12
4085,L-14-21,368.0,958.0,2.0,12
4086,L-14-11,368.0,958.0,1.0,12
4086,L-14-21,368.0,958.0,2.0,12
4087,L-14-11,368.0,958.0,1.0,12
4087,L-14-21,368.0,958.0,2.0,1
4087,L-14-22,352.0,958.0,2.0,12
4088,L-14-11,368.0,958.0,1.0,6
4088,L-14-22,352.0,958.0,2.0,2
4088,M-13-22,352.0,990.0,2.0,12
4088,M-13-12,352.0,990.0,1.0,5
4089,K-10-13,434.0,958.0,1.0,12
4089,K-10-23,434.0,958.0,2.0,12
4090,K-10-13,434.0,958.0,1.0,12
4090,K-10-23,434.0,958.0,2.0,12
4091,K-10-13,434.0,958.0,1.0,12
4091,K-10-23,434.0,958.0,2.0,12
4092,K-10-13,434.0,958.0,1.0,12
4092,K-10-23,434.0,958.0,2.0,12
4093,K-10-13,434.0,958.0,1.0,12
4093,K-10-23,434.0,958.0,2.0,12
4094,K-10-13,434.0,958.0,1.0,10
4094,K-10-23,434.0,958.0,2.0,12
4094,K-10-22,450.0,958.0,2.0,3
4095,K-10-12,450.0,958.0,1.0,12
4095,K-10-22,450.0,958.0,2.0,12
4096,K-10-12,450.0,958.0,1.0,12
4096,K-10-22,450.0,958.0,2.0,12
4097,K-10-12,450.0,958.0,1.0,12
4097,K-10-22,450.0,958.0,2.0,12
4098,K-10-12,450.0,958.0,1.0,12
4098,K-10-22,450.0,958.0,2.0,12
4099,K-10-12,450.0,958.0,1.0,12
4099,K-10-22,450.0,958.0,2.0,12
4100,K-10-12,450.0,958.0,1.0,12
4100,K-10-22,450.0,958.0,2.0,12
4101,K-10-12,450.0,958.0,1.0,12
4101,K-10-22,450.0,958.0,2.0,12
4102,K-10-12,450.0,958.0,1.0,12
4102,K-10-22,450.0,958.0,2.0,12
4103,K-10-12,450.0,958.0,1.0,12
4103,K-10-22,450.0,958.0,2.0,12
4104,K-10-12,450.0,958.0,1.0,12
4104,K-10-22,450.0,958.0,2.0,12
4105,K-10-12,450.0,958.0,1.0,12
4105,K-10-22,450.0,958.0,2.0,12
4106,K-10-12,450.0,958.0,1.0,12
4106,K-10-22,450.0,958.0,2.0,12
4107,K-10-12,450.0,958.0,1.0,12
4107,K-10-22,450.0,958.0,2.0,12
4108,K-10-12,450.0,958.0,1.0,12
4108,K-10-22,450.0,958.0,2.0,12
4109,K-10-12,450.0,958.0,1.0,12
4109,K-10-22,450.0,958.0,2.0,12
4110,K-10-12,450.0,958.0,1.0,12
4110,K-10-22,450.0,958.0,2.0,12
4111,K-10-12,450.0,958.0,1.0,12
4111,K-10-22,450.0,958.0,2.0,11
4111,K-10-23,434.0,958.0,2.0,2
4112,K-10-12,450.0,958.0,1.0,12
4112,K-10-11,466.0,958.0,1.0,12
4113,K-10-12,450.0,958.0,1.0,12
4113,K-10-11,466.0,958.0,1.0,12
4114,K-10-12,450.0,958.0,1.0,12
4114,K-10-11,466.0,958.0,1.0,12
4115,K-10-12,450.0,958.0,1.0,12
4115,K-10-11,466.0,958.0,1.0,12
4116,K-10-12,450.0,958.0,1.0,12
4116,K-10-11,466.0,958.0,1.0,12
4117,K-10-12,450.0,958.0,1.0,5
4117,K-10-11,466.0,958.0,1.0,12
4117,K-10-21,466.0,958.0,2.0,8
4118,K-10-11,466.0,958.0,1.0,12
4118,K-10-21,466.0,958.0,2.0,12
4119,K-10-11,466.0,958.0,1.0,12
4119,K-10-21,466.0,958.0,2.0,12
4120,K-10-11,466.0,958.0,1.0,12
4120,K-10-21,466.0,958.0,2.0,12
4121,K-10-11,466.0,958.0,1.0,12
4121,K-10-21,466.0,958.0,2.0,6
4121,K-08-23,484.0,958.0,2.0,7
4122,K-10-11,466.0,958.0,1.0,12
4122,K-08-13,484.0,958.0,1.0,12
4123,K-10-11,466.0,958.0,1.0,5
4123,K-08-13,484.0,958.0,1.0,12
4123,K-08-23,484.0,958.0,2.0,8
4124,K-08-13,484.0,958.0,1.0,12
4124,K-08-23,484.0,958.0,2.0,12
4125,K-08-13,484.0,958.0,1.0,12
4125,K-08-23,484.0,958.0,2.0,12
4126,K-08-13,484.0,958.0,1.0,1
4126,K-08-23,484.0,958.0,2.0,12
4126,K-08-22,500.0,958.0,2.0,12
4127,K-08-12,500.0,958.0,1.0,12
4127,K-08-22,500.0,958.0,2.0,12
4128,K-08-12,500.0,958.0,1.0,12
4128,K-08-22,500.0,958.0,2.0,12
4129,K-08-12,500.0,958.0,1.0,12
4129,K-08-22,500.0,958.0,2.0,8
4129,K-08-23,484.0,958.0,2.0,5
4130,K-08-12,500.0,958.0,1.0,12
4130,K-08-11,516.0,958.0,1.0,12
4131,K-08-12,500.0,958.0,1.0,12
4131,K-08-11,516.0,958.0,1.0,9
4131,K-08-21,516.0,958.0,2.0,4
4132,K-08-12,500.0,958.0,1.0,12
4132,K-08-23,484.0,958.0,2.0,11
4132,K-08-21,516.0,958.0,2.0,2
4133,K-08-12,500.0,958.0,1.0,12
4133,K-08-21,516.0,958.0,2.0,12
4134,K-08-12,500.0,958.0,1.0,7
4134,K-08-21,516.0,958.0,2.0,12
4134,K-06-23,534.0,958.0,2.0,6
4135,K-06-13,534.0,958.0,1.0,12
4135,K-06-23,534.0,958.0,2.0,12
4136,K-06-13,534.0,958.0,1.0,12
4136,K-06-23,534.0,958.0,2.0,12
4137,K-06-13,534.0,958.0,1.0,12
4137,K-06-23,534.0,958.0,2.0,12
4138,K-06-13,534.0,958.0,1.0,12
4138,K-06-23,534.0,958.0,2.0,12
4139,K-06-13,534.0,958.0,1.0,12
4139,K-06-23,534.0,958.0,2.0,12
4140,K-06-13,534.0,958.0,1.0,12
4140,K-06-23,534.0,958.0,2.0,12
4141,K-06-13,534.0,958.0,1.0,12
4141,K-06-23,534.0,958.0,2.0,12
4142,K-06-13,534.0,958.0,1.0,12
4142,K-06-23,534.0,958.0,2.0,12
4143,K-06-13,534.0,958.0,1.0,12
4143,K-06-23,534.0,958.0,2.0,12
4144,K-06-13,534.0,958.0,1.0,12
4144,K-06-23,534.0,958.0,2.0,12
4145,K-06-13,534.0,958.0,1.0,12
4145,K-06-23,534.0,958.0,2.0,5
4145,K-06-22,550.0,958.0,2.0,8
4146,K-06-13,534.0,958.0,1.0,12
4146,K-06-12,550.0,958.0,1.0,12
4147,K-06-13,534.0,958.0,1.0,12
4147,K-06-12,550.0,958.0,1.0,12
4148,K-06-13,534.0,958.0,1.0,12
4148,K-06-12,550.0,958.0,1.0,12
4149,K-06-13,534.0,958.0,1.0,12
4149,K-06-12,550.0,958.0,1.0,12
4150,K-06-13,534.0,958.0,1.0,12
4150,K-06-12,550.0,958.0,1.0,12
4151,K-06-13,534.0,958.0,1.0,6
4151,K-06-12,550.0,958.0,1.0,12
4151,K-06-22,550.0,958.0,2.0,7
4152,K-06-12,550.0,958.0,1.0,12
4152,K-06-22,550.0,958.0,2.0,12
4153,K-06-12,550.0,958.0,1.0,12
4153,K-06-22,550.0,958.0,2.0,12
4154,K-06-12,550.0,958.0,1.0,5
4154,K-06-22,550.0,958.0,2.0,12
4154,K-06-21,566.0,958.0,2.0,8
4155,K-06-11,566.0,958.0,1.0,12
4155,K-06-21,566.0,958.0,2.0,12
4156,K-06-11,566.0,958.0,1.0,12
4156,K-06-21,566.0,958.0,2.0,12
4157,K-06-11,566.0,958.0,1.0,12
4157,K-06-21,566.0,958.0,2.0,12
4158,K-06-11,566.0,958.0,1.0,12
4158,K-06-21,566.0,958.0,2.0,12
4159,K-06-11,566.0,958.0,1.0,12
4159,K-06-21,566.0,958.0,2.0,12
4160,K-06-11,566.0,958.0,1.0,12
4160,K-06-21,566.0,958.0,2.0,12
4161,K-06-11,566.0,958.0,1.0,12
4161,K-06-21,566.0,958.0,2.0,12
4162,K-06-11,566.0,958.0,1.0,7
4162,K-06-21,566.0,958.0,2.0,12
4162,K-06-22,550.0,958.0,2.0,6
4163,K-04-13,584.0,958.0,1.0,12
4163,K-04-23,584.0,958.0,2.0,12
4164,K-04-13,584.0,958.0,1.0,12
4164,K-04-23,584.0,958.0,2.0,12
4165,K-04-13,584.0,958.0,1.0,12
4165,K-04-23,584.0,958.0,2.0,12
4166,K-04-13,584.0,958.0,1.0,12
4166,K-04-23,584.0,958.0,2.0,12
4167,K-04-13,584.0,958.0,1.0,12
4167,K-04-23,584.0,958.0,2.0,12
4168,K-04-13,584.0,958.0,1.0,12
4168,K-04-23,584.0,958.0,2.0,12
4169,K-04-13,584.0,958.0,1.0,12
4169,K-04-23,584.0,958.0,2.0,12
4170,K-04-13,584.0,958.0,1.0,12
4170,K-04-23,584.0,958.0,2.0,12
4171,K-04-13,584.0,958.0,1.0,12
4171,K-04-23,584.0,958.0,2.0,12
4172,K-04-13,584.0,958.0,1.0,12
4172,K-04-23,584.0,958.0,2.0,12
4173,K-04-13,584.0,958.0,1.0,12
4173,K-04-23,584.0,958.0,2.0,12
4174,K-04-13,584.0,958.0,1.0,5
4174,K-04-23,584.0,958.0,2.0,12
4174,K-04-22,600.0,958.0,2.0,8
4175,K-04-12,600.0,958.0,1.0,12
4175,K-04-22,600.0,958.0,2.0,12
4176,K-04-12,600.0,958.0,1.0,12
4176,K-04-22,600.0,958.0,2.0,12
4177,K-04-12,600.0,958.0,1.0,12
4177,K-04-22,600.0,958.0,2.0,12
4178,K-04-12,600.0,958.0,1.0,12
4178,K-04-11,616.0,958.0,1.0,12
4179,K-04-12,600.0,958.0,1.0,12
4179,K-04-11,616.0,958.0,1.0,12
4180,K-04-12,600.0,958.0,1.0,12
4180,K-04-11,616.0,958.0,1.0,12
4181,K-04-12,600.0,958.0,1.0,12
4181,K-04-11,616.0,958.0,1.0,12
4182,K-04-12,600.0,958.0,1.0,12
4182,K-04-11,616.0,958.0,1.0,12
4183,K-04-12,600.0,958.0,1.0,12
4183,K-04-11,616.0,958.0,1.0,12
4184,K-04-12,600.0,958.0,1.0,11
4184,K-04-11,616.0,958.0,1.0,9
4184,K-04-21,616.0,958.0,2.0,5
4185,K-02-13,634.0,958.0,1.0,12
4185,K-02-23,634.0,958.0,2.0,12
4186,K-02-13,634.0,958.0,1.0,12
4186,K-02-23,634.0,958.0,2.0,12
4187,K-02-13,634.0,958.0,1.0,12
4187,K-02-23,634.0,958.0,2.0,3
4187,K-02-22,650.0,958.0,2.0,10
4188,K-02-13,634.0,958.0,1.0,11
4188,K-02-12,650.0,958.0,1.0,12
4188,K-02-22,650.0,958.0,2.0,2
4189,K-02-12,650.0,958.0,1.0,12
4189,K-02-22,650.0,958.0,2.0,12
4190,K-02-12,650.0,958.0,1.0,12
4190,K-02-22,650.0,958.0,2.0,12
4191,K-02-12,650.0,958.0,1.0,12
4191,K-02-22,650.0,958.0,2.0,12
4192,K-02-12,650.0,958.0,1.0,12
4192,K-02-22,650.0,958.0,2.0,12
4193,K-02-12,650.0,958.0,1.0,12
4193,K-02-22,650.0,958.0,2.0,12
4194,K-02-12,650.0,958.0,1.0,12
4194,K-02-22,650.0,958.0,2.0,12
4195,K-02-12,650.0,958.0,1.0,12
4195,K-02-22,650.0,958.0,2.0,12
4196,K-02-12,650.0,958.0,1.0,6
4196,K-02-22,650.0,958.0,2.0,12
4196,K-02-21,666.0,958.0,2.0,7
4197,K-02-11,666.0,958.0,1.0,12
4197,K-02-21,666.0,958.0,2.0,12
4198,K-02-11,666.0,958.0,1.0,4
4198,K-02-21,666.0,958.0,2.0,12
4198,K-02-22,650.0,958.0,2.0,4
4198,L-01-22,650.0,990.0,2.0,5
4199,M-23-13,86.0,990.0,1.0,12
4199,M-23-23,86.0,990.0,2.0,12
4200,M-23-13,86.0,990.0,1.0,12
4200,M-23-23,86.0,990.0,2.0,12
4201,M-23-13,86.0,990.0,1.0,8
4201,M-23-23,86.0,990.0,2.0,12
4201,M-23-22,102.0,990.0,2.0,5
4202,M-23-12,102.0,990.0,1.0,12
4202,M-23-22,102.0,990.0,2.0,12
4203,M-23-12,102.0,990.0,1.0,12
4203,M-23-22,102.0,990.0,2.0,12
4204,M-23-12,102.0,990.0,1.0,12
4204,M-23-22,102.0,990.0,2.0,12
4205,M-23-12,102.0,990.0,1.0,12
4205,M-23-22,102.0,990.0,2.0,12
4206,M-23-12,102.0,990.0,1.0,12
4206,M-23-22,102.0,990.0,2.0,12
4207,M-23-12,102.0,990.0,1.0,12
4207,M-23-22,102.0,990.0,2.0,12
4208,M-23-12,102.0,990.0,1.0,12
4208,M-23-22,102.0,990.0,2.0,12
4209,M-23-12,102.0,990.0,1.0,12
4209,M-23-22,102.0,990.0,2.0,12
4210,M-23-12,102.0,990.0,1.0,12
4210,M-23-22,102.0,990.0,2.0,12
4211,M-23-12,102.0,990.0,1.0,12
4211,M-23-22,102.0,990.0,2.0,12
4212,M-23-12,102.0,990.0,1.0,12
4212,M-23-22,102.0,990.0,2.0,12
4213,M-23-12,102.0,990.0,1.0,12
4213,M-23-22,102.0,990.0,2.0,12
4214,M-23-12,102.0,990.0,1.0,12
4214,M-23-22,102.0,990.0,2.0,12
4215,M-23-12,102.0,990.0,1.0,12
4215,M-23-22,102.0,990.0,2.0,12
4216,M-23-12,102.0,990.0,1.0,12
4216,M-23-22,102.0,990.0,2.0,12
4217,M-23-12,102.0,990.0,1.0,12
4217,M-23-22,102.0,990.0,2.0,5
4217,M-23-23,86.0,990.0,2.0,8
4218,M-23-12,102.0,990.0,1.0,12
4218,M-23-11,118.0,990.0,1.0,12
4219,M-23-12,102.0,990.0,1.0,12
4219,M-23-11,118.0,990.0,1.0,12
4220,M-23-12,102.0,990.0,1.0,12
4220,M-23-11,118.0,990.0,1.0,12
4221,M-23-12,102.0,990.0,1.0,12
4221,M-23-11,118.0,990.0,1.0,12
4222,M-23-12,102.0,990.0,1.0,6
4222,M-23-11,118.0,990.0,1.0,12
4222,M-23-21,118.0,990.0,2.0,7
4223,M-23-11,118.0,990.0,1.0,12
4223,M-23-21,118.0,990.0,2.0,12
4224,M-23-11,118.0,990.0,1.0,12
4224,M-23-21,118.0,990.0,2.0,12
4225,M-23-11,118.0,990.0,1.0,12
4225,M-23-21,118.0,990.0,2.0,12
4226,M-23-11,118.0,990.0,1.0,12
4226,M-23-21,118.0,990.0,2.0,12
4227,M-23-11,118.0,990.0,1.0,12
4227,M-23-21,118.0,990.0,2.0,12
4228,M-23-11,118.0,990.0,1.0,12
4228,M-23-21,118.0,990.0,2.0,12
4229,M-23-11,118.0,990.0,1.0,12
4229,M-23-21,118.0,990.0,2.0,12
4230,M-23-11,118.0,990.0,1.0,12
4230,M-23-21,118.0,990.0,2.0,12
4231,M-23-11,118.0,990.0,1.0,12
4231,M-23-21,118.0,990.0,2.0,12
4232,M-23-11,118.0,990.0,1.0,12
4232,M-23-21,118.0,990.0,2.0,12
4233,M-23-11,118.0,990.0,1.0,12
4233,M-23-21,118.0,990.0,2.0,12
4234,M-23-11,118.0,990.0,1.0,12
4234,M-23-21,118.0,990.0,2.0,12
4235,M-23-11,118.0,990.0,1.0,12
4235,M-23-21,118.0,990.0,2.0,12
4236,M-23-11,118.0,990.0,1.0,12
4236,M-23-21,118.0,990.0,2.0,12
4237,M-23-11,118.0,990.0,1.0,12
4237,M-23-21,118.0,990.0,2.0,2
4237,M-21-23,136.0,990.0,2.0,11
4238,M-23-11,118.0,990.0,1.0,12
4238,M-21-13,136.0,990.0,1.0,12
4239,M-23-11,118.0,990.0,1.0,12
4239,M-21-13,136.0,990.0,1.0,12
4240,M-23-11,118.0,990.0,1.0,10
4240,M-21-13,136.0,990.0,1.0,12
4240,M-21-23,136.0,990.0,2.0,3
4241,M-21-13,136.0,990.0,1.0,12
4241,M-21-23,136.0,990.0,2.0,12
4242,M-21-13,136.0,990.0,1.0,12
4242,M-21-23,136.0,990.0,2.0,12
4243,M-21-13,136.0,990.0,1.0,12
4243,M-21-23,136.0,990.0,2.0,12
4244,M-21-13,136.0,990.0,1.0,12
4244,M-21-23,136.0,990.0,2.0,12
4245,M-21-13,136.0,990.0,1.0,12
4245,M-21-23,136.0,990.0,2.0,12
4246,M-21-13,136.0,990.0,1.0,12
4246,M-21-23,136.0,990.0,2.0,12
4247,M-21-13,136.0,990.0,1.0,12
4247,M-21-23,136.0,990.0,2.0,12
4248,M-21-13,136.0,990.0,1.0,12
4248,M-21-23,136.0,990.0,2.0,4
4248,M-21-22,152.0,990.0,2.0,9
4249,M-21-13,136.0,990.0,1.0,12
4249,M-21-12,152.0,990.0,1.0,12
4250,M-21-13,136.0,990.0,1.0,12
4250,M-21-12,152.0,990.0,1.0,12
4251,M-21-13,136.0,990.0,1.0,12
4251,M-21-12,152.0,990.0,1.0,12
4252,M-21-13,136.0,990.0,1.0,12
4252,M-21-12,152.0,990.0,1.0,12
4253,M-21-13,136.0,990.0,1.0,12
4253,M-21-12,152.0,990.0,1.0,12
4254,M-21-13,136.0,990.0,1.0,9
4254,M-21-12,152.0,990.0,1.0,12
4254,M-21-22,152.0,990.0,2.0,4
4255,M-21-12,152.0,990.0,1.0,12
4255,M-21-22,152.0,990.0,2.0,12
4256,M-21-12,152.0,990.0,1.0,5
4256,M-21-22,152.0,990.0,2.0,12
4256,M-21-21,168.0,990.0,2.0,8
4257,M-21-11,168.0,990.0,1.0,12
4257,M-21-21,168.0,990.0,2.0,12
4258,M-21-11,168.0,990.0,1.0,12
4258,M-21-21,168.0,990.0,2.0,12
4259,M-21-11,168.0,990.0,1.0,12
4259,M-21-21,168.0,990.0,2.0,12
4260,M-21-11,168.0,990.0,1.0,12
4260,M-21-21,168.0,990.0,2.0,12
4261,M-21-11,168.0,990.0,1.0,12
4261,M-21-21,168.0,990.0,2.0,12
4262,M-21-11,168.0,990.0,1.0,12
4262,M-21-21,168.0,990.0,2.0,12
4263,M-21-11,168.0,990.0,1.0,12
4263,M-21-21,168.0,990.0,2.0,12
4264,M-21-11,168.0,990.0,1.0,9
4264,M-21-21,168.0,990.0,2.0,12
4264,M-21-22,152.0,990.0,2.0,4
4265,M-19-13,186.0,990.0,1.0,12
4265,M-19-23,186.0,990.0,2.0,12
4266,M-19-13,186.0,990.0,1.0,12
4266,M-19-23,186.0,990.0,2.0,12
4267,M-19-13,186.0,990.0,1.0,12
4267,M-19-23,186.0,990.0,2.0,8
4267,M-19-22,202.0,990.0,2.0,5
4268,M-19-13,186.0,990.0,1.0,12
4268,M-19-12,202.0,990.0,1.0,12
4269,M-19-13,186.0,990.0,1.0,12
4269,M-19-12,202.0,990.0,1.0,12
4270,M-19-13,186.0,990.0,1.0,12
4270,M-19-12,202.0,990.0,1.0,12
4271,M-19-13,186.0,990.0,1.0,12
4271,M-19-12,202.0,990.0,1.0,12
4272,M-19-13,186.0,990.0,1.0,12
4272,M-19-12,202.0,990.0,1.0,12
4273,M-19-13,186.0,990.0,1.0,3
4273,M-19-12,202.0,990.0,1.0,12
4273,M-19-22,202.0,990.0,2.0,10
4274,M-19-12,202.0,990.0,1.0,12
4274,M-19-22,202.0,990.0,2.0,12
4275,M-19-12,202.0,990.0,1.0,12
4275,M-19-22,202.0,990.0,2.0,12
4276,M-19-12,202.0,990.0,1.0,12
4276,M-19-22,202.0,990.0,2.0,12
4277,M-19-12,202.0,990.0,1.0,12
4277,M-19-22,202.0,990.0,2.0,12
4278,M-19-12,202.0,990.0,1.0,12
4278,M-19-22,202.0,990.0,2.0,11
4278,M-19-21,218.0,990.0,2.0,2
4279,M-19-12,202.0,990.0,1.0,12
4279,M-19-11,218.0,990.0,1.0,12
4280,M-19-12,202.0,990.0,1.0,12
4280,M-19-11,218.0,990.0,1.0,12
4281,M-19-12,202.0,990.0,1.0,12
4281,M-19-11,218.0,990.0,1.0,12
4282,M-19-12,202.0,990.0,1.0,12
4282,M-19-11,218.0,990.0,1.0,12
4283,M-19-12,202.0,990.0,1.0,12
4283,M-19-11,218.0,990.0,1.0,12
4284,M-19-12,202.0,990.0,1.0,12
4284,M-19-11,218.0,990.0,1.0,12
4285,M-19-12,202.0,990.0,1.0,12
4285,M-19-11,218.0,990.0,1.0,12
4286,M-19-12,202.0,990.0,1.0,12
4286,M-19-11,218.0,990.0,1.0,12
4287,M-19-12,202.0,990.0,1.0,12
4287,M-19-11,218.0,990.0,1.0,12
4288,M-19-12,202.0,990.0,1.0,12
4288,M-19-11,218.0,990.0,1.0,12
4289,M-19-12,202.0,990.0,1.0,12
4289,M-19-11,218.0,990.0,1.0,12
4290,M-19-12,202.0,990.0,1.0,12
4290,M-19-11,218.0,990.0,1.0,12
4291,M-19-12,202.0,990.0,1.0,12
4291,M-19-11,218.0,990.0,1.0,12
4292,M-19-12,202.0,990.0,1.0,12
4292,M-19-11,218.0,990.0,1.0,12
4293,M-19-12,202.0,990.0,1.0,12
4293,M-19-11,218.0,990.0,1.0,12
4294,M-19-12,202.0,990.0,1.0,12
4294,M-19-11,218.0,990.0,1.0,12
4295,M-19-12,202.0,990.0,1.0,12
4295,M-19-11,218.0,990.0,1.0,12
4296,M-19-12,202.0,990.0,1.0,12
4296,M-19-11,218.0,990.0,1.0,12
4297,M-19-12,202.0,990.0,1.0,12
4297,M-19-11,218.0,990.0,1.0,12
4298,M-19-12,202.0,990.0,1.0,12
4298,M-19-11,218.0,990.0,1.0,12
4299,M-19-11,218.0,990.0,1.0,12
4299,M-19-21,218.0,990.0,2.0,12
4300,M-19-11,218.0,990.0,1.0,12
4300,M-19-21,218.0,990.0,2.0,12
4301,M-19-11,218.0,990.0,1.0,4
4301,M-19-21,218.0,990.0,2.0,12
4301,M-17-23,236.0,990.0,2.0,9
4302,M-17-13,236.0,990.0,1.0,12
4302,M-17-23,236.0,990.0,2.0,12
4303,M-17-13,236.0,990.0,1.0,12
4303,M-17-23,236.0,990.0,2.0,12
4304,M-17-13,236.0,990.0,1.0,12
4304,M-17-23,236.0,990.0,2.0,12
4305,M-17-13,236.0,990.0,1.0,12
4305,M-17-23,236.0,990.0,2.0,12
4306,M-17-13,236.0,990.0,1.0,12
4306,M-17-23,236.0,990.0,2.0,5
4306,M-17-22,252.0,990.0,2.0,8
4307,M-17-13,236.0,990.0,1.0,12
4307,M-17-12,252.0,990.0,1.0,12
4308,M-17-13,236.0,990.0,1.0,12
4308,M-17-12,252.0,990.0,1.0,12
4309,M-17-13,236.0,990.0,1.0,12
4309,M-17-12,252.0,990.0,1.0,12
4310,M-17-13,236.0,990.0,1.0,12
4310,M-17-12,252.0,990.0,1.0,12
4311,M-17-13,236.0,990.0,1.0,12
4311,M-17-12,252.0,990.0,1.0,12
4312,M-17-13,236.0,990.0,1.0,12
4312,M-17-12,252.0,990.0,1.0,12
4313,M-17-13,236.0,990.0,1.0,12
4313,M-17-12,252.0,990.0,1.0,12
4314,M-17-13,236.0,990.0,1.0,12
4314,M-17-12,252.0,990.0,1.0,12
4315,M-17-13,236.0,990.0,1.0,12
4315,M-17-12,252.0,990.0,1.0,12
4316,M-17-13,236.0,990.0,1.0,12
4316,M-17-12,252.0,990.0,1.0,12
4317,M-17-13,236.0,990.0,1.0,12
4317,M-17-12,252.0,990.0,1.0,12
4318,M-17-13,236.0,990.0,1.0,12
4318,M-17-12,252.0,990.0,1.0,12
4319,M-17-13,236.0,990.0,1.0,12
4319,M-17-12,252.0,990.0,1.0,12
4320,M-17-13,236.0,990.0,1.0,12
4320,M-17-12,252.0,990.0,1.0,12
4321,M-17-13,236.0,990.0,1.0,12
4321,M-17-12,252.0,990.0,1.0,12
4322,M-17-13,236.0,990.0,1.0,12
4322,M-17-12,252.0,990.0,1.0,12
4323,M-17-13,236.0,990.0,1.0,12
4323,M-17-12,252.0,990.0,1.0,12
4324,M-17-13,236.0,990.0,1.0,12
4324,M-17-12,252.0,990.0,1.0,12
4325,M-17-13,236.0,990.0,1.0,12
4325,M-17-12,252.0,990.0,1.0,12
4326,M-17-13,236.0,990.0,1.0,12
4326,M-17-12,252.0,990.0,1.0,12
4327,M-17-13,236.0,990.0,1.0,12
4327,M-17-12,252.0,990.0,1.0,12
4328,M-17-13,236.0,990.0,1.0,12
4328,M-17-12,252.0,990.0,1.0,12
4329,M-17-13,236.0,990.0,1.0,12
4329,M-17-12,252.0,990.0,1.0,12
4330,M-17-13,236.0,990.0,1.0,12
4330,M-17-12,252.0,990.0,1.0,12
4331,M-17-13,236.0,990.0,1.0,12
4331,M-17-12,252.0,990.0,1.0,9
4331,M-17-22,252.0,990.0,2.0,4
4332,M-17-13,236.0,990.0,1.0,12
4332,M-17-22,252.0,990.0,2.0,12
4333,M-17-13,236.0,990.0,1.0,12
4333,M-17-22,252.0,990.0,2.0,12
4334,M-17-13,236.0,990.0,1.0,12
4334,M-17-22,252.0,990.0,2.0,12
4335,M-17-13,236.0,990.0,1.0,10
4335,M-17-22,252.0,990.0,2.0,12
4335,M-17-21,268.0,990.0,2.0,3
4336,M-17-11,268.0,990.0,1.0,12
4336,M-17-21,268.0,990.0,2.0,12
4337,M-17-11,268.0,990.0,1.0,12
4337,M-17-21,268.0,990.0,2.0,12
4338,M-17-11,268.0,990.0,1.0,12
4338,M-17-21,268.0,990.0,2.0,12
4339,M-17-11,268.0,990.0,1.0,12
4339,M-17-21,268.0,990.0,2.0,12
4340,M-17-11,268.0,990.0,1.0,12
4340,M-17-21,268.0,990.0,2.0,12
4341,M-17-11,268.0,990.0,1.0,12
4341,M-17-21,268.0,990.0,2.0,12
4342,M-17-11,268.0,990.0,1.0,12
4342,M-17-21,268.0,990.0,2.0,12
4343,M-15-13,286.0,990.0,1.0,12
4343,M-15-23,286.0,990.0,2.0,12
4344,M-15-13,286.0,990.0,1.0,12
4344,M-15-23,286.0,990.0,2.0,12
4345,M-15-13,286.0,990.0,1.0,12
4345,M-15-23,286.0,990.0,2.0,12
4346,M-15-13,286.0,990.0,1.0,12
4346,M-15-23,286.0,990.0,2.0,12
4347,M-15-13,286.0,990.0,1.0,12
4347,M-15-23,286.0,990.0,2.0,12
4348,M-15-13,286.0,990.0,1.0,12
4348,M-15-23,286.0,990.0,2.0,12
4349,M-15-13,286.0,990.0,1.0,12
4349,M-15-23,286.0,990.0,2.0,12
4350,M-15-13,286.0,990.0,1.0,12
4350,M-15-23,286.0,990.0,2.0,12
4351,M-15-13,286.0,990.0,1.0,8
4351,M-15-23,286.0,990.0,2.0,12
4351,M-15-22,302.0,990.0,2.0,5
4352,M-15-12,302.0,990.0,1.0,12
4352,M-15-22,302.0,990.0,2.0,12
4353,M-15-12,302.0,990.0,1.0,12
4353,M-15-22,302.0,990.0,2.0,12
4354,M-15-12,302.0,990.0,1.0,12
4354,M-15-22,302.0,990.0,2.0,12
4355,M-15-12,302.0,990.0,1.0,12
4355,M-15-22,302.0,990.0,2.0,12
4356,M-15-12,302.0,990.0,1.0,12
4356,M-15-22,302.0,990.0,2.0,12
4357,M-15-12,302.0,990.0,1.0,12
4357,M-15-22,302.0,990.0,2.0,12
4358,M-15-12,302.0,990.0,1.0,12
4358,M-15-22,302.0,990.0,2.0,12
4359,M-15-12,302.0,990.0,1.0,12
4359,M-15-22,302.0,990.0,2.0,12
4360,M-15-12,302.0,990.0,1.0,12
4360,M-15-22,302.0,990.0,2.0,12
4361,M-15-12,302.0,990.0,1.0,12
4361,M-15-22,302.0,990.0,2.0,12
4362,M-15-12,302.0,990.0,1.0,12
4362,M-15-22,302.0,990.0,2.0,12
4363,M-15-12,302.0,990.0,1.0,12
4363,M-15-22,302.0,990.0,2.0,12
4364,M-15-12,302.0,990.0,1.0,12
4364,M-15-22,302.0,990.0,2.0,12
4365,M-15-12,302.0,990.0,1.0,12
4365,M-15-22,302.0,990.0,2.0,12
4366,M-15-12,302.0,990.0,1.0,12
4366,M-15-22,302.0,990.0,2.0,12
4367,M-15-12,302.0,990.0,1.0,12
4367,M-15-22,302.0,990.0,2.0,12
4368,M-15-12,302.0,990.0,1.0,12
4368,M-15-22,302.0,990.0,2.0,12
4369,M-15-12,302.0,990.0,1.0,12
4369,M-15-22,302.0,990.0,2.0,12
4370,M-15-12,302.0,990.0,1.0,12
4370,M-15-22,302.0,990.0,2.0,12
4371,M-15-12,302.0,990.0,1.0,12
4371,M-15-22,302.0,990.0,2.0,12
4372,M-15-12,302.0,990.0,1.0,12
4372,M-15-22,302.0,990.0,2.0,12
4373,M-15-12,302.0,990.0,1.0,12
4373,M-15-22,302.0,990.0,2.0,12
4374,M-15-12,302.0,990.0,1.0,12
4374,M-15-22,302.0,990.0,2.0,12
4375,M-15-12,302.0,990.0,1.0,10
4375,M-15-22,302.0,990.0,2.0,4
4375,M-15-23,286.0,990.0,2.0,11
4376,M-15-11,318.0,990.0,1.0,12
4376,M-15-21,318.0,990.0,2.0,12
4377,M-15-11,318.0,990.0,1.0,12
4377,M-15-21,318.0,990.0,2.0,12
4378,M-15-11,318.0,990.0,1.0,12
4378,M-15-21,318.0,990.0,2.0,12
4379,M-15-11,318.0,990.0,1.0,12
4379,M-15-21,318.0,990.0,2.0,12
4380,M-15-11,318.0,990.0,1.0,12
4380,M-15-21,318.0,990.0,2.0,12
4381,M-15-11,318.0,990.0,1.0,12
4381,M-15-21,318.0,990.0,2.0,12
4382,M-15-11,318.0,990.0,1.0,12
4382,M-15-21,318.0,990.0,2.0,12
4383,M-15-11,318.0,990.0,1.0,12
4383,M-15-21,318.0,990.0,2.0,12
4384,M-15-11,318.0,990.0,1.0,12
4384,M-15-21,318.0,990.0,2.0,12
4385,M-15-11,318.0,990.0,1.0,12
4385,M-15-21,318.0,990.0,2.0,12
4386,M-15-11,318.0,990.0,1.0,12
4386,M-15-21,318.0,990.0,2.0,12
4387,M-15-11,318.0,990.0,1.0,12
4387,M-15-21,318.0,990.0,2.0,12
4388,M-15-11,318.0,990.0,1.0,12
4388,M-15-21,318.0,990.0,2.0,12
4389,M-15-11,318.0,990.0,1.0,12
4389,M-15-21,318.0,990.0,2.0,12
4390,M-15-11,318.0,990.0,1.0,12
4390,M-15-21,318.0,990.0,2.0,12
4391,M-15-11,318.0,990.0,1.0,12
4391,M-15-21,318.0,990.0,2.0,12
4392,M-15-11,318.0,990.0,1.0,12
4392,M-15-21,318.0,990.0,2.0,12
4393,M-15-11,318.0,990.0,1.0,12
4393,M-15-21,318.0,990.0,2.0,12
4394,M-15-11,318.0,990.0,1.0,12
4394,M-15-21,318.0,990.0,2.0,12
4395,M-15-11,318.0,990.0,1.0,12
4395,M-15-21,318.0,990.0,2.0,12
4396,M-15-11,318.0,990.0,1.0,8
4396,M-15-21,318.0,990.0,2.0,4
4396,M-13-23,336.0,990.0,2.0,12
4397,M-13-13,336.0,990.0,1.0,12
4397,M-13-23,336.0,990.0,2.0,12
4398,M-13-13,336.0,990.0,1.0,12
4398,M-13-23,336.0,990.0,2.0,12
4399,M-13-13,336.0,990.0,1.0,12
4399,M-13-23,336.0,990.0,2.0,12
4400,M-13-13,336.0,990.0,1.0,12
4400,M-13-23,336.0,990.0,2.0,12
4401,M-13-13,336.0,990.0,1.0,12
4401,M-13-23,336.0,990.0,2.0,12
4402,M-13-13,336.0,990.0,1.0,12
4402,M-13-23,336.0,990.0,2.0,12
4403,M-13-13,336.0,990.0,1.0,12
4403,M-13-23,336.0,990.0,2.0,12
4404,M-13-13,336.0,990.0,1.0,12
4404,M-13-23,336.0,990.0,2.0,12
4405,M-13-13,336.0,990.0,1.0,12
4405,M-13-23,336.0,990.0,2.0,12
4406,M-13-13,336.0,990.0,1.0,12
4406,M-13-23,336.0,990.0,2.0,12
4407,M-13-13,336.0,990.0,1.0,12
4407,M-13-23,336.0,990.0,2.0,12
4408,M-13-13,336.0,990.0,1.0,12
4408,M-13-23,336.0,990.0,2.0,12
4409,M-13-13,336.0,990.0,1.0,12
4409,M-13-23,336.0,990.0,2.0,12
4410,M-13-13,336.0,990.0,1.0,12
4410,M-13-23,336.0,990.0,2.0,12
4411,M-13-13,336.0,990.0,1.0,12
4411,M-13-23,336.0,990.0,2.0,12
4412,M-13-13,336.0,990.0,1.0,12
4412,M-13-23,336.0,990.0,2.0,12
4413,M-13-13,336.0,990.0,1.0,12
4413,M-13-23,336.0,990.0,2.0,7
4413,M-13-22,352.0,990.0,2.0,6
4414,M-13-13,336.0,990.0,1.0,12
4414,M-13-12,352.0,990.0,1.0,12
4415,M-13-13,336.0,990.0,1.0,12
4415,M-13-12,352.0,990.0,1.0,12
4416,M-13-13,336.0,990.0,1.0,12
4416,M-13-12,352.0,990.0,1.0,12
4417,M-13-13,336.0,990.0,1.0,12
4417,M-13-12,352.0,990.0,1.0,12
4418,M-13-13,336.0,990.0,1.0,12
4418,M-13-12,352.0,990.0,1.0,12
4419,M-13-13,336.0,990.0,1.0,12
4419,M-13-12,352.0,990.0,1.0,12
4420,M-13-13,336.0,990.0,1.0,12
4420,M-13-12,352.0,990.0,1.0,12
4421,M-13-13,336.0,990.0,1.0,12
4421,M-13-12,352.0,990.0,1.0,12
4422,M-13-13,336.0,990.0,1.0,1
4422,M-13-12,352.0,990.0,1.0,12
4422,M-13-22,352.0,990.0,2.0,12
4423,M-13-12,352.0,990.0,1.0,12
4423,M-13-22,352.0,990.0,2.0,12
4424,M-13-12,352.0,990.0,1.0,12
4424,M-13-22,352.0,990.0,2.0,12
4425,M-13-12,352.0,990.0,1.0,12
4425,M-13-22,352.0,990.0,2.0,12
4426,M-13-12,352.0,990.0,1.0,3
4426,M-13-22,352.0,990.0,2.0,12
4426,M-13-21,368.0,990.0,2.0,10
4427,M-13-11,368.0,990.0,1.0,12
4427,M-13-21,368.0,990.0,2.0,12
4428,M-13-11,368.0,990.0,1.0,12
4428,M-13-21,368.0,990.0,2.0,12
4429,M-13-11,368.0,990.0,1.0,12
4429,M-13-21,368.0,990.0,2.0,12
4430,M-13-11,368.0,990.0,1.0,12
4430,M-13-21,368.0,990.0,2.0,12
4431,M-13-11,368.0,990.0,1.0,12
4431,M-13-21,368.0,990.0,2.0,12
4432,M-13-11,368.0,990.0,1.0,12
4432,M-13-21,368.0,990.0,2.0,12
4433,M-13-11,368.0,990.0,1.0,12
4433,M-13-21,368.0,990.0,2.0,12
4434,M-13-11,368.0,990.0,1.0,12
4434,M-13-21,368.0,990.0,2.0,12
4435,M-13-11,368.0,990.0,1.0,12
4435,M-13-21,368.0,990.0,2.0,12
4436,M-13-11,368.0,990.0,1.0,12
4436,M-13-21,368.0,990.0,2.0,12
4437,M-13-11,368.0,990.0,1.0,12
4437,M-13-21,368.0,990.0,2.0,12
4438,M-13-11,368.0,990.0,1.0,12
4438,M-13-21,368.0,990.0,2.0,12
4439,M-13-11,368.0,990.0,1.0,12
4439,M-13-21,368.0,990.0,2.0,12
4440,M-13-11,368.0,990.0,1.0,12
4440,M-13-21,368.0,990.0,2.0,11
4440,M-13-22,352.0,990.0,2.0,2
4441,M-13-11,368.0,990.0,1.0,11
4441,M-13-22,352.0,990.0,2.0,12
4442,L-09-13,434.0,990.0,1.0,12
4442,L-09-23,434.0,990.0,2.0,12
4443,L-09-13,434.0,990.0,1.0,12
4443,L-09-23,434.0,990.0,2.0,12
4444,L-09-13,434.0,990.0,1.0,12
4444,L-09-23,434.0,990.0,2.0,12
4445,L-09-13,434.0,990.0,1.0,12
4445,L-09-23,434.0,990.0,2.0,12
4446,L-09-13,434.0,990.0,1.0,12
4446,L-09-23,434.0,990.0,2.0,12
4447,L-09-13,434.0,990.0,1.0,12
4447,L-09-23,434.0,990.0,2.0,12
4448,L-09-13,434.0,990.0,1.0,12
4448,L-09-23,434.0,990.0,2.0,3
4448,L-09-22,450.0,990.0,2.0,10
4449,L-09-13,434.0,990.0,1.0,12
4449,L-09-12,450.0,990.0,1.0,12
4450,L-09-13,434.0,990.0,1.0,12
4450,L-09-12,450.0,990.0,1.0,12
4451,L-09-13,434.0,990.0,1.0,12
4451,L-09-12,450.0,990.0,1.0,12
4452,L-09-12,450.0,990.0,1.0,12
4452,L-09-22,450.0,990.0,2.0,12
4453,L-09-12,450.0,990.0,1.0,12
4453,L-09-22,450.0,990.0,2.0,12
4454,L-09-12,450.0,990.0,1.0,12
4454,L-09-22,450.0,990.0,2.0,12
4455,L-09-12,450.0,990.0,1.0,12
4455,L-09-22,450.0,990.0,2.0,12
4456,L-09-12,450.0,990.0,1.0,12
4456,L-09-22,450.0,990.0,2.0,12
4457,L-09-12,450.0,990.0,1.0,12
4457,L-09-22,450.0,990.0,2.0,12
4458,L-09-12,450.0,990.0,1.0,12
4458,L-09-22,450.0,990.0,2.0,12
4459,L-09-12,450.0,990.0,1.0,9
4459,L-09-22,450.0,990.0,2.0,12
4459,L-09-21,466.0,990.0,2.0,4
4460,L-09-11,466.0,990.0,1.0,12
4460,L-09-21,466.0,990.0,2.0,12
4461,L-09-11,466.0,990.0,1.0,12
4461,L-09-21,466.0,990.0,2.0,12
4462,L-09-11,466.0,990.0,1.0,12
4462,L-09-21,466.0,990.0,2.0,12
4463,L-09-11,466.0,990.0,1.0,12
4463,L-09-21,466.0,990.0,2.0,12
4464,L-09-11,466.0,990.0,1.0,12
4464,L-09-21,466.0,990.0,2.0,12
4465,L-09-11,466.0,990.0,1.0,12
4465,L-09-21,466.0,990.0,2.0,12
4466,L-09-11,466.0,990.0,1.0,12
4466,L-09-21,466.0,990.0,2.0,8
4466,L-09-22,450.0,990.0,2.0,5
4467,L-09-11,466.0,990.0,1.0,5
4467,L-09-22,450.0,990.0,2.0,12
4467,L-07-23,484.0,990.0,2.0,8
4468,L-07-13,484.0,990.0,1.0,7
4468,L-07-23,484.0,990.0,2.0,12
4468,L-07-22,500.0,990.0,2.0,6
4469,L-07-12,500.0,990.0,1.0,12
4469,L-07-22,500.0,990.0,2.0,12
4470,L-07-12,500.0,990.0,1.0,12
4470,L-07-22,500.0,990.0,2.0,12
4471,L-07-12,500.0,990.0,1.0,12
4471,L-07-22,500.0,990.0,2.0,12
4472,L-07-12,500.0,990.0,1.0,12
4472,L-07-22,500.0,990.0,2.0,12
4473,L-07-12,500.0,990.0,1.0,12
4473,L-07-22,500.0,990.0,2.0,12
4474,L-07-12,500.0,990.0,1.0,12
4474,L-07-22,500.0,990.0,2.0,12
4475,L-07-12,500.0,990.0,1.0,12
4475,L-07-22,500.0,990.0,2.0,12
4476,L-07-12,500.0,990.0,1.0,12
4476,L-07-22,500.0,990.0,2.0,12
4477,L-07-12,500.0,990.0,1.0,12
4477,L-07-22,500.0,990.0,2.0,12
4478,L-07-12,500.0,990.0,1.0,12
4478,L-07-22,500.0,990.0,2.0,12
4479,L-07-12,500.0,990.0,1.0,1
4479,L-07-22,500.0,990.0,2.0,12
4479,L-07-23,484.0,990.0,2.0,12
4480,L-07-11,516.0,990.0,1.0,12
4480,L-07-21,516.0,990.0,2.0,12
4481,L-07-11,516.0,990.0,1.0,12
4481,L-07-21,516.0,990.0,2.0,12
4482,L-07-11,516.0,990.0,1.0,10
4482,L-07-21,516.0,990.0,2.0,12
4482,L-07-22,500.0,990.0,2.0,3
4483,L-05-13,534.0,990.0,1.0,12
4483,L-05-23,534.0,990.0,2.0,12
4484,L-05-13,534.0,990.0,1.0,12
4484,L-05-23,534.0,990.0,2.0,12
4485,L-05-13,534.0,990.0,1.0,12
4485,L-05-23,534.0,990.0,2.0,12
4486,L-05-13,534.0,990.0,1.0,12
4486,L-05-23,534.0,990.0,2.0,12
4487,L-05-13,534.0,990.0,1.0,12
4487,L-05-23,534.0,990.0,2.0,12
4488,L-05-13,534.0,990.0,1.0,12
4488,L-05-23,534.0,990.0,2.0,12
4489,L-05-13,534.0,990.0,1.0,12
4489,L-05-23,534.0,990.0,2.0,12
4490,L-05-13,534.0,990.0,1.0,4
4490,L-05-23,534.0,990.0,2.0,12
4490,L-05-22,550.0,990.0,2.0,9
4491,L-05-12,550.0,990.0,1.0,12
4491,L-05-22,550.0,990.0,2.0,12
4492,L-05-12,550.0,990.0,1.0,2
4492,L-05-22,550.0,990.0,2.0,12
4492,L-05-23,534.0,990.0,2.0,11
4493,L-05-11,566.0,990.0,1.0,12
4493,L-05-21,566.0,990.0,2.0,12
4494,L-05-11,566.0,990.0,1.0,4
4494,L-05-21,566.0,990.0,2.0,12
4494,L-05-22,550.0,990.0,2.0,9
4495,L-03-13,584.0,990.0,1.0,12
4495,L-03-23,584.0,990.0,2.0,12
4496,L-03-13,584.0,990.0,1.0,12
4496,L-03-23,584.0,990.0,2.0,12
4497,L-03-13,584.0,990.0,1.0,12
4497,L-03-23,584.0,990.0,2.0,12
4498,L-03-13,584.0,990.0,1.0,12
4498,L-03-23,584.0,990.0,2.0,12
4499,L-03-13,584.0,990.0,1.0,7
4499,L-03-23,584.0,990.0,2.0,12
4499,L-03-22,600.0,990.0,2.0,6
4500,L-03-12,600.0,990.0,1.0,10
4500,L-03-22,600.0,990.0,2.0,12
4500,L-03-23,584.0,990.0,2.0,3
4501,L-03-11,616.0,990.0,1.0,12
4501,L-03-21,616.0,990.0,2.0,12
4502,L-01-13,634.0,990.0,1.0,12
4502,L-01-23,634.0,990.0,2.0,12
4503,L-01-13,634.0,990.0,1.0,12
4503,L-01-23,634.0,990.0,2.0,12
4504,L-01-13,634.0,990.0,1.0,12
4504,L-01-23,634.0,990.0,2.0,12
4505,L-01-13,634.0,990.0,1.0,12
4505,L-01-23,634.0,990.0,2.0,12
4506,L-01-13,634.0,990.0,1.0,12
4506,L-01-23,634.0,990.0,2.0,12
4507,L-01-13,634.0,990.0,1.0,12
4507,L-01-23,634.0,990.0,2.0,12
4508,L-01-13,634.0,990.0,1.0,12
4508,L-01-23,634.0,990.0,2.0,12
4509,L-01-13,634.0,990.0,1.0,12
4509,L-01-23,634.0,990.0,2.0,12
4510,L-01-13,634.0,990.0,1.0,12
4510,L-01-23,634.0,990.0,2.0,7
4510,L-01-22,650.0,990.0,2.0,6
4511,L-01-13,634.0,990.0,1.0,12
4511,L-01-12,650.0,990.0,1.0,12
4512,L-01-13,634.0,990.0,1.0,12
4512,L-01-12,650.0,990.0,1.0,12
4513,L-01-13,634.0,990.0,1.0,12
4513,L-01-12,650.0,990.0,1.0,12
4514,L-01-13,634.0,990.0,1.0,12
4514,L-01-12,650.0,990.0,1.0,12
4515,L-01-13,634.0,990.0,1.0,12
4515,L-01-12,650.0,990.0,1.0,12
4516,L-01-13,634.0,990.0,1.0,12
4516,L-01-12,650.0,990.0,1.0,12
4517,L-01-13,634.0,990.0,1.0,3
4517,L-01-12,650.0,990.0,1.0,12
4517,L-01-22,650.0,990.0,2.0,10
4518,L-01-12,650.0,990.0,1.0,12
4518,L-01-22,650.0,990.0,2.0,12
4519,L-01-12,650.0,990.0,1.0,12
4519,L-01-22,650.0,990.0,2.0,12
4520,L-01-12,650.0,990.0,1.0,12
4520,L-01-22,650.0,990.0,2.0,12
4521,L-01-12,650.0,990.0,1.0,12
4521,L-01-22,650.0,990.0,2.0,12
4522,L-01-12,650.0,990.0,1.0,12
4522,L-01-22,650.0,990.0,2.0,12
4523,L-01-12,650.0,990.0,1.0,12
4523,L-01-22,650.0,990.0,2.0,12
4524,L-01-12,650.0,990.0,1.0,12
4524,L-01-22,650.0,990.0,2.0,12
4525,L-01-12,650.0,990.0,1.0,10
4525,L-01-22,650.0,990.0,2.0,12
4525,L-01-21,666.0,990.0,2.0,3
4526,L-01-11,666.0,990.0,1.0,12
4526,L-01-21,666.0,990.0,2.0,12
4527,L-01-11,666.0,990.0,1.0,12
4527,L-01-21,666.0,990.0,2.0,12
4528,L-01-11,666.0,990.0,1.0,12
4528,L-01-21,666.0,990.0,2.0,12
4529,L-01-11,666.0,990.0,1.0,12
4529,L-01-21,666.0,990.0,2.0,12
4530,L-01-11,666.0,990.0,1.0,12
4530,L-01-21,666.0,990.0,2.0,12
4531,L-01-11,666.0,990.0,1.0,12
4531,L-01-21,666.0,990.0,2.0,12
4532,L-01-11,666.0,990.0,1.0,12
4532,L-01-21,666.0,990.0,2.0,12
4533,L-01-11,666.0,990.0,1.0,12
4533,L-01-21,666.0,990.0,2.0,12
4534,L-01-11,666.0,990.0,1.0,12
4534,L-01-21,666.0,990.0,2.0,12
4535,L-01-11,666.0,990.0,1.0,8
4535,L-01-21,666.0,990.0,2.0,12
4535,L-01-22,650.0,990.0,2.0,5
4536,M-24-13,86.0,1048.0,1.0,12
4536,M-24-23,86.0,1048.0,2.0,12
4537,M-24-13,86.0,1048.0,1.0,12
4537,M-24-23,86.0,1048.0,2.0,12
4538,M-24-13,86.0,1048.0,1.0,12
4538,M-24-23,86.0,1048.0,2.0,12
4539,M-24-13,86.0,1048.0,1.0,1
4539,M-24-23,86.0,1048.0,2.0,12
4539,M-24-22,102.0,1048.0,2.0,12
4540,M-24-12,102.0,1048.0,1.0,12
4540,M-24-22,102.0,1048.0,2.0,12
4541,M-24-12,102.0,1048.0,1.0,12
4541,M-24-22,102.0,1048.0,2.0,12
4542,M-24-12,102.0,1048.0,1.0,12
4542,M-24-22,102.0,1048.0,2.0,12
4543,M-24-12,102.0,1048.0,1.0,12
4543,M-24-22,102.0,1048.0,2.0,12
4544,M-24-12,102.0,1048.0,1.0,12
4544,M-24-22,102.0,1048.0,2.0,12
4545,M-24-12,102.0,1048.0,1.0,12
4545,M-24-22,102.0,1048.0,2.0,12
4546,M-24-12,102.0,1048.0,1.0,12
4546,M-24-22,102.0,1048.0,2.0,12
4547,M-24-12,102.0,1048.0,1.0,12
4547,M-24-22,102.0,1048.0,2.0,12
4548,M-24-12,102.0,1048.0,1.0,12
4548,M-24-22,102.0,1048.0,2.0,12
4549,M-24-12,102.0,1048.0,1.0,12
4549,M-24-22,102.0,1048.0,2.0,12
4550,M-24-12,102.0,1048.0,1.0,12
4550,M-24-22,102.0,1048.0,2.0,12
4551,M-24-12,102.0,1048.0,1.0,12
4551,M-24-22,102.0,1048.0,2.0,12
4552,M-24-12,102.0,1048.0,1.0,12
4552,M-24-22,102.0,1048.0,2.0,6
4552,M-24-23,86.0,1048.0,2.0,7
4553,M-24-12,102.0,1048.0,1.0,12
4553,M-24-11,118.0,1048.0,1.0,12
4554,M-24-12,102.0,1048.0,1.0,12
4554,M-24-11,118.0,1048.0,1.0,12
4555,M-24-12,102.0,1048.0,1.0,12
4555,M-24-11,118.0,1048.0,1.0,12
4556,M-24-12,102.0,1048.0,1.0,12
4556,M-24-11,118.0,1048.0,1.0,12
4557,M-24-12,102.0,1048.0,1.0,12
4557,M-24-11,118.0,1048.0,1.0,12
4558,M-24-12,102.0,1048.0,1.0,11
4558,M-24-11,118.0,1048.0,1.0,12
4558,M-24-21,118.0,1048.0,2.0,2
4559,M-24-11,118.0,1048.0,1.0,12
4559,M-24-21,118.0,1048.0,2.0,12
4560,M-24-11,118.0,1048.0,1.0,12
4560,M-24-21,118.0,1048.0,2.0,12
4561,M-24-11,118.0,1048.0,1.0,12
4561,M-24-21,118.0,1048.0,2.0,12
4562,M-24-11,118.0,1048.0,1.0,12
4562,M-24-21,118.0,1048.0,2.0,12
4563,M-24-11,118.0,1048.0,1.0,12
4563,M-24-21,118.0,1048.0,2.0,12
4564,M-24-11,118.0,1048.0,1.0,12
4564,M-24-21,118.0,1048.0,2.0,12
4565,M-24-11,118.0,1048.0,1.0,12
4565,M-24-21,118.0,1048.0,2.0,12
4566,M-24-11,118.0,1048.0,1.0,12
4566,M-24-21,118.0,1048.0,2.0,12
4567,M-24-11,118.0,1048.0,1.0,12
4567,M-24-21,118.0,1048.0,2.0,12
4568,M-24-11,118.0,1048.0,1.0,12
4568,M-24-21,118.0,1048.0,2.0,3
4568,M-22-23,136.0,1048.0,2.0,10
4569,M-24-11,118.0,1048.0,1.0,12
4569,M-22-13,136.0,1048.0,1.0,12
4570,M-24-11,118.0,1048.0,1.0,12
4570,M-22-13,136.0,1048.0,1.0,12
4571,M-24-11,118.0,1048.0,1.0,12
4571,M-22-13,136.0,1048.0,1.0,12
4572,M-24-11,118.0,1048.0,1.0,12
4572,M-22-13,136.0,1048.0,1.0,12
4573,M-24-11,118.0,1048.0,1.0,12
4573,M-22-13,136.0,1048.0,1.0,12
4574,M-24-11,118.0,1048.0,1.0,6
4574,M-22-13,136.0,1048.0,1.0,12
4574,M-22-23,136.0,1048.0,2.0,7
4575,M-22-13,136.0,1048.0,1.0,12
4575,M-22-23,136.0,1048.0,2.0,12
4576,M-22-13,136.0,1048.0,1.0,12
4576,M-22-23,136.0,1048.0,2.0,12
4577,M-22-13,136.0,1048.0,1.0,12
4577,M-22-23,136.0,1048.0,2.0,12
4578,M-22-13,136.0,1048.0,1.0,12
4578,M-22-23,136.0,1048.0,2.0,12
4579,M-22-13,136.0,1048.0,1.0,12
4579,M-22-23,136.0,1048.0,2.0,12
4580,M-22-13,136.0,1048.0,1.0,12
4580,M-22-23,136.0,1048.0,2.0,2
4580,M-22-22,152.0,1048.0,2.0,11
4581,M-22-13,136.0,1048.0,1.0,12
4581,M-22-12,152.0,1048.0,1.0,12
4582,M-22-13,136.0,1048.0,1.0,12
4582,M-22-12,152.0,1048.0,1.0,12
4583,M-22-13,136.0,1048.0,1.0,4
4583,M-22-12,152.0,1048.0,1.0,12
4583,M-22-22,152.0,1048.0,2.0,9
4584,M-22-12,152.0,1048.0,1.0,12
4584,M-22-22,152.0,1048.0,2.0,12
4585,M-22-12,152.0,1048.0,1.0,12
4585,M-22-22,152.0,1048.0,2.0,12
4586,M-22-12,152.0,1048.0,1.0,12
4586,M-22-22,152.0,1048.0,2.0,12
4587,M-22-12,152.0,1048.0,1.0,12
4587,M-22-22,152.0,1048.0,2.0,12
4588,M-22-12,152.0,1048.0,1.0,12
4588,M-22-22,152.0,1048.0,2.0,2
4588,M-22-21,168.0,1048.0,2.0,11
4589,M-22-12,152.0,1048.0,1.0,10
4589,M-22-11,168.0,1048.0,1.0,12
4589,M-22-21,168.0,1048.0,2.0,3
4590,M-22-11,168.0,1048.0,1.0,12
4590,M-22-21,168.0,1048.0,2.0,12
4591,M-22-11,168.0,1048.0,1.0,12
4591,M-22-21,168.0,1048.0,2.0,12
4592,M-22-11,168.0,1048.0,1.0,12
4592,M-22-21,168.0,1048.0,2.0,12
4593,M-22-11,168.0,1048.0,1.0,12
4593,M-22-21,168.0,1048.0,2.0,12
4594,M-22-11,168.0,1048.0,1.0,12
4594,M-22-21,168.0,1048.0,2.0,10
4594,M-20-23,186.0,1048.0,2.0,3
4595,M-22-11,168.0,1048.0,1.0,12
4595,M-20-13,186.0,1048.0,1.0,12
4596,M-22-11,168.0,1048.0,1.0,2
4596,M-20-13,186.0,1048.0,1.0,12
4596,M-20-23,186.0,1048.0,2.0,11
4597,M-20-13,186.0,1048.0,1.0,12
4597,M-20-23,186.0,1048.0,2.0,12
4598,M-20-13,186.0,1048.0,1.0,12
4598,M-20-23,186.0,1048.0,2.0,12
4599,M-20-13,186.0,1048.0,1.0,6
4599,M-20-23,186.0,1048.0,2.0,12
4599,M-20-22,202.0,1048.0,2.0,7
4600,M-20-12,202.0,1048.0,1.0,12
4600,M-20-22,202.0,1048.0,2.0,12
4601,M-20-12,202.0,1048.0,1.0,12
4601,M-20-22,202.0,1048.0,2.0,12
4602,M-20-12,202.0,1048.0,1.0,12
4602,M-20-22,202.0,1048.0,2.0,12
4603,M-20-12,202.0,1048.0,1.0,12
4603,M-20-22,202.0,1048.0,2.0,12
4604,M-20-12,202.0,1048.0,1.0,12
4604,M-20-22,202.0,1048.0,2.0,12
4605,M-20-12,202.0,1048.0,1.0,12
4605,M-20-22,202.0,1048.0,2.0,12
4606,M-20-12,202.0,1048.0,1.0,12
4606,M-20-22,202.0,1048.0,2.0,12
4607,M-20-12,202.0,1048.0,1.0,12
4607,M-20-22,202.0,1048.0,2.0,12
4608,M-20-12,202.0,1048.0,1.0,12
4608,M-20-22,202.0,1048.0,2.0,12
4609,M-20-12,202.0,1048.0,1.0,12
4609,M-20-22,202.0,1048.0,2.0,12
4610,M-20-12,202.0,1048.0,1.0,12
4610,M-20-22,202.0,1048.0,2.0,12
4611,M-20-12,202.0,1048.0,1.0,12
4611,M-20-22,202.0,1048.0,2.0,12
4612,M-20-12,202.0,1048.0,1.0,12
4612,M-20-22,202.0,1048.0,2.0,12
4613,M-20-12,202.0,1048.0,1.0,12
4613,M-20-22,202.0,1048.0,2.0,12
4614,M-20-12,202.0,1048.0,1.0,12
4614,M-20-22,202.0,1048.0,2.0,12
4615,M-20-12,202.0,1048.0,1.0,12
4615,M-20-22,202.0,1048.0,2.0,12
4616,M-20-12,202.0,1048.0,1.0,12
4616,M-20-22,202.0,1048.0,2.0,12
4617,M-20-12,202.0,1048.0,1.0,12
4617,M-20-22,202.0,1048.0,2.0,12
4618,M-20-12,202.0,1048.0,1.0,12
4618,M-20-22,202.0,1048.0,2.0,12
4619,M-20-12,202.0,1048.0,1.0,12
4619,M-20-22,202.0,1048.0,2.0,12
4620,M-20-12,202.0,1048.0,1.0,12
4620,M-20-22,202.0,1048.0,2.0,12
4621,M-20-12,202.0,1048.0,1.0,12
4621,M-20-22,202.0,1048.0,2.0,12
4622,M-20-12,202.0,1048.0,1.0,12
4622,M-20-22,202.0,1048.0,2.0,5
4622,M-20-23,186.0,1048.0,2.0,8
4623,M-20-12,202.0,1048.0,1.0,12
4623,M-20-11,218.0,1048.0,1.0,12
4624,M-20-12,202.0,1048.0,1.0,12
4624,M-20-11,218.0,1048.0,1.0,12
4625,M-20-12,202.0,1048.0,1.0,12
4625,M-20-11,218.0,1048.0,1.0,12
4626,M-20-12,202.0,1048.0,1.0,6
4626,M-20-11,218.0,1048.0,1.0,12
4626,M-20-21,218.0,1048.0,2.0,7
4627,M-20-11,218.0,1048.0,1.0,12
4627,M-20-21,218.0,1048.0,2.0,12
4628,M-20-11,218.0,1048.0,1.0,12
4628,M-20-21,218.0,1048.0,2.0,12
4629,M-20-11,218.0,1048.0,1.0,12
4629,M-20-21,218.0,1048.0,2.0,12
4630,M-20-11,218.0,1048.0,1.0,12
4630,M-20-21,218.0,1048.0,2.0,12
4631,M-20-11,218.0,1048.0,1.0,12
4631,M-20-21,218.0,1048.0,2.0,12
4632,M-20-11,218.0,1048.0,1.0,12
4632,M-20-21,218.0,1048.0,2.0,12
4633,M-20-11,218.0,1048.0,1.0,12
4633,M-20-21,218.0,1048.0,2.0,12
4634,M-20-11,218.0,1048.0,1.0,12
4634,M-20-21,218.0,1048.0,2.0,12
4635,M-20-11,218.0,1048.0,1.0,12
4635,M-20-21,218.0,1048.0,2.0,12
4636,M-20-11,218.0,1048.0,1.0,12
4636,M-20-21,218.0,1048.0,2.0,12
4637,M-20-11,218.0,1048.0,1.0,12
4637,M-20-21,218.0,1048.0,2.0,12
4638,M-20-11,218.0,1048.0,1.0,12
4638,M-20-21,218.0,1048.0,2.0,12
4639,M-20-11,218.0,1048.0,1.0,12
4639,M-20-21,218.0,1048.0,2.0,12
4640,M-20-11,218.0,1048.0,1.0,12
4640,M-20-21,218.0,1048.0,2.0,12
4641,M-20-11,218.0,1048.0,1.0,12
4641,M-20-21,218.0,1048.0,2.0,12
4642,M-20-11,218.0,1048.0,1.0,12
4642,M-20-21,218.0,1048.0,2.0,12
4643,M-20-11,218.0,1048.0,1.0,12
4643,M-20-21,218.0,1048.0,2.0,12
4644,M-20-11,218.0,1048.0,1.0,12
4644,M-20-21,218.0,1048.0,2.0,12
4645,M-20-11,218.0,1048.0,1.0,12
4645,M-20-21,218.0,1048.0,2.0,12
4646,M-20-11,218.0,1048.0,1.0,12
4646,M-20-21,218.0,1048.0,2.0,11
4646,M-18-23,236.0,1048.0,2.0,2
4647,M-20-11,218.0,1048.0,1.0,12
4647,M-18-13,236.0,1048.0,1.0,12
4648,M-20-11,218.0,1048.0,1.0,12
4648,M-18-13,236.0,1048.0,1.0,12
4649,M-20-11,218.0,1048.0,1.0,12
4649,M-18-13,236.0,1048.0,1.0,12
4650,M-20-11,218.0,1048.0,1.0,12
4650,M-18-13,236.0,1048.0,1.0,12
4651,M-20-11,218.0,1048.0,1.0,12
4651,M-18-13,236.0,1048.0,1.0,12
4652,M-20-11,218.0,1048.0,1.0,3
4652,M-18-13,236.0,1048.0,1.0,12
4652,M-18-23,236.0,1048.0,2.0,10
4653,M-18-13,236.0,1048.0,1.0,12
4653,M-18-23,236.0,1048.0,2.0,12
4654,M-18-13,236.0,1048.0,1.0,12
4654,M-18-23,236.0,1048.0,2.0,12
4655,M-18-13,236.0,1048.0,1.0,12
4655,M-18-23,236.0,1048.0,2.0,12
4656,M-18-13,236.0,1048.0,1.0,12
4656,M-18-23,236.0,1048.0,2.0,12
4657,M-18-13,236.0,1048.0,1.0,12
4657,M-18-23,236.0,1048.0,2.0,12
4658,M-18-13,236.0,1048.0,1.0,12
4658,M-18-23,236.0,1048.0,2.0,12
4659,M-18-13,236.0,1048.0,1.0,12
4659,M-18-23,236.0,1048.0,2.0,12
4660,M-18-13,236.0,1048.0,1.0,12
4660,M-18-23,236.0,1048.0,2.0,12
4661,M-18-13,236.0,1048.0,1.0,12
4661,M-18-23,236.0,1048.0,2.0,7
4661,M-18-22,252.0,1048.0,2.0,6
4662,M-18-13,236.0,1048.0,1.0,12
4662,M-18-12,252.0,1048.0,1.0,12
4663,M-18-13,236.0,1048.0,1.0,12
4663,M-18-12,252.0,1048.0,1.0,12
4664,M-18-13,236.0,1048.0,1.0,12
4664,M-18-12,252.0,1048.0,1.0,12
4665,M-18-13,236.0,1048.0,1.0,12
4665,M-18-12,252.0,1048.0,1.0,12
4666,M-18-13,236.0,1048.0,1.0,12
4666,M-18-12,252.0,1048.0,1.0,12
4667,M-18-13,236.0,1048.0,1.0,12
4667,M-18-12,252.0,1048.0,1.0,12
4668,M-18-13,236.0,1048.0,1.0,12
4668,M-18-12,252.0,1048.0,1.0,12
4669,M-18-13,236.0,1048.0,1.0,11
4669,M-18-12,252.0,1048.0,1.0,12
4669,M-18-22,252.0,1048.0,2.0,2
4670,M-18-12,252.0,1048.0,1.0,12
4670,M-18-22,252.0,1048.0,2.0,12
4671,M-18-12,252.0,1048.0,1.0,5
4671,M-18-22,252.0,1048.0,2.0,12
4671,M-18-21,268.0,1048.0,2.0,8
4672,M-18-11,268.0,1048.0,1.0,12
4672,M-18-21,268.0,1048.0,2.0,12
4673,M-18-11,268.0,1048.0,1.0,12
4673,M-18-21,268.0,1048.0,2.0,2
4673,M-18-22,252.0,1048.0,2.0,2
4673,N-17-22,252.0,1080.0,2.0,9
4674,M-18-11,268.0,1048.0,1.0,12
4674,M-16-13,286.0,1048.0,1.0,12
4675,M-16-13,286.0,1048.0,1.0,5
4675,M-16-23,286.0,1048.0,2.0,12
4675,M-16-22,302.0,1048.0,2.0,8
4676,M-16-12,302.0,1048.0,1.0,12
4676,M-16-22,302.0,1048.0,2.0,12
4677,M-16-12,302.0,1048.0,1.0,12
4677,M-16-22,302.0,1048.0,2.0,12
4678,M-16-12,302.0,1048.0,1.0,12
4678,M-16-22,302.0,1048.0,2.0,12
4679,M-16-12,302.0,1048.0,1.0,12
4679,M-16-22,302.0,1048.0,2.0,12
4680,M-16-12,302.0,1048.0,1.0,12
4680,M-16-22,302.0,1048.0,2.0,12
4681,M-16-12,302.0,1048.0,1.0,12
4681,M-16-22,302.0,1048.0,2.0,12
4682,M-16-12,302.0,1048.0,1.0,12
4682,M-16-22,302.0,1048.0,2.0,12
4683,M-16-12,302.0,1048.0,1.0,12
4683,M-16-22,302.0,1048.0,2.0,12
4684,M-16-12,302.0,1048.0,1.0,12
4684,M-16-22,302.0,1048.0,2.0,12
4685,M-16-12,302.0,1048.0,1.0,12
4685,M-16-22,302.0,1048.0,2.0,12
4686,M-16-12,302.0,1048.0,1.0,12
4686,M-16-22,302.0,1048.0,2.0,12
4687,M-16-12,302.0,1048.0,1.0,12
4687,M-16-22,302.0,1048.0,2.0,12
4688,M-16-12,302.0,1048.0,1.0,12
4688,M-16-22,302.0,1048.0,2.0,10
4688,M-16-23,286.0,1048.0,2.0,3
4689,M-16-12,302.0,1048.0,1.0,12
4689,M-16-11,318.0,1048.0,1.0,12
4690,M-16-12,302.0,1048.0,1.0,12
4690,M-16-11,318.0,1048.0,1.0,12
4691,M-16-12,302.0,1048.0,1.0,12
4691,M-16-11,318.0,1048.0,1.0,12
4692,M-16-12,302.0,1048.0,1.0,12
4692,M-16-11,318.0,1048.0,1.0,12
4693,M-16-12,302.0,1048.0,1.0,12
4693,M-16-11,318.0,1048.0,1.0,12
4694,M-16-12,302.0,1048.0,1.0,4
4694,M-16-11,318.0,1048.0,1.0,12
4694,M-16-21,318.0,1048.0,2.0,9
4695,M-16-11,318.0,1048.0,1.0,12
4695,M-16-21,318.0,1048.0,2.0,12
4696,M-16-11,318.0,1048.0,1.0,12
4696,M-16-21,318.0,1048.0,2.0,12
4697,M-16-11,318.0,1048.0,1.0,12
4697,M-16-21,318.0,1048.0,2.0,12
4698,M-16-11,318.0,1048.0,1.0,12
4698,M-16-21,318.0,1048.0,2.0,12
4699,M-16-11,318.0,1048.0,1.0,12
4699,M-16-21,318.0,1048.0,2.0,12
4700,M-16-11,318.0,1048.0,1.0,12
4700,M-16-21,318.0,1048.0,2.0,12
4701,M-16-11,318.0,1048.0,1.0,12
4701,M-16-21,318.0,1048.0,2.0,12
4702,M-16-11,318.0,1048.0,1.0,12
4702,M-16-21,318.0,1048.0,2.0,12
4703,M-16-11,318.0,1048.0,1.0,12
4703,M-16-21,318.0,1048.0,2.0,12
4704,M-16-11,318.0,1048.0,1.0,2
4704,M-16-21,318.0,1048.0,2.0,5
4704,M-14-23,336.0,1048.0,2.0,12
4704,M-14-13,336.0,1048.0,1.0,6
4705,M-14-13,336.0,1048.0,1.0,12
4705,M-14-23,336.0,1048.0,2.0,12
4706,M-14-13,336.0,1048.0,1.0,12
4706,M-14-23,336.0,1048.0,2.0,12
4707,M-14-13,336.0,1048.0,1.0,12
4707,M-14-23,336.0,1048.0,2.0,12
4708,M-14-13,336.0,1048.0,1.0,12
4708,M-14-23,336.0,1048.0,2.0,12
4709,M-14-13,336.0,1048.0,1.0,12
4709,M-14-12,352.0,1048.0,1.0,12
4710,M-14-13,336.0,1048.0,1.0,12
4710,M-14-12,352.0,1048.0,1.0,12
4711,M-14-13,336.0,1048.0,1.0,12
4711,M-14-12,352.0,1048.0,1.0,12
4712,M-14-13,336.0,1048.0,1.0,12
4712,M-14-12,352.0,1048.0,1.0,12
4713,M-14-13,336.0,1048.0,1.0,12
4713,M-14-12,352.0,1048.0,1.0,12
4714,M-14-13,336.0,1048.0,1.0,12
4714,M-14-12,352.0,1048.0,1.0,10
4714,M-14-22,352.0,1048.0,2.0,3
4715,M-14-13,336.0,1048.0,1.0,12
4715,M-14-22,352.0,1048.0,2.0,12
4716,M-14-13,336.0,1048.0,1.0,12
4716,M-14-22,352.0,1048.0,2.0,12
4717,M-14-13,336.0,1048.0,1.0,8
4717,M-14-22,352.0,1048.0,2.0,12
4717,M-14-21,368.0,1048.0,2.0,5
4718,M-14-11,368.0,1048.0,1.0,12
4718,M-14-21,368.0,1048.0,2.0,12
4719,M-14-11,368.0,1048.0,1.0,12
4719,M-14-21,368.0,1048.0,2.0,12
4720,M-14-11,368.0,1048.0,1.0,12
4720,M-14-21,368.0,1048.0,2.0,12
4721,M-14-11,368.0,1048.0,1.0,12
4721,M-14-21,368.0,1048.0,2.0,12
4722,M-14-11,368.0,1048.0,1.0,6
4722,M-14-21,368.0,1048.0,2.0,12
4722,M-14-22,352.0,1048.0,2.0,7
4723,L-10-13,434.0,1048.0,1.0,12
4723,L-10-23,434.0,1048.0,2.0,12
4724,L-10-13,434.0,1048.0,1.0,12
4724,L-10-23,434.0,1048.0,2.0,12
4725,L-10-13,434.0,1048.0,1.0,12
4725,L-10-23,434.0,1048.0,2.0,12
4726,L-10-13,434.0,1048.0,1.0,12
4726,L-10-23,434.0,1048.0,2.0,12
4727,L-10-13,434.0,1048.0,1.0,12
4727,L-10-23,434.0,1048.0,2.0,12
4728,L-10-13,434.0,1048.0,1.0,12
4728,L-10-23,434.0,1048.0,2.0,12
4729,L-10-13,434.0,1048.0,1.0,12
4729,L-10-23,434.0,1048.0,2.0,12
4730,L-10-13,434.0,1048.0,1.0,12
4730,L-10-23,434.0,1048.0,2.0,12
4731,L-10-13,434.0,1048.0,1.0,12
4731,L-10-23,434.0,1048.0,2.0,12
4732,L-10-13,434.0,1048.0,1.0,12
4732,L-10-23,434.0,1048.0,2.0,12
4733,L-10-13,434.0,1048.0,1.0,2
4733,L-10-23,434.0,1048.0,2.0,12
4733,L-10-22,450.0,1048.0,2.0,11
4734,L-10-12,450.0,1048.0,1.0,12
4734,L-10-22,450.0,1048.0,2.0,12
4735,L-10-12,450.0,1048.0,1.0,12
4735,L-10-22,450.0,1048.0,2.0,12
4736,L-10-12,450.0,1048.0,1.0,12
4736,L-10-22,450.0,1048.0,2.0,12
4737,L-10-12,450.0,1048.0,1.0,12
4737,L-10-22,450.0,1048.0,2.0,12
4738,L-10-12,450.0,1048.0,1.0,12
4738,L-10-22,450.0,1048.0,2.0,12
4739,L-10-12,450.0,1048.0,1.0,12
4739,L-10-22,450.0,1048.0,2.0,12
4740,L-10-12,450.0,1048.0,1.0,12
4740,L-10-22,450.0,1048.0,2.0,12
4741,L-10-12,450.0,1048.0,1.0,12
4741,L-10-22,450.0,1048.0,2.0,12
4742,L-10-12,450.0,1048.0,1.0,10
4742,L-10-22,450.0,1048.0,2.0,7
4742,L-10-23,434.0,1048.0,2.0,8
4743,L-10-11,466.0,1048.0,1.0,12
4743,L-10-21,466.0,1048.0,2.0,12
4744,L-10-11,466.0,1048.0,1.0,12
4744,L-10-21,466.0,1048.0,2.0,12
4745,L-10-11,466.0,1048.0,1.0,12
4745,L-10-21,466.0,1048.0,2.0,12
4746,L-10-11,466.0,1048.0,1.0,12
4746,L-10-21,466.0,1048.0,2.0,12
4747,L-10-11,466.0,1048.0,1.0,12
4747,L-10-21,466.0,1048.0,2.0,12
4748,L-10-11,466.0,1048.0,1.0,12
4748,L-10-21,466.0,1048.0,2.0,12
4749,L-10-11,466.0,1048.0,1.0,12
4749,L-10-21,466.0,1048.0,2.0,12
4750,L-10-11,466.0,1048.0,1.0,12
4750,L-10-21,466.0,1048.0,2.0,12
4751,L-10-11,466.0,1048.0,1.0,12
4751,L-10-21,466.0,1048.0,2.0,12
4752,L-10-11,466.0,1048.0,1.0,12
4752,L-10-21,466.0,1048.0,2.0,12
4753,L-10-11,466.0,1048.0,1.0,3
4753,L-10-21,466.0,1048.0,2.0,12
4753,L-08-23,484.0,1048.0,2.0,10
4754,L-08-13,484.0,1048.0,1.0,12
4754,L-08-23,484.0,1048.0,2.0,12
4755,L-08-13,484.0,1048.0,1.0,12
4755,L-08-23,484.0,1048.0,2.0,12
4756,L-08-13,484.0,1048.0,1.0,12
4756,L-08-23,484.0,1048.0,2.0,12
4757,L-08-13,484.0,1048.0,1.0,12
4757,L-08-23,484.0,1048.0,2.0,12
4758,L-08-13,484.0,1048.0,1.0,12
4758,L-08-23,484.0,1048.0,2.0,12
4759,L-08-13,484.0,1048.0,1.0,12
4759,L-08-23,484.0,1048.0,2.0,12
4760,L-08-13,484.0,1048.0,1.0,12
4760,L-08-23,484.0,1048.0,2.0,12
4761,L-08-13,484.0,1048.0,1.0,12
4761,L-08-23,484.0,1048.0,2.0,12
4762,L-08-13,484.0,1048.0,1.0,12
4762,L-08-23,484.0,1048.0,2.0,12
4763,L-08-13,484.0,1048.0,1.0,12
4763,L-08-23,484.0,1048.0,2.0,12
4764,L-08-13,484.0,1048.0,1.0,5
4764,L-08-23,484.0,1048.0,2.0,12
4764,L-08-22,500.0,1048.0,2.0,8
4765,L-08-12,500.0,1048.0,1.0,12
4765,L-08-22,500.0,1048.0,2.0,12
4766,L-08-12,500.0,1048.0,1.0,12
4766,L-08-22,500.0,1048.0,2.0,12
4767,L-08-12,500.0,1048.0,1.0,12
4767,L-08-22,500.0,1048.0,2.0,12
4768,L-08-12,500.0,1048.0,1.0,12
4768,L-08-22,500.0,1048.0,2.0,12
4769,L-08-12,500.0,1048.0,1.0,12
4769,L-08-22,500.0,1048.0,2.0,12
4770,L-08-12,500.0,1048.0,1.0,12
4770,L-08-22,500.0,1048.0,2.0,12
4771,L-08-12,500.0,1048.0,1.0,12
4771,L-08-22,500.0,1048.0,2.0,12
4772,L-08-12,500.0,1048.0,1.0,12
4772,L-08-22,500.0,1048.0,2.0,12
4773,L-08-12,500.0,1048.0,1.0,12
4773,L-08-22,500.0,1048.0,2.0,12
4774,L-08-12,500.0,1048.0,1.0,12
4774,L-08-22,500.0,1048.0,2.0,12
4775,L-08-12,500.0,1048.0,1.0,12
4775,L-08-22,500.0,1048.0,2.0,6
4775,L-08-23,484.0,1048.0,2.0,7
4776,L-08-11,516.0,1048.0,1.0,12
4776,L-08-21,516.0,1048.0,2.0,12
4777,L-08-11,516.0,1048.0,1.0,12
4777,L-08-21,516.0,1048.0,2.0,12
4778,L-06-13,534.0,1048.0,1.0,12
4778,L-06-23,534.0,1048.0,2.0,12
4779,L-06-13,534.0,1048.0,1.0,12
4779,L-06-23,534.0,1048.0,2.0,12
4780,L-06-13,534.0,1048.0,1.0,12
4780,L-06-23,534.0,1048.0,2.0,12
4781,L-06-13,534.0,1048.0,1.0,12
4781,L-06-23,534.0,1048.0,2.0,12
4782,L-06-13,534.0,1048.0,1.0,12
4782,L-06-23,534.0,1048.0,2.0,12
4783,L-06-13,534.0,1048.0,1.0,4
4783,L-06-23,534.0,1048.0,2.0,12
4783,L-06-22,550.0,1048.0,2.0,9
4784,L-06-12,550.0,1048.0,1.0,12
4784,L-06-22,550.0,1048.0,2.0,12
4785,L-06-12,550.0,1048.0,1.0,12
4785,L-06-22,550.0,1048.0,2.0,12
4786,L-06-12,550.0,1048.0,1.0,12
4786,L-06-22,550.0,1048.0,2.0,12
4787,L-06-12,550.0,1048.0,1.0,12
4787,L-06-22,550.0,1048.0,2.0,12
4788,L-06-12,550.0,1048.0,1.0,12
4788,L-06-22,550.0,1048.0,2.0,12
4789,L-06-12,550.0,1048.0,1.0,12
4789,L-06-22,550.0,1048.0,2.0,12
4790,L-06-12,550.0,1048.0,1.0,12
4790,L-06-22,550.0,1048.0,2.0,12
4791,L-06-12,550.0,1048.0,1.0,12
4791,L-06-22,550.0,1048.0,2.0,12
4792,L-06-12,550.0,1048.0,1.0,12
4792,L-06-22,550.0,1048.0,2.0,12
4793,L-06-12,550.0,1048.0,1.0,12
4793,L-06-22,550.0,1048.0,2.0,12
4794,L-06-12,550.0,1048.0,1.0,7
4794,L-06-22,550.0,1048.0,2.0,12
4794,L-06-23,534.0,1048.0,2.0,6
4795,L-06-11,566.0,1048.0,1.0,12
4795,L-06-21,566.0,1048.0,2.0,12
4796,L-06-11,566.0,1048.0,1.0,12
4796,L-06-21,566.0,1048.0,2.0,12
4797,L-06-11,566.0,1048.0,1.0,12
4797,L-06-21,566.0,1048.0,2.0,12
4798,L-06-11,566.0,1048.0,1.0,12
4798,L-06-21,566.0,1048.0,2.0,12
4799,L-06-11,566.0,1048.0,1.0,12
4799,L-06-21,566.0,1048.0,2.0,12
4800,L-06-11,566.0,1048.0,1.0,12
4800,L-06-21,566.0,1048.0,2.0,12
4801,L-06-11,566.0,1048.0,1.0,12
4801,L-06-21,566.0,1048.0,2.0,12
4802,L-06-11,566.0,1048.0,1.0,12
4802,L-06-21,566.0,1048.0,2.0,12
4803,L-06-11,566.0,1048.0,1.0,12
4803,L-06-21,566.0,1048.0,2.0,12
4804,L-06-11,566.0,1048.0,1.0,12
4804,L-06-21,566.0,1048.0,2.0,12
4805,L-06-11,566.0,1048.0,1.0,12
4805,L-06-21,566.0,1048.0,2.0,12
4806,L-06-11,566.0,1048.0,1.0,12
4806,L-06-21,566.0,1048.0,2.0,12
4807,L-06-11,566.0,1048.0,1.0,12
4807,L-06-21,566.0,1048.0,2.0,12
4808,L-04-13,584.0,1048.0,1.0,12
4808,L-04-23,584.0,1048.0,2.0,12
4809,L-04-13,584.0,1048.0,1.0,12
4809,L-04-23,584.0,1048.0,2.0,12
4810,L-04-13,584.0,1048.0,1.0,12
4810,L-04-23,584.0,1048.0,2.0,12
4811,L-04-13,584.0,1048.0,1.0,12
4811,L-04-23,584.0,1048.0,2.0,12
4812,L-04-13,584.0,1048.0,1.0,12
4812,L-04-23,584.0,1048.0,2.0,12
4813,L-04-13,584.0,1048.0,1.0,12
4813,L-04-23,584.0,1048.0,2.0,12
4814,L-04-13,584.0,1048.0,1.0,12
4814,L-04-23,584.0,1048.0,2.0,12
4815,L-04-13,584.0,1048.0,1.0,12
4815,L-04-23,584.0,1048.0,2.0,12
4816,L-04-13,584.0,1048.0,1.0,12
4816,L-04-23,584.0,1048.0,2.0,12
4817,L-04-13,584.0,1048.0,1.0,12
4817,L-04-23,584.0,1048.0,2.0,12
4818,L-04-13,584.0,1048.0,1.0,12
4818,L-04-23,584.0,1048.0,2.0,12
4819,L-04-13,584.0,1048.0,1.0,5
4819,L-04-23,584.0,1048.0,2.0,12
4819,L-04-22,600.0,1048.0,2.0,8
4820,L-04-12,600.0,1048.0,1.0,12
4820,L-04-22,600.0,1048.0,2.0,12
4821,L-04-12,600.0,1048.0,1.0,12
4821,L-04-22,600.0,1048.0,2.0,12
4822,L-04-12,600.0,1048.0,1.0,12
4822,L-04-22,600.0,1048.0,2.0,12
4823,L-04-12,600.0,1048.0,1.0,12
4823,L-04-22,600.0,1048.0,2.0,12
4824,L-04-12,600.0,1048.0,1.0,12
4824,L-04-22,600.0,1048.0,2.0,12
4825,L-04-12,600.0,1048.0,1.0,12
4825,L-04-22,600.0,1048.0,2.0,12
4826,L-04-12,600.0,1048.0,1.0,12
4826,L-04-22,600.0,1048.0,2.0,12
4827,L-04-12,600.0,1048.0,1.0,12
4827,L-04-22,600.0,1048.0,2.0,12
4828,L-04-12,600.0,1048.0,1.0,12
4828,L-04-22,600.0,1048.0,2.0,12
4829,L-04-12,600.0,1048.0,1.0,12
4829,L-04-22,600.0,1048.0,2.0,12
4830,L-04-12,600.0,1048.0,1.0,12
4830,L-04-22,600.0,1048.0,2.0,12
4831,L-04-12,600.0,1048.0,1.0,12
4831,L-04-22,600.0,1048.0,2.0,2
4831,L-04-23,584.0,1048.0,2.0,11
4832,L-04-12,600.0,1048.0,1.0,6
4832,L-04-11,616.0,1048.0,1.0,12
4832,L-04-21,616.0,1048.0,2.0,7
4833,L-04-11,616.0,1048.0,1.0,12
4833,L-04-21,616.0,1048.0,2.0,12
4834,L-04-11,616.0,1048.0,1.0,12
4834,L-04-21,616.0,1048.0,2.0,12
4835,L-04-11,616.0,1048.0,1.0,12
4835,L-04-21,616.0,1048.0,2.0,11
4835,L-02-23,634.0,1048.0,2.0,2
4836,L-04-11,616.0,1048.0,1.0,12
4836,L-02-13,634.0,1048.0,1.0,12
4837,L-04-11,616.0,1048.0,1.0,12
4837,L-02-13,634.0,1048.0,1.0,12
4838,L-04-11,616.0,1048.0,1.0,12
4838,L-02-13,634.0,1048.0,1.0,12
4839,L-04-11,616.0,1048.0,1.0,12
4839,L-02-13,634.0,1048.0,1.0,12
4840,L-04-11,616.0,1048.0,1.0,12
4840,L-02-13,634.0,1048.0,1.0,5
4840,L-02-23,634.0,1048.0,2.0,8
4841,L-04-11,616.0,1048.0,1.0,12
4841,L-02-23,634.0,1048.0,2.0,12
4842,L-04-11,616.0,1048.0,1.0,12
4842,L-02-23,634.0,1048.0,2.0,12
4843,L-04-11,616.0,1048.0,1.0,12
4843,L-02-23,634.0,1048.0,2.0,12
4844,L-04-11,616.0,1048.0,1.0,9
4844,L-02-23,634.0,1048.0,2.0,12
4844,L-02-22,650.0,1048.0,2.0,4
4845,L-02-12,650.0,1048.0,1.0,12
4845,L-02-22,650.0,1048.0,2.0,12
4846,L-02-12,650.0,1048.0,1.0,12
4846,L-02-22,650.0,1048.0,2.0,12
4847,L-02-12,650.0,1048.0,1.0,12
4847,L-02-22,650.0,1048.0,2.0,12
4848,L-02-12,650.0,1048.0,1.0,12
4848,L-02-22,650.0,1048.0,2.0,12
4849,L-02-12,650.0,1048.0,1.0,12
4849,L-02-22,650.0,1048.0,2.0,12
4850,L-02-12,650.0,1048.0,1.0,12
4850,L-02-22,650.0,1048.0,2.0,12
4851,L-02-12,650.0,1048.0,1.0,12
4851,L-02-22,650.0,1048.0,2.0,1
4851,L-02-23,634.0,1048.0,2.0,12
4852,L-02-12,650.0,1048.0,1.0,12
4852,L-02-11,666.0,1048.0,1.0,12
4853,L-02-12,650.0,1048.0,1.0,12
4853,L-02-11,666.0,1048.0,1.0,12
4854,L-02-12,650.0,1048.0,1.0,12
4854,L-02-11,666.0,1048.0,1.0,12
4855,L-02-12,650.0,1048.0,1.0,12
4855,L-02-11,666.0,1048.0,1.0,12
4856,L-02-12,650.0,1048.0,1.0,12
4856,L-02-11,666.0,1048.0,1.0,12
4857,L-02-12,650.0,1048.0,1.0,12
4857,L-02-11,666.0,1048.0,1.0,12
4858,L-02-12,650.0,1048.0,1.0,12
4858,L-02-11,666.0,1048.0,1.0,12
4859,L-02-12,650.0,1048.0,1.0,12
4859,L-02-11,666.0,1048.0,1.0,12
4860,L-02-12,650.0,1048.0,1.0,12
4860,L-02-11,666.0,1048.0,1.0,12
4861,L-02-12,650.0,1048.0,1.0,12
4861,L-02-11,666.0,1048.0,1.0,12
4862,L-02-12,650.0,1048.0,1.0,1
4862,L-02-11,666.0,1048.0,1.0,12
4862,L-02-21,666.0,1048.0,2.0,12
4863,L-02-11,666.0,1048.0,1.0,12
4863,L-02-21,666.0,1048.0,2.0,12
4864,L-02-11,666.0,1048.0,1.0,12
4864,L-02-21,666.0,1048.0,2.0,12
4865,L-02-11,666.0,1048.0,1.0,2
4865,L-02-21,666.0,1048.0,2.0,12
4865,L-02-23,634.0,1048.0,2.0,11
4866,N-23-13,86.0,1080.0,1.0,4
4866,N-23-23,86.0,1080.0,2.0,12
4866,N-23-22,102.0,1080.0,2.0,9
4867,N-23-12,102.0,1080.0,1.0,12
4867,N-23-22,102.0,1080.0,2.0,12
4868,N-23-12,102.0,1080.0,1.0,12
4868,N-23-22,102.0,1080.0,2.0,12
4869,N-23-12,102.0,1080.0,1.0,12
4869,N-23-22,102.0,1080.0,2.0,12
4870,N-23-12,102.0,1080.0,1.0,6
4870,N-23-22,102.0,1080.0,2.0,3
4870,N-23-23,86.0,1080.0,2.0,12
4870,M-24-23,86.0,1048.0,2.0,4
4871,N-23-11,118.0,1080.0,1.0,12
4871,N-23-21,118.0,1080.0,2.0,12
4872,N-23-11,118.0,1080.0,1.0,12
4872,N-23-21,118.0,1080.0,2.0,12
4873,N-23-11,118.0,1080.0,1.0,12
4873,N-23-21,118.0,1080.0,2.0,12
4874,N-23-11,118.0,1080.0,1.0,10
4874,N-23-21,118.0,1080.0,2.0,5
4874,N-21-23,136.0,1080.0,2.0,10
4875,N-21-13,136.0,1080.0,1.0,12
4875,N-21-23,136.0,1080.0,2.0,12
4876,N-21-13,136.0,1080.0,1.0,12
4876,N-21-23,136.0,1080.0,2.0,12
4877,N-21-13,136.0,1080.0,1.0,12
4877,N-21-23,136.0,1080.0,2.0,3
4877,N-21-22,152.0,1080.0,2.0,10
4878,N-21-13,136.0,1080.0,1.0,12
4878,N-21-12,152.0,1080.0,1.0,12
4879,N-21-12,152.0,1080.0,1.0,12
4879,N-21-22,152.0,1080.0,2.0,1
4879,N-21-21,168.0,1080.0,2.0,12
4880,N-21-12,152.0,1080.0,1.0,12
4880,N-21-11,168.0,1080.0,1.0,12
4881,N-21-12,152.0,1080.0,1.0,11
4881,N-21-11,168.0,1080.0,1.0,12
4881,N-21-21,168.0,1080.0,2.0,2
4882,N-21-11,168.0,1080.0,1.0,12
4882,N-21-21,168.0,1080.0,2.0,12
4883,N-21-11,168.0,1080.0,1.0,12
4883,N-21-21,168.0,1080.0,2.0,12
4884,N-21-11,168.0,1080.0,1.0,12
4884,N-21-21,168.0,1080.0,2.0,12
4885,N-21-11,168.0,1080.0,1.0,12
4885,N-21-21,168.0,1080.0,2.0,12
4886,N-21-11,168.0,1080.0,1.0,12
4886,N-21-21,168.0,1080.0,2.0,12
4887,N-21-11,168.0,1080.0,1.0,12
4887,N-21-21,168.0,1080.0,2.0,12
4888,N-21-11,168.0,1080.0,1.0,6
4888,N-21-21,168.0,1080.0,2.0,12
4888,N-19-23,186.0,1080.0,2.0,7
4889,N-19-13,186.0,1080.0,1.0,3
4889,N-19-23,186.0,1080.0,2.0,12
4889,N-19-22,202.0,1080.0,2.0,10
4890,N-19-12,202.0,1080.0,1.0,12
4890,N-19-22,202.0,1080.0,2.0,12
4891,N-19-12,202.0,1080.0,1.0,12
4891,N-19-22,202.0,1080.0,2.0,12
4892,N-19-12,202.0,1080.0,1.0,12
4892,N-19-22,202.0,1080.0,2.0,12
4893,N-19-12,202.0,1080.0,1.0,12
4893,N-19-22,202.0,1080.0,2.0,12
4894,N-19-12,202.0,1080.0,1.0,12
4894,N-19-22,202.0,1080.0,2.0,12
4895,N-19-12,202.0,1080.0,1.0,12
4895,N-19-22,202.0,1080.0,2.0,12
4896,N-19-12,202.0,1080.0,1.0,12
4896,N-19-22,202.0,1080.0,2.0,12
4897,N-19-12,202.0,1080.0,1.0,12
4897,N-19-22,202.0,1080.0,2.0,12
4898,N-19-12,202.0,1080.0,1.0,12
4898,N-19-22,202.0,1080.0,2.0,3
4898,N-19-23,186.0,1080.0,2.0,10
4899,N-19-12,202.0,1080.0,1.0,2
4899,N-19-11,218.0,1080.0,1.0,12
4899,N-19-21,218.0,1080.0,2.0,11
4900,N-19-11,218.0,1080.0,1.0,12
4900,N-19-21,218.0,1080.0,2.0,12
4901,N-19-11,218.0,1080.0,1.0,12
4901,N-19-21,218.0,1080.0,2.0,12
4902,N-19-11,218.0,1080.0,1.0,12
4902,N-19-21,218.0,1080.0,2.0,12
4903,N-19-11,218.0,1080.0,1.0,12
4903,N-19-21,218.0,1080.0,2.0,12
4904,N-19-11,218.0,1080.0,1.0,12
4904,N-19-21,218.0,1080.0,2.0,12
4905,N-19-11,218.0,1080.0,1.0,12
4905,N-19-21,218.0,1080.0,2.0,1
4905,N-17-23,236.0,1080.0,2.0,12
4906,N-19-11,218.0,1080.0,1.0,12
4906,N-17-13,236.0,1080.0,1.0,12
4907,N-19-11,218.0,1080.0,1.0,12
4907,N-17-13,236.0,1080.0,1.0,12
4908,N-19-11,218.0,1080.0,1.0,12
4908,N-17-13,236.0,1080.0,1.0,12
4909,N-19-11,218.0,1080.0,1.0,12
4909,N-17-13,236.0,1080.0,1.0,12
4910,N-19-11,218.0,1080.0,1.0,7
4910,N-17-13,236.0,1080.0,1.0,12
4910,N-17-23,236.0,1080.0,2.0,6
4911,N-17-13,236.0,1080.0,1.0,12
4911,N-17-23,236.0,1080.0,2.0,12
4912,N-17-13,236.0,1080.0,1.0,12
4912,N-17-23,236.0,1080.0,2.0,12
4913,N-17-13,236.0,1080.0,1.0,12
4913,N-17-23,236.0,1080.0,2.0,12
4914,N-17-13,236.0,1080.0,1.0,12
4914,N-17-23,236.0,1080.0,2.0,12
4915,N-17-13,236.0,1080.0,1.0,10
4915,N-17-23,236.0,1080.0,2.0,12
4915,N-17-22,252.0,1080.0,2.0,3
4916,N-17-12,252.0,1080.0,1.0,12
4916,N-17-22,252.0,1080.0,2.0,12
4917,N-17-12,252.0,1080.0,1.0,12
4917,N-17-22,252.0,1080.0,2.0,12
4918,N-17-12,252.0,1080.0,1.0,12
4918,N-17-22,252.0,1080.0,2.0,12
4919,N-17-12,252.0,1080.0,1.0,12
4919,N-17-22,252.0,1080.0,2.0,12
4920,N-17-12,252.0,1080.0,1.0,12
4920,N-17-22,252.0,1080.0,2.0,12
4921,N-17-12,252.0,1080.0,1.0,12
4921,N-17-22,252.0,1080.0,2.0,12
4922,N-17-12,252.0,1080.0,1.0,12
4922,N-17-22,252.0,1080.0,2.0,12
4923,N-17-12,252.0,1080.0,1.0,12
4923,N-17-22,252.0,1080.0,2.0,12
4924,N-17-12,252.0,1080.0,1.0,12
4924,N-17-22,252.0,1080.0,2.0,4
4924,N-17-23,236.0,1080.0,2.0,9
4925,N-17-12,252.0,1080.0,1.0,12
4925,N-17-11,268.0,1080.0,1.0,12
4926,N-17-12,252.0,1080.0,1.0,12
4926,N-17-11,268.0,1080.0,1.0,12
4927,N-17-12,252.0,1080.0,1.0,12
4927,N-17-11,268.0,1080.0,1.0,12
4928,N-17-12,252.0,1080.0,1.0,12
4928,N-17-11,268.0,1080.0,1.0,12
4929,N-17-12,252.0,1080.0,1.0,8
4929,N-17-11,268.0,1080.0,1.0,12
4929,N-17-21,268.0,1080.0,2.0,5
4930,N-17-11,268.0,1080.0,1.0,12
4930,N-17-21,268.0,1080.0,2.0,12
4931,N-17-11,268.0,1080.0,1.0,12
4931,N-17-21,268.0,1080.0,2.0,12
4932,N-17-11,268.0,1080.0,1.0,12
4932,N-17-21,268.0,1080.0,2.0,12
4933,N-17-11,268.0,1080.0,1.0,12
4933,N-17-21,268.0,1080.0,2.0,12
4934,N-17-11,268.0,1080.0,1.0,3
4934,N-17-21,268.0,1080.0,2.0,12
4934,N-15-23,286.0,1080.0,2.0,10
4935,N-15-13,286.0,1080.0,1.0,12
4935,N-15-23,286.0,1080.0,2.0,12
4936,N-15-13,286.0,1080.0,1.0,12
4936,N-15-23,286.0,1080.0,2.0,12
4937,N-15-13,286.0,1080.0,1.0,12
4937,N-15-23,286.0,1080.0,2.0,12
4938,N-15-13,286.0,1080.0,1.0,12
4938,N-15-23,286.0,1080.0,2.0,12
4939,N-15-13,286.0,1080.0,1.0,12
4939,N-15-23,286.0,1080.0,2.0,12
4940,N-15-12,302.0,1080.0,1.0,12
4940,N-15-22,302.0,1080.0,2.0,12
4941,N-15-12,302.0,1080.0,1.0,12
4941,N-15-22,302.0,1080.0,2.0,12
4942,N-15-12,302.0,1080.0,1.0,12
4942,N-15-22,302.0,1080.0,2.0,12
4943,N-15-12,302.0,1080.0,1.0,12
4943,N-15-22,302.0,1080.0,2.0,12
4944,N-15-12,302.0,1080.0,1.0,12
4944,N-15-22,302.0,1080.0,2.0,12
4945,N-15-12,302.0,1080.0,1.0,12
4945,N-15-22,302.0,1080.0,2.0,12
4946,N-15-12,302.0,1080.0,1.0,12
4946,N-15-22,302.0,1080.0,2.0,12
4947,N-15-12,302.0,1080.0,1.0,12
4947,N-15-22,302.0,1080.0,2.0,12
4948,N-15-12,302.0,1080.0,1.0,5
4948,N-15-22,302.0,1080.0,2.0,9
4948,N-15-23,286.0,1080.0,2.0,11
4949,N-15-11,318.0,1080.0,1.0,12
4949,N-15-21,318.0,1080.0,2.0,12
4950,N-15-11,318.0,1080.0,1.0,12
4950,N-15-21,318.0,1080.0,2.0,12
4951,N-15-11,318.0,1080.0,1.0,12
4951,N-15-21,318.0,1080.0,2.0,12
4952,N-15-11,318.0,1080.0,1.0,12
4952,N-15-21,318.0,1080.0,2.0,12
4953,N-15-11,318.0,1080.0,1.0,12
4953,N-15-21,318.0,1080.0,2.0,12
4954,N-15-11,318.0,1080.0,1.0,12
4954,N-15-21,318.0,1080.0,2.0,12
4955,N-15-11,318.0,1080.0,1.0,12
4955,N-15-21,318.0,1080.0,2.0,12
4956,N-15-11,318.0,1080.0,1.0,12
4956,N-15-21,318.0,1080.0,2.0,12
4957,N-15-11,318.0,1080.0,1.0,12
4957,N-15-21,318.0,1080.0,2.0,12
4958,N-15-11,318.0,1080.0,1.0,12
4958,N-15-21,318.0,1080.0,2.0,12
4959,N-15-11,318.0,1080.0,1.0,12
4959,N-15-21,318.0,1080.0,2.0,7
4959,N-13-23,336.0,1080.0,2.0,6
4960,N-15-11,318.0,1080.0,1.0,12
4960,N-13-13,336.0,1080.0,1.0,12
4961,N-15-11,318.0,1080.0,1.0,2
4961,N-13-13,336.0,1080.0,1.0,12
4961,N-13-23,336.0,1080.0,2.0,11
4962,N-13-13,336.0,1080.0,1.0,12
4962,N-13-23,336.0,1080.0,2.0,12
4963,N-13-13,336.0,1080.0,1.0,12
4963,N-13-23,336.0,1080.0,2.0,12
4964,N-13-13,336.0,1080.0,1.0,12
4964,N-13-23,336.0,1080.0,2.0,12
4965,N-13-13,336.0,1080.0,1.0,12
4965,N-13-23,336.0,1080.0,2.0,12
4966,N-13-13,336.0,1080.0,1.0,12
4966,N-13-23,336.0,1080.0,2.0,12
4967,N-13-13,336.0,1080.0,1.0,12
4967,N-13-23,336.0,1080.0,2.0,12
4968,N-13-13,336.0,1080.0,1.0,12
4968,N-13-23,336.0,1080.0,2.0,12
4969,N-13-13,336.0,1080.0,1.0,12
4969,N-13-23,336.0,1080.0,2.0,6
4969,N-13-22,352.0,1080.0,2.0,7
4970,N-13-13,336.0,1080.0,1.0,12
4970,N-13-12,352.0,1080.0,1.0,12
4971,N-13-13,336.0,1080.0,1.0,12
4971,N-13-12,352.0,1080.0,1.0,12
4972,N-13-13,336.0,1080.0,1.0,12
4972,N-13-12,352.0,1080.0,1.0,12
4973,N-13-13,336.0,1080.0,1.0,12
4973,N-13-12,352.0,1080.0,1.0,12
4974,N-13-13,336.0,1080.0,1.0,3
4974,N-13-12,352.0,1080.0,1.0,12
4974,N-13-22,352.0,1080.0,2.0,10
4975,N-13-12,352.0,1080.0,1.0,12
4975,N-13-22,352.0,1080.0,2.0,12
4976,N-13-12,352.0,1080.0,1.0,12
4976,N-13-22,352.0,1080.0,2.0,12
4977,N-13-12,352.0,1080.0,1.0,12
4977,N-13-22,352.0,1080.0,2.0,12
4978,N-13-12,352.0,1080.0,1.0,7
4978,N-13-22,352.0,1080.0,2.0,12
4978,N-13-21,368.0,1080.0,2.0,6
4979,N-13-11,368.0,1080.0,1.0,12
4979,N-13-21,368.0,1080.0,2.0,12
4980,N-13-11,368.0,1080.0,1.0,12
4980,N-13-21,368.0,1080.0,2.0,12
4981,N-13-11,368.0,1080.0,1.0,12
4981,N-13-21,368.0,1080.0,2.0,12
4982,N-13-11,368.0,1080.0,1.0,12
4982,N-13-21,368.0,1080.0,2.0,12
4983,N-13-11,368.0,1080.0,1.0,12
4983,N-13-21,368.0,1080.0,2.0,12
4984,N-13-11,368.0,1080.0,1.0,12
4984,N-13-21,368.0,1080.0,2.0,12
4985,N-13-11,368.0,1080.0,1.0,12
4985,N-13-21,368.0,1080.0,2.0,12
4986,N-13-11,368.0,1080.0,1.0,12
4986,N-13-21,368.0,1080.0,2.0,12
4987,N-13-11,368.0,1080.0,1.0,12
4987,N-13-21,368.0,1080.0,2.0,12
4988,N-13-11,368.0,1080.0,1.0,12
4988,N-13-21,368.0,1080.0,2.0,12
4989,N-13-11,368.0,1080.0,1.0,12
4989,N-13-21,368.0,1080.0,2.0,12
4990,N-13-11,368.0,1080.0,1.0,12
4990,N-13-21,368.0,1080.0,2.0,12
4991,N-13-11,368.0,1080.0,1.0,12
4991,N-13-21,368.0,1080.0,2.0,12
4992,N-13-11,368.0,1080.0,1.0,12
4992,N-13-21,368.0,1080.0,2.0,12
4993,N-13-11,368.0,1080.0,1.0,12
4993,N-13-21,368.0,1080.0,2.0,12
4994,N-13-11,368.0,1080.0,1.0,1
4994,N-13-21,368.0,1080.0,2.0,4
4994,N-13-22,352.0,1080.0,2.0,12
4994,M-14-22,352.0,1048.0,2.0,4
4994,M-14-21,368.0,1048.0,2.0,4
4995,M-09-13,434.0,1080.0,1.0,12
4995,M-09-23,434.0,1080.0,2.0,12
4996,M-09-13,434.0,1080.0,1.0,12
4996,M-09-23,434.0,1080.0,2.0,12
4997,M-09-13,434.0,1080.0,1.0,12
4997,M-09-23,434.0,1080.0,2.0,12
4998,M-09-13,434.0,1080.0,1.0,12
4998,M-09-23,434.0,1080.0,2.0,12
4999,M-09-13,434.0,1080.0,1.0,12
4999,M-09-23,434.0,1080.0,2.0,12
5000,M-09-13,434.0,1080.0,1.0,12
5000,M-09-23,434.0,1080.0,2.0,12
5001,M-09-13,434.0,1080.0,1.0,12
5001,M-09-23,434.0,1080.0,2.0,12
5002,M-09-13,434.0,1080.0,1.0,12
5002,M-09-23,434.0,1080.0,2.0,12
5003,M-09-13,434.0,1080.0,1.0,12
5003,M-09-23,434.0,1080.0,2.0,12
5004,M-09-13,434.0,1080.0,1.0,12
5004,M-09-23,434.0,1080.0,2.0,12
5005,M-09-13,434.0,1080.0,1.0,9
5005,M-09-23,434.0,1080.0,2.0,12
5005,M-09-22,450.0,1080.0,2.0,4
5006,M-09-12,450.0,1080.0,1.0,12
5006,M-09-22,450.0,1080.0,2.0,12
5007,M-09-12,450.0,1080.0,1.0,12
5007,M-09-22,450.0,1080.0,2.0,12
5008,M-09-12,450.0,1080.0,1.0,12
5008,M-09-22,450.0,1080.0,2.0,12
5009,M-09-12,450.0,1080.0,1.0,12
5009,M-09-22,450.0,1080.0,2.0,12
5010,M-09-12,450.0,1080.0,1.0,12
5010,M-09-22,450.0,1080.0,2.0,12
5011,M-09-12,450.0,1080.0,1.0,12
5011,M-09-22,450.0,1080.0,2.0,12
5012,M-09-12,450.0,1080.0,1.0,12
5012,M-09-22,450.0,1080.0,2.0,12
5013,M-09-12,450.0,1080.0,1.0,12
5013,M-09-22,450.0,1080.0,2.0,12
5014,M-09-12,450.0,1080.0,1.0,12
5014,M-09-22,450.0,1080.0,2.0,12
5015,M-09-12,450.0,1080.0,1.0,12
5015,M-09-22,450.0,1080.0,2.0,10
5015,M-09-23,434.0,1080.0,2.0,3
5016,M-09-12,450.0,1080.0,1.0,12
5016,M-09-11,466.0,1080.0,1.0,12
5017,M-09-12,450.0,1080.0,1.0,12
5017,M-09-11,466.0,1080.0,1.0,12
5018,M-09-12,450.0,1080.0,1.0,11
5018,M-09-11,466.0,1080.0,1.0,12
5018,M-09-21,466.0,1080.0,2.0,2
5019,M-09-11,466.0,1080.0,1.0,12
5019,M-09-21,466.0,1080.0,2.0,12
5020,M-09-11,466.0,1080.0,1.0,12
5020,M-09-21,466.0,1080.0,2.0,12
5021,M-09-11,466.0,1080.0,1.0,12
5021,M-09-21,466.0,1080.0,2.0,12
5022,M-09-11,466.0,1080.0,1.0,12
5022,M-09-21,466.0,1080.0,2.0,12
5023,M-09-11,466.0,1080.0,1.0,12
5023,M-09-21,466.0,1080.0,2.0,12
5024,M-09-11,466.0,1080.0,1.0,12
5024,M-09-21,466.0,1080.0,2.0,12
5025,M-09-11,466.0,1080.0,1.0,12
5025,M-09-21,466.0,1080.0,2.0,12
5026,M-09-11,466.0,1080.0,1.0,12
5026,M-09-21,466.0,1080.0,2.0,12
5027,M-09-11,466.0,1080.0,1.0,12
5027,M-09-21,466.0,1080.0,2.0,12
5028,M-09-11,466.0,1080.0,1.0,12
5028,M-09-21,466.0,1080.0,2.0,12
5029,M-09-11,466.0,1080.0,1.0,12
5029,M-09-21,466.0,1080.0,2.0,10
5029,M-07-23,484.0,1080.0,2.0,3
5030,M-09-11,466.0,1080.0,1.0,11
5030,M-07-13,484.0,1080.0,1.0,12
5030,M-07-23,484.0,1080.0,2.0,2
5031,M-07-13,484.0,1080.0,1.0,12
5031,M-07-23,484.0,1080.0,2.0,12
5032,M-07-13,484.0,1080.0,1.0,12
5032,M-07-23,484.0,1080.0,2.0,12
5033,M-07-13,484.0,1080.0,1.0,12
5033,M-07-23,484.0,1080.0,2.0,12
5034,M-07-13,484.0,1080.0,1.0,12
5034,M-07-23,484.0,1080.0,2.0,12
5035,M-07-13,484.0,1080.0,1.0,12
5035,M-07-23,484.0,1080.0,2.0,12
5036,M-07-13,484.0,1080.0,1.0,12
5036,M-07-23,484.0,1080.0,2.0,12
5037,M-07-13,484.0,1080.0,1.0,12
5037,M-07-23,484.0,1080.0,2.0,12
5038,M-07-13,484.0,1080.0,1.0,12
5038,M-07-23,484.0,1080.0,2.0,12
5039,M-07-13,484.0,1080.0,1.0,12
5039,M-07-23,484.0,1080.0,2.0,12
5040,M-07-13,484.0,1080.0,1.0,12
5040,M-07-23,484.0,1080.0,2.0,3
5040,M-07-22,500.0,1080.0,2.0,10
5041,M-07-13,484.0,1080.0,1.0,12
5041,M-07-12,500.0,1080.0,1.0,12
5042,M-07-13,484.0,1080.0,1.0,12
5042,M-07-12,500.0,1080.0,1.0,12
5043,M-07-13,484.0,1080.0,1.0,12
5043,M-07-12,500.0,1080.0,1.0,12
5044,M-07-13,484.0,1080.0,1.0,12
5044,M-07-12,500.0,1080.0,1.0,12
5045,M-07-13,484.0,1080.0,1.0,12
5045,M-07-12,500.0,1080.0,1.0,12
5046,M-07-13,484.0,1080.0,1.0,12
5046,M-07-12,500.0,1080.0,1.0,12
5047,M-07-13,484.0,1080.0,1.0,12
5047,M-07-12,500.0,1080.0,1.0,12
5048,M-07-13,484.0,1080.0,1.0,12
5048,M-07-12,500.0,1080.0,1.0,12
5049,M-07-13,484.0,1080.0,1.0,12
5049,M-07-12,500.0,1080.0,1.0,12
5050,M-07-13,484.0,1080.0,1.0,12
5050,M-07-12,500.0,1080.0,1.0,12
5051,M-07-13,484.0,1080.0,1.0,1
5051,M-07-12,500.0,1080.0,1.0,12
5051,M-07-22,500.0,1080.0,2.0,12
5052,M-07-12,500.0,1080.0,1.0,12
5052,M-07-22,500.0,1080.0,2.0,12
5053,M-07-12,500.0,1080.0,1.0,11
5053,M-07-22,500.0,1080.0,2.0,12
5053,M-07-21,516.0,1080.0,2.0,2
5054,M-07-11,516.0,1080.0,1.0,12
5054,M-07-21,516.0,1080.0,2.0,12
5055,M-07-11,516.0,1080.0,1.0,12
5055,M-07-21,516.0,1080.0,2.0,12
5056,M-07-11,516.0,1080.0,1.0,12
5056,M-07-21,516.0,1080.0,2.0,12
5057,M-07-11,516.0,1080.0,1.0,12
5057,M-07-21,516.0,1080.0,2.0,12
5058,M-07-11,516.0,1080.0,1.0,12
5058,M-07-21,516.0,1080.0,2.0,12
5059,M-07-11,516.0,1080.0,1.0,12
5059,M-07-21,516.0,1080.0,2.0,12
5060,M-07-11,516.0,1080.0,1.0,12
5060,M-07-21,516.0,1080.0,2.0,12
5061,M-07-11,516.0,1080.0,1.0,4
5061,M-07-21,516.0,1080.0,2.0,12
5061,M-07-22,500.0,1080.0,2.0,9
5062,M-05-13,534.0,1080.0,1.0,12
5062,M-05-23,534.0,1080.0,2.0,12
5063,M-05-13,534.0,1080.0,1.0,12
5063,M-05-23,534.0,1080.0,2.0,12
5064,M-05-12,550.0,1080.0,1.0,12
5064,M-05-22,550.0,1080.0,2.0,12
5065,M-05-12,550.0,1080.0,1.0,12
5065,M-05-22,550.0,1080.0,2.0,12
5066,M-05-12,550.0,1080.0,1.0,12
5066,M-05-22,550.0,1080.0,2.0,12
5067,M-05-12,550.0,1080.0,1.0,12
5067,M-05-22,550.0,1080.0,2.0,12
5068,M-05-12,550.0,1080.0,1.0,12
5068,M-05-22,550.0,1080.0,2.0,12
5069,M-05-12,550.0,1080.0,1.0,12
5069,M-05-22,550.0,1080.0,2.0,12
5070,M-05-12,550.0,1080.0,1.0,12
5070,M-05-22,550.0,1080.0,2.0,12
5071,M-05-12,550.0,1080.0,1.0,12
5071,M-05-22,550.0,1080.0,2.0,12
5072,M-05-12,550.0,1080.0,1.0,12
5072,M-05-22,550.0,1080.0,2.0,12
5073,M-05-12,550.0,1080.0,1.0,12
5073,M-05-22,550.0,1080.0,2.0,12
5074,M-05-12,550.0,1080.0,1.0,12
5074,M-05-22,550.0,1080.0,2.0,12
5075,M-05-12,550.0,1080.0,1.0,12
5075,M-05-22,550.0,1080.0,2.0,12
5076,M-05-12,550.0,1080.0,1.0,12
5076,M-05-22,550.0,1080.0,2.0,12
5077,M-05-12,550.0,1080.0,1.0,12
5077,M-05-22,550.0,1080.0,2.0,12
5078,M-05-12,550.0,1080.0,1.0,12
5078,M-05-22,550.0,1080.0,2.0,12
5079,M-05-12,550.0,1080.0,1.0,12
5079,M-05-22,550.0,1080.0,2.0,12
5080,M-05-12,550.0,1080.0,1.0,12
5080,M-05-22,550.0,1080.0,2.0,12
5081,M-05-12,550.0,1080.0,1.0,12
5081,M-05-22,550.0,1080.0,2.0,12
5082,M-05-12,550.0,1080.0,1.0,12
5082,M-05-22,550.0,1080.0,2.0,12
5083,M-05-12,550.0,1080.0,1.0,12
5083,M-05-22,550.0,1080.0,2.0,12
5084,M-05-12,550.0,1080.0,1.0,12
5084,M-05-22,550.0,1080.0,2.0,12
5085,M-05-12,550.0,1080.0,1.0,10
5085,M-05-22,550.0,1080.0,2.0,12
5085,M-05-23,534.0,1080.0,2.0,3
5086,M-05-11,566.0,1080.0,1.0,12
5086,M-05-21,566.0,1080.0,2.0,12
5087,M-05-11,566.0,1080.0,1.0,12
5087,M-05-21,566.0,1080.0,2.0,12
5088,M-05-11,566.0,1080.0,1.0,12
5088,M-05-21,566.0,1080.0,2.0,12
5089,M-05-11,566.0,1080.0,1.0,12
5089,M-05-21,566.0,1080.0,2.0,12
5090,M-05-11,566.0,1080.0,1.0,12
5090,M-05-21,566.0,1080.0,2.0,12
5091,M-05-11,566.0,1080.0,1.0,12
5091,M-05-21,566.0,1080.0,2.0,12
5092,M-05-11,566.0,1080.0,1.0,12
5092,M-05-21,566.0,1080.0,2.0,12
5093,M-05-11,566.0,1080.0,1.0,12
5093,M-05-21,566.0,1080.0,2.0,12
5094,M-05-11,566.0,1080.0,1.0,12
5094,M-05-21,566.0,1080.0,2.0,12
5095,M-05-11,566.0,1080.0,1.0,12
5095,M-05-21,566.0,1080.0,2.0,12
5096,M-05-11,566.0,1080.0,1.0,12
5096,M-05-21,566.0,1080.0,2.0,12
5097,M-05-11,566.0,1080.0,1.0,12
5097,M-05-21,566.0,1080.0,2.0,12
5098,M-05-11,566.0,1080.0,1.0,12
5098,M-05-21,566.0,1080.0,2.0,12
5099,M-05-11,566.0,1080.0,1.0,12
5099,M-05-21,566.0,1080.0,2.0,12
5100,M-05-11,566.0,1080.0,1.0,12
5100,M-05-21,566.0,1080.0,2.0,12
5101,M-05-11,566.0,1080.0,1.0,12
5101,M-05-21,566.0,1080.0,2.0,12
5102,M-05-11,566.0,1080.0,1.0,12
5102,M-05-21,566.0,1080.0,2.0,12
5103,M-05-11,566.0,1080.0,1.0,12
5103,M-05-21,566.0,1080.0,2.0,12
5104,M-05-11,566.0,1080.0,1.0,12
5104,M-05-21,566.0,1080.0,2.0,12
5105,M-05-11,566.0,1080.0,1.0,12
5105,M-05-21,566.0,1080.0,2.0,12
5106,M-05-11,566.0,1080.0,1.0,12
5106,M-05-21,566.0,1080.0,2.0,12
5107,M-05-11,566.0,1080.0,1.0,12
5107,M-05-21,566.0,1080.0,2.0,12
5108,M-05-11,566.0,1080.0,1.0,12
5108,M-05-21,566.0,1080.0,2.0,12
5109,M-05-11,566.0,1080.0,1.0,12
5109,M-05-21,566.0,1080.0,2.0,12
5110,M-05-11,566.0,1080.0,1.0,12
5110,M-05-21,566.0,1080.0,2.0,12
5111,M-05-11,566.0,1080.0,1.0,12
5111,M-05-21,566.0,1080.0,2.0,12
5112,M-05-11,566.0,1080.0,1.0,12
5112,M-05-21,566.0,1080.0,2.0,12
5113,M-05-11,566.0,1080.0,1.0,4
5113,M-05-21,566.0,1080.0,2.0,12
5113,M-05-22,550.0,1080.0,2.0,9
5114,M-03-13,584.0,1080.0,1.0,12
5114,M-03-23,584.0,1080.0,2.0,12
5115,M-03-13,584.0,1080.0,1.0,12
5115,M-03-23,584.0,1080.0,2.0,12
5116,M-03-13,584.0,1080.0,1.0,12
5116,M-03-23,584.0,1080.0,2.0,12
5117,M-03-13,584.0,1080.0,1.0,12
5117,M-03-23,584.0,1080.0,2.0,12
5118,M-03-13,584.0,1080.0,1.0,12
5118,M-03-23,584.0,1080.0,2.0,12
5119,M-03-13,584.0,1080.0,1.0,12
5119,M-03-23,584.0,1080.0,2.0,12
5120,M-03-13,584.0,1080.0,1.0,12
5120,M-03-23,584.0,1080.0,2.0,12
5121,M-03-13,584.0,1080.0,1.0,12
5121,M-03-23,584.0,1080.0,2.0,12
5122,M-03-13,584.0,1080.0,1.0,12
5122,M-03-23,584.0,1080.0,2.0,12
5123,M-03-13,584.0,1080.0,1.0,12
5123,M-03-23,584.0,1080.0,2.0,12
5124,M-03-13,584.0,1080.0,1.0,12
5124,M-03-23,584.0,1080.0,2.0,12
5125,M-03-13,584.0,1080.0,1.0,12
5125,M-03-23,584.0,1080.0,2.0,12
5126,M-03-13,584.0,1080.0,1.0,12
5126,M-03-23,584.0,1080.0,2.0,12
5127,M-03-13,584.0,1080.0,1.0,12
5127,M-03-23,584.0,1080.0,2.0,12
5128,M-03-13,584.0,1080.0,1.0,12
5128,M-03-23,584.0,1080.0,2.0,12
5129,M-03-13,584.0,1080.0,1.0,12
5129,M-03-23,584.0,1080.0,2.0,12
5130,M-03-13,584.0,1080.0,1.0,12
5130,M-03-23,584.0,1080.0,2.0,12
5131,M-03-13,584.0,1080.0,1.0,12
5131,M-03-23,584.0,1080.0,2.0,12
5132,M-03-13,584.0,1080.0,1.0,12
5132,M-03-23,584.0,1080.0,2.0,12
5133,M-03-13,584.0,1080.0,1.0,12
5133,M-03-23,584.0,1080.0,2.0,12
5134,M-03-13,584.0,1080.0,1.0,12
5134,M-03-23,584.0,1080.0,2.0,12
5135,M-03-13,584.0,1080.0,1.0,12
5135,M-03-23,584.0,1080.0,2.0,12
5136,M-03-13,584.0,1080.0,1.0,12
5136,M-03-23,584.0,1080.0,2.0,12
5137,M-03-13,584.0,1080.0,1.0,12
5137,M-03-23,584.0,1080.0,2.0,12
5138,M-03-13,584.0,1080.0,1.0,12
5138,M-03-23,584.0,1080.0,2.0,12
5139,M-03-13,584.0,1080.0,1.0,12
5139,M-03-23,584.0,1080.0,2.0,12
5140,M-03-13,584.0,1080.0,1.0,12
5140,M-03-23,584.0,1080.0,2.0,12
5141,M-03-13,584.0,1080.0,1.0,12
5141,M-03-23,584.0,1080.0,2.0,12
5142,M-03-13,584.0,1080.0,1.0,12
5142,M-03-23,584.0,1080.0,2.0,12
5143,M-03-13,584.0,1080.0,1.0,5
5143,M-03-23,584.0,1080.0,2.0,12
5143,M-03-22,600.0,1080.0,2.0,8
5144,M-03-12,600.0,1080.0,1.0,12
5144,M-03-22,600.0,1080.0,2.0,12
5145,M-03-12,600.0,1080.0,1.0,12
5145,M-03-22,600.0,1080.0,2.0,12
5146,M-03-12,600.0,1080.0,1.0,12
5146,M-03-22,600.0,1080.0,2.0,12
5147,M-03-12,600.0,1080.0,1.0,12
5147,M-03-22,600.0,1080.0,2.0,12
5148,M-03-12,600.0,1080.0,1.0,12
5148,M-03-22,600.0,1080.0,2.0,12
5149,M-03-12,600.0,1080.0,1.0,12
5149,M-03-22,600.0,1080.0,2.0,12
5150,M-03-12,600.0,1080.0,1.0,12
5150,M-03-22,600.0,1080.0,2.0,12
5151,M-03-12,600.0,1080.0,1.0,12
5151,M-03-22,600.0,1080.0,2.0,12
5152,M-03-12,600.0,1080.0,1.0,12
5152,M-03-22,600.0,1080.0,2.0,12
5153,M-03-12,600.0,1080.0,1.0,12
5153,M-03-22,600.0,1080.0,2.0,12
5154,M-03-12,600.0,1080.0,1.0,12
5154,M-03-22,600.0,1080.0,2.0,12
5155,M-03-12,600.0,1080.0,1.0,12
5155,M-03-22,600.0,1080.0,2.0,12
5156,M-03-12,600.0,1080.0,1.0,10
5156,M-03-22,600.0,1080.0,2.0,12
5156,M-03-23,584.0,1080.0,2.0,3
5157,M-03-11,616.0,1080.0,1.0,12
5157,M-03-21,616.0,1080.0,2.0,12
5158,M-03-11,616.0,1080.0,1.0,12
5158,M-03-21,616.0,1080.0,2.0,12
5159,M-03-11,616.0,1080.0,1.0,12
5159,M-03-21,616.0,1080.0,2.0,12
5160,M-03-11,616.0,1080.0,1.0,12
5160,M-03-21,616.0,1080.0,2.0,12
5161,M-03-11,616.0,1080.0,1.0,12
5161,M-03-21,616.0,1080.0,2.0,12
5162,M-03-11,616.0,1080.0,1.0,12
5162,M-03-21,616.0,1080.0,2.0,12
5163,M-03-11,616.0,1080.0,1.0,12
5163,M-03-21,616.0,1080.0,2.0,10
5163,M-03-22,600.0,1080.0,2.0,3
5164,M-03-11,616.0,1080.0,1.0,12
5164,M-03-22,600.0,1080.0,2.0,12
5165,M-03-11,616.0,1080.0,1.0,8
5165,M-03-22,600.0,1080.0,2.0,12
5165,M-03-23,584.0,1080.0,2.0,5
5166,M-01-13,634.0,1080.0,1.0,12
5166,M-01-23,634.0,1080.0,2.0,12
5167,M-01-13,634.0,1080.0,1.0,12
5167,M-01-23,634.0,1080.0,2.0,12
5168,M-01-13,634.0,1080.0,1.0,12
5168,M-01-23,634.0,1080.0,2.0,12
5169,M-01-13,634.0,1080.0,1.0,12
5169,M-01-23,634.0,1080.0,2.0,12
5170,M-01-13,634.0,1080.0,1.0,12
5170,M-01-23,634.0,1080.0,2.0,12
5171,M-01-13,634.0,1080.0,1.0,12
5171,M-01-23,634.0,1080.0,2.0,12
5172,M-01-13,634.0,1080.0,1.0,12
5172,M-01-23,634.0,1080.0,2.0,12
5173,M-01-13,634.0,1080.0,1.0,12
5173,M-01-23,634.0,1080.0,2.0,12
5174,M-01-13,634.0,1080.0,1.0,12
5174,M-01-23,634.0,1080.0,2.0,3
5174,M-01-22,650.0,1080.0,2.0,10
5175,M-01-13,634.0,1080.0,1.0,6
5175,M-01-12,650.0,1080.0,1.0,12
5175,M-01-22,650.0,1080.0,2.0,7
5176,M-01-12,650.0,1080.0,1.0,12
5176,M-01-22,650.0,1080.0,2.0,12
5177,M-01-12,650.0,1080.0,1.0,12
5177,M-01-22,650.0,1080.0,2.0,12
5178,M-01-12,650.0,1080.0,1.0,12
5178,M-01-22,650.0,1080.0,2.0,12
5179,M-01-12,650.0,1080.0,1.0,12
5179,M-01-22,650.0,1080.0,2.0,12
5180,M-01-12,650.0,1080.0,1.0,12
5180,M-01-22,650.0,1080.0,2.0,12
5181,M-01-12,650.0,1080.0,1.0,12
5181,M-01-22,650.0,1080.0,2.0,12
5182,M-01-12,650.0,1080.0,1.0,12
5182,M-01-22,650.0,1080.0,2.0,12
5183,M-01-12,650.0,1080.0,1.0,12
5183,M-01-22,650.0,1080.0,2.0,12
5184,M-01-12,650.0,1080.0,1.0,12
5184,M-01-22,650.0,1080.0,2.0,12
5185,M-01-12,650.0,1080.0,1.0,12
5185,M-01-22,650.0,1080.0,2.0,12
5186,M-01-12,650.0,1080.0,1.0,12
5186,M-01-22,650.0,1080.0,2.0,5
5186,M-01-21,666.0,1080.0,2.0,8
5187,M-01-12,650.0,1080.0,1.0,12
5187,M-01-11,666.0,1080.0,1.0,12
5188,M-01-12,650.0,1080.0,1.0,3
5188,M-01-11,666.0,1080.0,1.0,12
5188,M-01-21,666.0,1080.0,2.0,10
5189,M-01-11,666.0,1080.0,1.0,12
5189,M-01-21,666.0,1080.0,2.0,12
5190,M-01-11,666.0,1080.0,1.0,12
5190,M-01-21,666.0,1080.0,2.0,12
5191,M-01-11,666.0,1080.0,1.0,12
5191,M-01-21,666.0,1080.0,2.0,12
5192,M-01-11,666.0,1080.0,1.0,12
5192,M-01-21,666.0,1080.0,2.0,12
5193,M-01-11,666.0,1080.0,1.0,12
5193,M-01-21,666.0,1080.0,2.0,12
5194,M-01-11,666.0,1080.0,1.0,12
5194,M-01-21,666.0,1080.0,2.0,12
5195,M-01-11,666.0,1080.0,1.0,12
5195,M-01-21,666.0,1080.0,2.0,12
5196,M-01-11,666.0,1080.0,1.0,12
5196,M-01-21,666.0,1080.0,2.0,12
5197,M-01-11,666.0,1080.0,1.0,12
5197,M-01-21,666.0,1080.0,2.0,12
5198,M-01-11,666.0,1080.0,1.0,12
5198,M-01-21,666.0,1080.0,2.0,12
5199,M-01-11,666.0,1080.0,1.0,12
5199,M-01-21,666.0,1080.0,2.0,12
5200,M-01-11,666.0,1080.0,1.0,7
5200,M-01-21,666.0,1080.0,2.0,12
5200,L-02-21,666.0,1048.0,2.0,6
5201,N-24-13,86.0,1138.0,1.0,12
5201,N-24-23,86.0,1138.0,2.0,12
5202,N-24-13,86.0,1138.0,1.0,12
5202,N-24-23,86.0,1138.0,2.0,12
5203,N-24-13,86.0,1138.0,1.0,12
5203,N-24-23,86.0,1138.0,2.0,12
5204,N-24-13,86.0,1138.0,1.0,12
5204,N-24-23,86.0,1138.0,2.0,12
5205,N-24-13,86.0,1138.0,1.0,11
5205,N-24-23,86.0,1138.0,2.0,10
5205,N-24-22,102.0,1138.0,2.0,4
5206,N-24-12,102.0,1138.0,1.0,12
5206,N-24-22,102.0,1138.0,2.0,12
5207,N-24-12,102.0,1138.0,1.0,12
5207,N-24-22,102.0,1138.0,2.0,12
5208,N-24-12,102.0,1138.0,1.0,12
5208,N-24-22,102.0,1138.0,2.0,12
5209,N-24-12,102.0,1138.0,1.0,12
5209,N-24-22,102.0,1138.0,2.0,5
5209,N-24-21,118.0,1138.0,2.0,8
5210,N-24-12,102.0,1138.0,1.0,12
5210,N-24-11,118.0,1138.0,1.0,12
5211,N-24-12,102.0,1138.0,1.0,12
5211,N-24-11,118.0,1138.0,1.0,12
5212,N-24-12,102.0,1138.0,1.0,12
5212,N-24-11,118.0,1138.0,1.0,12
5213,N-24-12,102.0,1138.0,1.0,12
5213,N-24-11,118.0,1138.0,1.0,12
5214,N-24-12,102.0,1138.0,1.0,12
5214,N-24-11,118.0,1138.0,1.0,12
5215,N-24-12,102.0,1138.0,1.0,12
5215,N-24-11,118.0,1138.0,1.0,7
5215,N-24-21,118.0,1138.0,2.0,6
5216,N-24-12,102.0,1138.0,1.0,12
5216,N-24-21,118.0,1138.0,2.0,12
5217,N-24-12,102.0,1138.0,1.0,12
5217,N-24-21,118.0,1138.0,2.0,12
5218,N-24-12,102.0,1138.0,1.0,12
5218,N-24-21,118.0,1138.0,2.0,12
5219,N-24-12,102.0,1138.0,1.0,5
5219,N-24-21,118.0,1138.0,2.0,12
5219,N-22-23,136.0,1138.0,2.0,8
5220,N-22-13,136.0,1138.0,1.0,12
5220,N-22-23,136.0,1138.0,2.0,12
5221,N-22-13,136.0,1138.0,1.0,12
5221,N-22-23,136.0,1138.0,2.0,12
5222,N-22-13,136.0,1138.0,1.0,12
5222,N-22-23,136.0,1138.0,2.0,12
5223,N-22-13,136.0,1138.0,1.0,12
5223,N-22-23,136.0,1138.0,2.0,12
5224,N-22-13,136.0,1138.0,1.0,12
5224,N-22-23,136.0,1138.0,2.0,12
5225,N-22-13,136.0,1138.0,1.0,12
5225,N-22-23,136.0,1138.0,2.0,12
5226,N-22-13,136.0,1138.0,1.0,12
5226,N-22-23,136.0,1138.0,2.0,12
5227,N-22-13,136.0,1138.0,1.0,12
5227,N-22-23,136.0,1138.0,2.0,12
5228,N-22-13,136.0,1138.0,1.0,12
5228,N-22-23,136.0,1138.0,2.0,12
5229,N-22-13,136.0,1138.0,1.0,12
5229,N-22-23,136.0,1138.0,2.0,12
5230,N-22-13,136.0,1138.0,1.0,12
5230,N-22-23,136.0,1138.0,2.0,8
5230,N-22-22,152.0,1138.0,2.0,5
5231,N-22-13,136.0,1138.0,1.0,12
5231,N-22-12,152.0,1138.0,1.0,12
5232,N-22-13,136.0,1138.0,1.0,12
5232,N-22-12,152.0,1138.0,1.0,12
5233,N-22-13,136.0,1138.0,1.0,12
5233,N-22-12,152.0,1138.0,1.0,12
5234,N-22-13,136.0,1138.0,1.0,12
5234,N-22-12,152.0,1138.0,1.0,12
5235,N-22-13,136.0,1138.0,1.0,12
5235,N-22-12,152.0,1138.0,1.0,4
5235,N-22-22,152.0,1138.0,2.0,9
5236,N-22-13,136.0,1138.0,1.0,12
5236,N-22-22,152.0,1138.0,2.0,12
5237,N-22-13,136.0,1138.0,1.0,12
5237,N-22-22,152.0,1138.0,2.0,12
5238,N-22-13,136.0,1138.0,1.0,12
5238,N-22-22,152.0,1138.0,2.0,6
5238,N-22-21,168.0,1138.0,2.0,7
5239,N-22-13,136.0,1138.0,1.0,12
5239,N-24-21,118.0,1138.0,2.0,12
5240,N-22-13,136.0,1138.0,1.0,12
5240,N-24-21,118.0,1138.0,2.0,12
5241,N-22-13,136.0,1138.0,1.0,12
5241,N-24-21,118.0,1138.0,2.0,5
5241,O-23-21,118.0,1170.0,2.0,8
5242,N-22-13,136.0,1138.0,1.0,12
5242,N-22-11,168.0,1138.0,1.0,12
5243,N-22-13,136.0,1138.0,1.0,5
5243,N-22-11,168.0,1138.0,1.0,12
5243,N-22-21,168.0,1138.0,2.0,8
5244,N-22-11,168.0,1138.0,1.0,12
5244,N-22-21,168.0,1138.0,2.0,12
5245,N-22-11,168.0,1138.0,1.0,12
5245,N-22-21,168.0,1138.0,2.0,12
5246,N-22-11,168.0,1138.0,1.0,12
5246,N-22-21,168.0,1138.0,2.0,12
5247,N-22-11,168.0,1138.0,1.0,12
5247,N-22-21,168.0,1138.0,2.0,12
5248,N-22-11,168.0,1138.0,1.0,12
5248,N-22-21,168.0,1138.0,2.0,12
5249,N-22-11,168.0,1138.0,1.0,6
5249,N-22-21,168.0,1138.0,2.0,12
5249,N-20-23,186.0,1138.0,2.0,7
5250,N-20-13,186.0,1138.0,1.0,12
5250,N-20-23,186.0,1138.0,2.0,12
5251,N-20-13,186.0,1138.0,1.0,12
5251,N-20-23,186.0,1138.0,2.0,11
5251,N-20-22,202.0,1138.0,2.0,2
5252,N-20-13,186.0,1138.0,1.0,12
5252,N-20-12,202.0,1138.0,1.0,12
5253,N-20-13,186.0,1138.0,1.0,12
5253,N-20-12,202.0,1138.0,1.0,12
5254,N-20-13,186.0,1138.0,1.0,12
5254,N-20-12,202.0,1138.0,1.0,12
5255,N-20-13,186.0,1138.0,1.0,12
5255,N-20-12,202.0,1138.0,1.0,12
5256,N-20-13,186.0,1138.0,1.0,7
5256,N-20-12,202.0,1138.0,1.0,12
5256,N-20-22,202.0,1138.0,2.0,6
5257,N-20-12,202.0,1138.0,1.0,12
5257,N-20-22,202.0,1138.0,2.0,12
5258,N-20-12,202.0,1138.0,1.0,8
5258,N-20-22,202.0,1138.0,2.0,12
5258,N-20-21,218.0,1138.0,2.0,5
5259,N-20-11,218.0,1138.0,1.0,12
5259,N-20-21,218.0,1138.0,2.0,12
5260,N-20-11,218.0,1138.0,1.0,12
5260,N-20-21,218.0,1138.0,2.0,12
5261,N-20-11,218.0,1138.0,1.0,12
5261,N-20-21,218.0,1138.0,2.0,12
5262,N-20-11,218.0,1138.0,1.0,8
5262,N-20-21,218.0,1138.0,2.0,12
5262,N-20-22,202.0,1138.0,2.0,5
5263,N-18-13,236.0,1138.0,1.0,12
5263,N-18-23,236.0,1138.0,2.0,12
5264,N-18-13,236.0,1138.0,1.0,12
5264,N-18-23,236.0,1138.0,2.0,12
5265,N-18-13,236.0,1138.0,1.0,12
5265,N-18-23,236.0,1138.0,2.0,12
5266,N-18-13,236.0,1138.0,1.0,12
5266,N-18-23,236.0,1138.0,2.0,12
5267,N-18-13,236.0,1138.0,1.0,12
5267,N-18-23,236.0,1138.0,2.0,12
5268,N-18-13,236.0,1138.0,1.0,12
5268,N-18-23,236.0,1138.0,2.0,12
5269,N-18-13,236.0,1138.0,1.0,12
5269,N-18-23,236.0,1138.0,2.0,12
5270,N-18-13,236.0,1138.0,1.0,9
5270,N-18-23,236.0,1138.0,2.0,7
5270,N-18-22,252.0,1138.0,2.0,9
5271,N-18-12,252.0,1138.0,1.0,12
5271,N-18-22,252.0,1138.0,2.0,12
5272,N-18-12,252.0,1138.0,1.0,12
5272,N-18-22,252.0,1138.0,2.0,12
5273,N-18-12,252.0,1138.0,1.0,12
5273,N-18-22,252.0,1138.0,2.0,12
5274,N-18-12,252.0,1138.0,1.0,12
5274,N-18-22,252.0,1138.0,2.0,12
5275,N-18-12,252.0,1138.0,1.0,12
5275,N-18-22,252.0,1138.0,2.0,12
5276,N-18-12,252.0,1138.0,1.0,12
5276,N-18-22,252.0,1138.0,2.0,12
5277,N-18-12,252.0,1138.0,1.0,5
5277,N-18-22,252.0,1138.0,2.0,3
5277,N-18-21,268.0,1138.0,2.0,12
5277,N-18-11,268.0,1138.0,1.0,5
5278,N-18-11,268.0,1138.0,1.0,12
5278,N-18-21,268.0,1138.0,2.0,12
5279,N-18-11,268.0,1138.0,1.0,12
5279,N-18-21,268.0,1138.0,2.0,12
5280,N-18-11,268.0,1138.0,1.0,12
5280,N-18-21,268.0,1138.0,2.0,12
5281,N-18-11,268.0,1138.0,1.0,12
5281,N-18-21,268.0,1138.0,2.0,12
5282,N-18-11,268.0,1138.0,1.0,12
5282,N-18-21,268.0,1138.0,2.0,12
5283,N-18-11,268.0,1138.0,1.0,4
5283,N-18-21,268.0,1138.0,2.0,5
5283,N-16-23,286.0,1138.0,2.0,12
5283,N-16-13,286.0,1138.0,1.0,4
5284,N-16-13,286.0,1138.0,1.0,12
5284,N-16-23,286.0,1138.0,2.0,12
5285,N-16-13,286.0,1138.0,1.0,5
5285,N-16-23,286.0,1138.0,2.0,12
5285,N-16-22,302.0,1138.0,2.0,8
5286,N-16-12,302.0,1138.0,1.0,12
5286,N-16-22,302.0,1138.0,2.0,12
5287,N-16-12,302.0,1138.0,1.0,12
5287,N-16-22,302.0,1138.0,2.0,12
5288,N-16-12,302.0,1138.0,1.0,12
5288,N-16-22,302.0,1138.0,2.0,12
5289,N-16-12,302.0,1138.0,1.0,12
5289,N-16-22,302.0,1138.0,2.0,12
5290,N-16-12,302.0,1138.0,1.0,12
5290,N-16-22,302.0,1138.0,2.0,12
5291,N-16-12,302.0,1138.0,1.0,12
5291,N-16-22,302.0,1138.0,2.0,12
5292,N-16-12,302.0,1138.0,1.0,12
5292,N-16-22,302.0,1138.0,2.0,7
5292,N-16-23,286.0,1138.0,2.0,6
5293,N-16-12,302.0,1138.0,1.0,12
5293,N-16-11,318.0,1138.0,1.0,12
5294,N-16-12,302.0,1138.0,1.0,12
5294,N-16-11,318.0,1138.0,1.0,12
5295,N-16-12,302.0,1138.0,1.0,12
5295,N-16-11,318.0,1138.0,1.0,12
5296,N-16-12,302.0,1138.0,1.0,9
5296,N-16-11,318.0,1138.0,1.0,12
5296,N-16-21,318.0,1138.0,2.0,4
5297,N-16-11,318.0,1138.0,1.0,12
5297,N-16-21,318.0,1138.0,2.0,12
5298,N-16-11,318.0,1138.0,1.0,12
5298,N-16-21,318.0,1138.0,2.0,12
5299,N-16-11,318.0,1138.0,1.0,12
5299,N-16-21,318.0,1138.0,2.0,12
5300,N-16-11,318.0,1138.0,1.0,12
5300,N-16-21,318.0,1138.0,2.0,12
5301,N-16-11,318.0,1138.0,1.0,12
5301,N-16-21,318.0,1138.0,2.0,12
5302,N-16-11,318.0,1138.0,1.0,12
5302,N-16-21,318.0,1138.0,2.0,12
5303,N-16-11,318.0,1138.0,1.0,12
5303,N-16-21,318.0,1138.0,2.0,12
5304,N-16-11,318.0,1138.0,1.0,12
5304,N-16-21,318.0,1138.0,2.0,10
5304,N-14-23,336.0,1138.0,2.0,3
5305,N-16-11,318.0,1138.0,1.0,12
5305,N-14-13,336.0,1138.0,1.0,12
5306,N-16-11,318.0,1138.0,1.0,7
5306,N-14-13,336.0,1138.0,1.0,12
5306,N-14-23,336.0,1138.0,2.0,6
5307,N-14-13,336.0,1138.0,1.0,12
5307,N-14-23,336.0,1138.0,2.0,12
5308,N-14-13,336.0,1138.0,1.0,12
5308,N-14-23,336.0,1138.0,2.0,12
5309,N-14-13,336.0,1138.0,1.0,12
5309,N-14-23,336.0,1138.0,2.0,11
5309,N-14-22,352.0,1138.0,2.0,2
5310,N-14-13,336.0,1138.0,1.0,12
5310,N-14-12,352.0,1138.0,1.0,12
5311,N-14-13,336.0,1138.0,1.0,12
5311,N-14-12,352.0,1138.0,1.0,12
5312,N-14-13,336.0,1138.0,1.0,12
5312,N-14-12,352.0,1138.0,1.0,12
5313,N-14-13,336.0,1138.0,1.0,7
5313,N-14-12,352.0,1138.0,1.0,12
5313,N-14-22,352.0,1138.0,2.0,6
5314,N-14-12,352.0,1138.0,1.0,11
5314,N-14-22,352.0,1138.0,2.0,12
5314,N-14-21,368.0,1138.0,2.0,2
5315,N-14-11,368.0,1138.0,1.0,12
5315,N-14-21,368.0,1138.0,2.0,12
5316,N-14-11,368.0,1138.0,1.0,12
5316,N-14-21,368.0,1138.0,2.0,12
5317,N-14-11,368.0,1138.0,1.0,12
5317,N-14-21,368.0,1138.0,2.0,12
5318,N-14-11,368.0,1138.0,1.0,12
5318,N-14-21,368.0,1138.0,2.0,5
5318,N-14-22,352.0,1138.0,2.0,8
5319,N-14-11,368.0,1138.0,1.0,12
5319,N-14-22,352.0,1138.0,2.0,12
5320,N-14-11,368.0,1138.0,1.0,2
5320,N-14-22,352.0,1138.0,2.0,3
5320,O-13-22,352.0,1170.0,2.0,12
5320,O-13-12,352.0,1170.0,1.0,8
5321,M-10-13,434.0,1138.0,1.0,12
5321,M-10-23,434.0,1138.0,2.0,12
5322,M-10-13,434.0,1138.0,1.0,12
5322,M-10-23,434.0,1138.0,2.0,12
5323,M-10-13,434.0,1138.0,1.0,12
5323,M-10-23,434.0,1138.0,2.0,12
5324,M-10-13,434.0,1138.0,1.0,12
5324,M-10-23,434.0,1138.0,2.0,12
5325,M-10-13,434.0,1138.0,1.0,12
5325,M-10-23,434.0,1138.0,2.0,12
5326,M-10-13,434.0,1138.0,1.0,12
5326,M-10-23,434.0,1138.0,2.0,12
5327,M-10-13,434.0,1138.0,1.0,2
5327,M-10-23,434.0,1138.0,2.0,12
5327,M-10-22,450.0,1138.0,2.0,11
5328,M-10-12,450.0,1138.0,1.0,12
5328,M-10-22,450.0,1138.0,2.0,12
5329,M-10-12,450.0,1138.0,1.0,12
5329,M-10-22,450.0,1138.0,2.0,12
5330,M-10-12,450.0,1138.0,1.0,12
5330,M-10-22,450.0,1138.0,2.0,12
5331,M-10-12,450.0,1138.0,1.0,12
5331,M-10-22,450.0,1138.0,2.0,12
5332,M-10-12,450.0,1138.0,1.0,12
5332,M-10-22,450.0,1138.0,2.0,12
5333,M-10-12,450.0,1138.0,1.0,12
5333,M-10-22,450.0,1138.0,2.0,12
5334,M-10-12,450.0,1138.0,1.0,12
5334,M-10-22,450.0,1138.0,2.0,12
5335,M-10-12,450.0,1138.0,1.0,12
5335,M-10-22,450.0,1138.0,2.0,12
5336,M-10-12,450.0,1138.0,1.0,12
5336,M-10-22,450.0,1138.0,2.0,12
5337,M-10-12,450.0,1138.0,1.0,12
5337,M-10-22,450.0,1138.0,2.0,12
5338,M-10-12,450.0,1138.0,1.0,12
5338,M-10-22,450.0,1138.0,2.0,12
5339,M-10-12,450.0,1138.0,1.0,12
5339,M-10-22,450.0,1138.0,2.0,12
5340,M-10-12,450.0,1138.0,1.0,12
5340,M-10-22,450.0,1138.0,2.0,12
5341,M-10-12,450.0,1138.0,1.0,12
5341,M-10-22,450.0,1138.0,2.0,12
5342,M-10-12,450.0,1138.0,1.0,12
5342,M-10-22,450.0,1138.0,2.0,12
5343,M-10-12,450.0,1138.0,1.0,12
5343,M-10-22,450.0,1138.0,2.0,12
5344,M-10-12,450.0,1138.0,1.0,12
5344,M-10-22,450.0,1138.0,2.0,12
5345,M-10-12,450.0,1138.0,1.0,12
5345,M-10-22,450.0,1138.0,2.0,12
5346,M-10-12,450.0,1138.0,1.0,12
5346,M-10-22,450.0,1138.0,2.0,4
5346,M-10-23,434.0,1138.0,2.0,9
5347,M-10-12,450.0,1138.0,1.0,12
5347,M-10-11,466.0,1138.0,1.0,12
5348,M-10-12,450.0,1138.0,1.0,12
5348,M-10-11,466.0,1138.0,1.0,12
5349,M-10-12,450.0,1138.0,1.0,12
5349,M-10-11,466.0,1138.0,1.0,12
5350,M-10-12,450.0,1138.0,1.0,8
5350,M-10-11,466.0,1138.0,1.0,12
5350,M-10-21,466.0,1138.0,2.0,5
5351,M-10-11,466.0,1138.0,1.0,12
5351,M-10-21,466.0,1138.0,2.0,12
5352,M-10-11,466.0,1138.0,1.0,12
5352,M-10-21,466.0,1138.0,2.0,12
5353,M-10-11,466.0,1138.0,1.0,12
5353,M-10-21,466.0,1138.0,2.0,12
5354,M-10-11,466.0,1138.0,1.0,12
5354,M-10-21,466.0,1138.0,2.0,12
5355,M-10-11,466.0,1138.0,1.0,12
5355,M-10-21,466.0,1138.0,2.0,12
5356,M-10-11,466.0,1138.0,1.0,12
5356,M-10-21,466.0,1138.0,2.0,12
5357,M-10-11,466.0,1138.0,1.0,12
5357,M-10-21,466.0,1138.0,2.0,12
5358,M-10-11,466.0,1138.0,1.0,12
5358,M-10-21,466.0,1138.0,2.0,12
5359,M-10-11,466.0,1138.0,1.0,12
5359,M-10-21,466.0,1138.0,2.0,12
5360,M-10-11,466.0,1138.0,1.0,12
5360,M-10-21,466.0,1138.0,2.0,12
5361,M-10-11,466.0,1138.0,1.0,12
5361,M-10-21,466.0,1138.0,2.0,12
5362,M-10-11,466.0,1138.0,1.0,12
5362,M-10-21,466.0,1138.0,2.0,12
5363,M-10-11,466.0,1138.0,1.0,12
5363,M-10-21,466.0,1138.0,2.0,12
5364,M-10-11,466.0,1138.0,1.0,12
5364,M-10-21,466.0,1138.0,2.0,12
5365,M-10-11,466.0,1138.0,1.0,12
5365,M-10-21,466.0,1138.0,2.0,12
5366,M-10-11,466.0,1138.0,1.0,12
5366,M-10-21,466.0,1138.0,2.0,12
5367,M-10-11,466.0,1138.0,1.0,12
5367,M-10-21,466.0,1138.0,2.0,12
5368,M-10-11,466.0,1138.0,1.0,12
5368,M-10-21,466.0,1138.0,2.0,12
5369,M-10-11,466.0,1138.0,1.0,12
5369,M-10-21,466.0,1138.0,2.0,12
5370,M-10-11,466.0,1138.0,1.0,12
5370,M-10-21,466.0,1138.0,2.0,12
5371,M-10-11,466.0,1138.0,1.0,4
5371,M-10-21,466.0,1138.0,2.0,3
5371,M-08-23,484.0,1138.0,2.0,12
5371,M-08-13,484.0,1138.0,1.0,6
5372,M-08-13,484.0,1138.0,1.0,12
5372,M-08-23,484.0,1138.0,2.0,12
5373,M-08-13,484.0,1138.0,1.0,12
5373,M-08-23,484.0,1138.0,2.0,12
5374,M-08-13,484.0,1138.0,1.0,12
5374,M-08-23,484.0,1138.0,2.0,12
5375,M-08-13,484.0,1138.0,1.0,12
5375,M-08-23,484.0,1138.0,2.0,12
5376,M-08-13,484.0,1138.0,1.0,12
5376,M-08-23,484.0,1138.0,2.0,12
5377,M-08-13,484.0,1138.0,1.0,12
5377,M-08-23,484.0,1138.0,2.0,12
5378,M-08-13,484.0,1138.0,1.0,12
5378,M-08-23,484.0,1138.0,2.0,12
5379,M-08-13,484.0,1138.0,1.0,12
5379,M-08-23,484.0,1138.0,2.0,12
5380,M-08-13,484.0,1138.0,1.0,12
5380,M-08-23,484.0,1138.0,2.0,12
5381,M-08-13,484.0,1138.0,1.0,12
5381,M-08-23,484.0,1138.0,2.0,12
5382,M-08-13,484.0,1138.0,1.0,12
5382,M-08-23,484.0,1138.0,2.0,12
5383,M-08-13,484.0,1138.0,1.0,12
5383,M-08-23,484.0,1138.0,2.0,12
5384,M-08-13,484.0,1138.0,1.0,12
5384,M-08-23,484.0,1138.0,2.0,12
5385,M-08-13,484.0,1138.0,1.0,12
5385,M-08-12,500.0,1138.0,1.0,12
5386,M-08-13,484.0,1138.0,1.0,12
5386,M-08-12,500.0,1138.0,1.0,12
5387,M-08-13,484.0,1138.0,1.0,12
5387,M-08-12,500.0,1138.0,1.0,12
5388,M-08-13,484.0,1138.0,1.0,3
5388,M-08-12,500.0,1138.0,1.0,12
5388,M-08-22,500.0,1138.0,2.0,10
5389,M-08-12,500.0,1138.0,1.0,12
5389,M-08-22,500.0,1138.0,2.0,12
5390,M-08-12,500.0,1138.0,1.0,12
5390,M-08-22,500.0,1138.0,2.0,12
5391,M-08-12,500.0,1138.0,1.0,12
5391,M-08-22,500.0,1138.0,2.0,12
5392,M-08-12,500.0,1138.0,1.0,12
5392,M-08-22,500.0,1138.0,2.0,12
5393,M-08-12,500.0,1138.0,1.0,12
5393,M-08-22,500.0,1138.0,2.0,12
5394,M-08-12,500.0,1138.0,1.0,12
5394,M-08-22,500.0,1138.0,2.0,12
5395,M-08-12,500.0,1138.0,1.0,1
5395,M-08-22,500.0,1138.0,2.0,12
5395,M-08-21,516.0,1138.0,2.0,12
5396,M-08-11,516.0,1138.0,1.0,12
5396,M-08-21,516.0,1138.0,2.0,12
5397,M-08-11,516.0,1138.0,1.0,12
5397,M-08-21,516.0,1138.0,2.0,12
5398,M-08-11,516.0,1138.0,1.0,12
5398,M-08-21,516.0,1138.0,2.0,12
5399,M-08-11,516.0,1138.0,1.0,12
5399,M-08-21,516.0,1138.0,2.0,1
5399,M-08-22,500.0,1138.0,2.0,2
5399,N-07-22,500.0,1170.0,2.0,10
5400,M-08-11,516.0,1138.0,1.0,12
5400,M-06-13,534.0,1138.0,1.0,12
5401,M-08-11,516.0,1138.0,1.0,12
5401,M-06-13,534.0,1138.0,1.0,12
5402,M-08-11,516.0,1138.0,1.0,12
5402,M-06-13,534.0,1138.0,1.0,12
5403,M-08-11,516.0,1138.0,1.0,12
5403,M-06-13,534.0,1138.0,1.0,12
5404,M-08-11,516.0,1138.0,1.0,12
5404,M-06-13,534.0,1138.0,1.0,12
5405,M-08-11,516.0,1138.0,1.0,12
5405,M-06-13,534.0,1138.0,1.0,12
5406,M-08-11,516.0,1138.0,1.0,12
5406,M-06-13,534.0,1138.0,1.0,12
5407,M-08-11,516.0,1138.0,1.0,12
5407,M-06-13,534.0,1138.0,1.0,11
5407,M-06-23,534.0,1138.0,2.0,2
5408,M-08-11,516.0,1138.0,1.0,10
5408,M-06-23,534.0,1138.0,2.0,12
5408,M-06-22,550.0,1138.0,2.0,3
5409,M-06-12,550.0,1138.0,1.0,12
5409,M-06-22,550.0,1138.0,2.0,12
5410,M-06-12,550.0,1138.0,1.0,12
5410,M-06-22,550.0,1138.0,2.0,12
5411,M-06-12,550.0,1138.0,1.0,12
5411,M-06-22,550.0,1138.0,2.0,12
5412,M-06-12,550.0,1138.0,1.0,12
5412,M-06-22,550.0,1138.0,2.0,12
5413,M-06-12,550.0,1138.0,1.0,12
5413,M-06-22,550.0,1138.0,2.0,12
5414,M-06-12,550.0,1138.0,1.0,12
5414,M-06-22,550.0,1138.0,2.0,12
5415,M-06-12,550.0,1138.0,1.0,12
5415,M-06-22,550.0,1138.0,2.0,12
5416,M-06-12,550.0,1138.0,1.0,12
5416,M-06-22,550.0,1138.0,2.0,12
5417,M-06-12,550.0,1138.0,1.0,12
5417,M-06-22,550.0,1138.0,2.0,12
5418,M-06-12,550.0,1138.0,1.0,12
5418,M-06-22,550.0,1138.0,2.0,12
5419,M-06-12,550.0,1138.0,1.0,12
5419,M-06-22,550.0,1138.0,2.0,12
5420,M-06-12,550.0,1138.0,1.0,12
5420,M-06-22,550.0,1138.0,2.0,12
5421,M-06-12,550.0,1138.0,1.0,12
5421,M-06-22,550.0,1138.0,2.0,12
5422,M-06-12,550.0,1138.0,1.0,12
5422,M-06-22,550.0,1138.0,2.0,12
5423,M-06-12,550.0,1138.0,1.0,12
5423,M-06-22,550.0,1138.0,2.0,12
5424,M-06-12,550.0,1138.0,1.0,12
5424,M-06-22,550.0,1138.0,2.0,12
5425,M-06-12,550.0,1138.0,1.0,12
5425,M-06-22,550.0,1138.0,2.0,12
5426,M-06-12,550.0,1138.0,1.0,12
5426,M-06-22,550.0,1138.0,2.0,12
5427,M-06-12,550.0,1138.0,1.0,12
5427,M-06-22,550.0,1138.0,2.0,12
5428,M-06-12,550.0,1138.0,1.0,12
5428,M-06-22,550.0,1138.0,2.0,7
5428,M-06-23,534.0,1138.0,2.0,6
5429,M-06-12,550.0,1138.0,1.0,12
5429,M-06-11,566.0,1138.0,1.0,12
5430,M-06-12,550.0,1138.0,1.0,12
5430,M-06-11,566.0,1138.0,1.0,12
5431,M-06-12,550.0,1138.0,1.0,12
5431,M-06-11,566.0,1138.0,1.0,12
5432,M-06-12,550.0,1138.0,1.0,12
5432,M-06-11,566.0,1138.0,1.0,12
5433,M-06-12,550.0,1138.0,1.0,12
5433,M-06-11,566.0,1138.0,1.0,12
5434,M-06-12,550.0,1138.0,1.0,12
5434,M-06-11,566.0,1138.0,1.0,12
5435,M-06-12,550.0,1138.0,1.0,12
5435,M-06-11,566.0,1138.0,1.0,12
5436,M-06-12,550.0,1138.0,1.0,12
5436,M-06-11,566.0,1138.0,1.0,12
5437,M-06-12,550.0,1138.0,1.0,12
5437,M-06-11,566.0,1138.0,1.0,12
5438,M-06-12,550.0,1138.0,1.0,12
5438,M-06-11,566.0,1138.0,1.0,12
5439,M-06-12,550.0,1138.0,1.0,12
5439,M-06-11,566.0,1138.0,1.0,12
5440,M-06-12,550.0,1138.0,1.0,12
5440,M-06-11,566.0,1138.0,1.0,12
5441,M-06-12,550.0,1138.0,1.0,9
5441,M-06-11,566.0,1138.0,1.0,12
5441,M-06-21,566.0,1138.0,2.0,4
5442,M-06-11,566.0,1138.0,1.0,12
5442,M-06-21,566.0,1138.0,2.0,12
5443,M-06-11,566.0,1138.0,1.0,12
5443,M-06-21,566.0,1138.0,2.0,12
5444,M-06-11,566.0,1138.0,1.0,12
5444,M-06-21,566.0,1138.0,2.0,12
5445,M-06-11,566.0,1138.0,1.0,12
5445,M-06-21,566.0,1138.0,2.0,12
5446,M-06-11,566.0,1138.0,1.0,12
5446,M-06-21,566.0,1138.0,2.0,12
5447,M-06-11,566.0,1138.0,1.0,12
5447,M-06-21,566.0,1138.0,2.0,12
5448,M-06-11,566.0,1138.0,1.0,12
5448,M-06-21,566.0,1138.0,2.0,12
5449,M-06-11,566.0,1138.0,1.0,12
5449,M-06-21,566.0,1138.0,2.0,12
5450,M-06-11,566.0,1138.0,1.0,12
5450,M-06-21,566.0,1138.0,2.0,12
5451,M-06-11,566.0,1138.0,1.0,12
5451,M-06-21,566.0,1138.0,2.0,12
5452,M-06-11,566.0,1138.0,1.0,12
5452,M-06-21,566.0,1138.0,2.0,12
5453,M-06-11,566.0,1138.0,1.0,12
5453,M-06-21,566.0,1138.0,2.0,12
5454,M-06-11,566.0,1138.0,1.0,12
5454,M-06-21,566.0,1138.0,2.0,12
5455,M-06-11,566.0,1138.0,1.0,9
5455,M-06-21,566.0,1138.0,2.0,12
5455,M-04-23,584.0,1138.0,2.0,4
5456,M-04-13,584.0,1138.0,1.0,12
5456,M-04-23,584.0,1138.0,2.0,12
5457,M-04-13,584.0,1138.0,1.0,12
5457,M-04-23,584.0,1138.0,2.0,12
5458,M-04-13,584.0,1138.0,1.0,12
5458,M-04-23,584.0,1138.0,2.0,12
5459,M-04-13,584.0,1138.0,1.0,12
5459,M-04-23,584.0,1138.0,2.0,12
5460,M-04-13,584.0,1138.0,1.0,12
5460,M-04-23,584.0,1138.0,2.0,12
5461,M-04-13,584.0,1138.0,1.0,12
5461,M-04-23,584.0,1138.0,2.0,12
5462,M-04-13,584.0,1138.0,1.0,12
5462,M-04-23,584.0,1138.0,2.0,12
5463,M-04-13,584.0,1138.0,1.0,12
5463,M-04-23,584.0,1138.0,2.0,12
5464,M-04-13,584.0,1138.0,1.0,12
5464,M-04-23,584.0,1138.0,2.0,12
5465,M-04-13,584.0,1138.0,1.0,12
5465,M-04-23,584.0,1138.0,2.0,12
5466,M-04-13,584.0,1138.0,1.0,12
5466,M-04-23,584.0,1138.0,2.0,12
5467,M-04-13,584.0,1138.0,1.0,12
5467,M-04-23,584.0,1138.0,2.0,12
5468,M-04-13,584.0,1138.0,1.0,12
5468,M-04-23,584.0,1138.0,2.0,12
5469,M-04-13,584.0,1138.0,1.0,12
5469,M-04-23,584.0,1138.0,2.0,12
5470,M-04-13,584.0,1138.0,1.0,12
5470,M-04-23,584.0,1138.0,2.0,12
5471,M-04-13,584.0,1138.0,1.0,12
5471,M-04-23,584.0,1138.0,2.0,3
5471,M-04-22,600.0,1138.0,2.0,10
5472,M-04-13,584.0,1138.0,1.0,12
5472,M-04-12,600.0,1138.0,1.0,12
5473,M-04-13,584.0,1138.0,1.0,12
5473,M-04-12,600.0,1138.0,1.0,12
5474,M-04-13,584.0,1138.0,1.0,12
5474,M-04-12,600.0,1138.0,1.0,12
5475,M-04-13,584.0,1138.0,1.0,12
5475,M-04-12,600.0,1138.0,1.0,12
5476,M-04-13,584.0,1138.0,1.0,12
5476,M-04-12,600.0,1138.0,1.0,12
5477,M-04-13,584.0,1138.0,1.0,12
5477,M-04-12,600.0,1138.0,1.0,12
5478,M-04-13,584.0,1138.0,1.0,12
5478,M-04-12,600.0,1138.0,1.0,12
5479,M-04-13,584.0,1138.0,1.0,12
5479,M-04-12,600.0,1138.0,1.0,12
5480,M-04-13,584.0,1138.0,1.0,6
5480,M-04-12,600.0,1138.0,1.0,12
5480,M-04-22,600.0,1138.0,2.0,7
5481,M-04-12,600.0,1138.0,1.0,12
5481,M-04-22,600.0,1138.0,2.0,12
5482,M-04-12,600.0,1138.0,1.0,12
5482,M-04-22,600.0,1138.0,2.0,12
5483,M-04-12,600.0,1138.0,1.0,12
5483,M-04-22,600.0,1138.0,2.0,12
5484,M-04-12,600.0,1138.0,1.0,12
5484,M-04-22,600.0,1138.0,2.0,12
5485,M-04-12,600.0,1138.0,1.0,12
5485,M-04-22,600.0,1138.0,2.0,12
5486,M-04-12,600.0,1138.0,1.0,12
5486,M-04-22,600.0,1138.0,2.0,12
5487,M-04-12,600.0,1138.0,1.0,12
5487,M-04-22,600.0,1138.0,2.0,12
5488,M-04-12,600.0,1138.0,1.0,5
5488,M-04-22,600.0,1138.0,2.0,12
5488,M-04-21,616.0,1138.0,2.0,8
5489,M-04-11,616.0,1138.0,1.0,12
5489,M-04-21,616.0,1138.0,2.0,12
5490,M-04-11,616.0,1138.0,1.0,12
5490,M-04-21,616.0,1138.0,2.0,12
5491,M-04-11,616.0,1138.0,1.0,12
5491,M-04-21,616.0,1138.0,2.0,12
5492,M-04-11,616.0,1138.0,1.0,12
5492,M-04-21,616.0,1138.0,2.0,12
5493,M-04-11,616.0,1138.0,1.0,12
5493,M-04-21,616.0,1138.0,2.0,12
5494,M-04-11,616.0,1138.0,1.0,12
5494,M-04-21,616.0,1138.0,2.0,12
5495,M-04-11,616.0,1138.0,1.0,12
5495,M-04-21,616.0,1138.0,2.0,12
5496,M-04-11,616.0,1138.0,1.0,12
5496,M-04-21,616.0,1138.0,2.0,12
5497,M-04-11,616.0,1138.0,1.0,9
5497,M-04-21,616.0,1138.0,2.0,12
5497,M-04-22,600.0,1138.0,2.0,4
5498,M-02-13,634.0,1138.0,1.0,12
5498,M-02-23,634.0,1138.0,2.0,12
5499,M-02-13,634.0,1138.0,1.0,12
5499,M-02-23,634.0,1138.0,2.0,12
5500,M-02-13,634.0,1138.0,1.0,12
5500,M-02-23,634.0,1138.0,2.0,12
5501,M-02-13,634.0,1138.0,1.0,12
5501,M-02-23,634.0,1138.0,2.0,12
5502,M-02-13,634.0,1138.0,1.0,12
5502,M-02-23,634.0,1138.0,2.0,12
5503,M-02-13,634.0,1138.0,1.0,12
5503,M-02-23,634.0,1138.0,2.0,12
5504,M-02-13,634.0,1138.0,1.0,12
5504,M-02-23,634.0,1138.0,2.0,12
5505,M-02-13,634.0,1138.0,1.0,12
5505,M-02-23,634.0,1138.0,2.0,12
5506,M-02-13,634.0,1138.0,1.0,12
5506,M-02-23,634.0,1138.0,2.0,12
5507,M-02-13,634.0,1138.0,1.0,12
5507,M-02-23,634.0,1138.0,2.0,12
5508,M-02-13,634.0,1138.0,1.0,12
5508,M-02-23,634.0,1138.0,2.0,12
5509,M-02-13,634.0,1138.0,1.0,12
5509,M-02-23,634.0,1138.0,2.0,12
5510,M-02-13,634.0,1138.0,1.0,12
5510,M-02-23,634.0,1138.0,2.0,7
5510,M-02-22,650.0,1138.0,2.0,6
5511,M-02-13,634.0,1138.0,1.0,12
5511,M-02-12,650.0,1138.0,1.0,12
5512,M-02-13,634.0,1138.0,1.0,1
5512,M-02-12,650.0,1138.0,1.0,12
5512,M-02-22,650.0,1138.0,2.0,12
5513,M-02-12,650.0,1138.0,1.0,12
5513,M-02-22,650.0,1138.0,2.0,12
5514,M-02-12,650.0,1138.0,1.0,12
5514,M-02-22,650.0,1138.0,2.0,12
5515,M-02-12,650.0,1138.0,1.0,12
5515,M-02-22,650.0,1138.0,2.0,12
5516,M-02-12,650.0,1138.0,1.0,12
5516,M-02-22,650.0,1138.0,2.0,12
5517,M-02-12,650.0,1138.0,1.0,12
5517,M-02-22,650.0,1138.0,2.0,12
5518,M-02-12,650.0,1138.0,1.0,12
5518,M-02-22,650.0,1138.0,2.0,12
5519,M-02-12,650.0,1138.0,1.0,12
5519,M-02-22,650.0,1138.0,2.0,12
5520,M-02-12,650.0,1138.0,1.0,12
5520,M-02-22,650.0,1138.0,2.0,12
5521,M-02-12,650.0,1138.0,1.0,12
5521,M-02-22,650.0,1138.0,2.0,12
5522,M-02-12,650.0,1138.0,1.0,12
5522,M-02-22,650.0,1138.0,2.0,12
5523,M-02-12,650.0,1138.0,1.0,12
5523,M-02-22,650.0,1138.0,2.0,12
5524,M-02-12,650.0,1138.0,1.0,12
5524,M-02-22,650.0,1138.0,2.0,12
5525,M-02-12,650.0,1138.0,1.0,12
5525,M-02-22,650.0,1138.0,2.0,12
5526,M-02-12,650.0,1138.0,1.0,12
5526,M-02-22,650.0,1138.0,2.0,12
5527,M-02-12,650.0,1138.0,1.0,12
5527,M-02-22,650.0,1138.0,2.0,12
5528,M-02-12,650.0,1138.0,1.0,12
5528,M-02-22,650.0,1138.0,2.0,11
5528,M-02-21,666.0,1138.0,2.0,2
5529,M-02-12,650.0,1138.0,1.0,12
5529,M-02-11,666.0,1138.0,1.0,12
5530,M-02-12,650.0,1138.0,1.0,1
5530,M-02-11,666.0,1138.0,1.0,12
5530,M-02-21,666.0,1138.0,2.0,12
5531,M-02-11,666.0,1138.0,1.0,12
5531,M-02-21,666.0,1138.0,2.0,12
5532,M-02-11,666.0,1138.0,1.0,12
5532,M-02-21,666.0,1138.0,2.0,12
5533,M-02-11,666.0,1138.0,1.0,12
5533,M-02-21,666.0,1138.0,2.0,12
5534,M-02-11,666.0,1138.0,1.0,12
5534,M-02-21,666.0,1138.0,2.0,12
5535,M-02-11,666.0,1138.0,1.0,12
5535,M-02-21,666.0,1138.0,2.0,12
5536,M-02-11,666.0,1138.0,1.0,12
5536,M-02-21,666.0,1138.0,2.0,12
5537,M-02-11,666.0,1138.0,1.0,12
5537,M-02-21,666.0,1138.0,2.0,12
5538,M-02-11,666.0,1138.0,1.0,12
5538,M-02-21,666.0,1138.0,2.0,12
5539,M-02-11,666.0,1138.0,1.0,12
5539,M-02-21,666.0,1138.0,2.0,12
5540,M-02-11,666.0,1138.0,1.0,12
5540,M-02-21,666.0,1138.0,2.0,12
5541,M-02-11,666.0,1138.0,1.0,12
5541,M-02-21,666.0,1138.0,2.0,12
5542,M-02-11,666.0,1138.0,1.0,12
5542,M-02-21,666.0,1138.0,2.0,12
5543,M-02-11,666.0,1138.0,1.0,12
5543,M-02-21,666.0,1138.0,2.0,2
5543,N-01-21,666.0,1170.0,2.0,11
5544,M-02-11,666.0,1138.0,1.0,12
5544,N-01-11,666.0,1170.0,1.0,12
5545,M-02-11,666.0,1138.0,1.0,12
5545,N-01-11,666.0,1170.0,1.0,12
5546,M-02-11,666.0,1138.0,1.0,12
5546,N-01-11,666.0,1170.0,1.0,12
5547,M-02-11,666.0,1138.0,1.0,12
5547,N-01-11,666.0,1170.0,1.0,12
5548,M-02-11,666.0,1138.0,1.0,12
5548,N-01-11,666.0,1170.0,1.0,12
5549,M-02-11,666.0,1138.0,1.0,12
5549,N-01-11,666.0,1170.0,1.0,12
5550,M-02-11,666.0,1138.0,1.0,12
5550,N-01-11,666.0,1170.0,1.0,12
5551,M-02-11,666.0,1138.0,1.0,12
5551,N-01-11,666.0,1170.0,1.0,12
5552,M-02-11,666.0,1138.0,1.0,8
5552,N-01-11,666.0,1170.0,1.0,12
5552,N-01-21,666.0,1170.0,2.0,5
5553,O-23-13,86.0,1170.0,1.0,12
5553,O-23-23,86.0,1170.0,2.0,12
5554,O-23-13,86.0,1170.0,1.0,12
5554,O-23-23,86.0,1170.0,2.0,12
5555,O-23-13,86.0,1170.0,1.0,12
5555,O-23-23,86.0,1170.0,2.0,12
5556,O-23-13,86.0,1170.0,1.0,12
5556,O-23-23,86.0,1170.0,2.0,12
5557,O-23-13,86.0,1170.0,1.0,12
5557,O-23-23,86.0,1170.0,2.0,12
5558,O-23-13,86.0,1170.0,1.0,12
5558,O-23-23,86.0,1170.0,2.0,12
5559,O-23-13,86.0,1170.0,1.0,12
5559,O-23-23,86.0,1170.0,2.0,12
5560,O-23-13,86.0,1170.0,1.0,12
5560,O-23-23,86.0,1170.0,2.0,12
5561,O-23-13,86.0,1170.0,1.0,12
5561,O-23-23,86.0,1170.0,2.0,2
5561,O-23-22,102.0,1170.0,2.0,11
5562,O-23-13,86.0,1170.0,1.0,12
5562,O-23-12,102.0,1170.0,1.0,12
5563,O-23-13,86.0,1170.0,1.0,12
5563,O-23-12,102.0,1170.0,1.0,12
5564,O-23-13,86.0,1170.0,1.0,4
5564,O-23-12,102.0,1170.0,1.0,12
5564,O-23-22,102.0,1170.0,2.0,9
5565,O-23-12,102.0,1170.0,1.0,12
5565,O-23-22,102.0,1170.0,2.0,12
5566,O-23-12,102.0,1170.0,1.0,12
5566,O-23-22,102.0,1170.0,2.0,12
5567,O-23-12,102.0,1170.0,1.0,12
5567,O-23-22,102.0,1170.0,2.0,12
5568,O-23-12,102.0,1170.0,1.0,12
5568,O-23-22,102.0,1170.0,2.0,1
5568,O-23-21,118.0,1170.0,2.0,10
5568,O-23-11,118.0,1170.0,1.0,2
5569,O-23-11,118.0,1170.0,1.0,12
5569,O-21-13,136.0,1170.0,1.0,12
5570,O-23-11,118.0,1170.0,1.0,12
5570,O-21-13,136.0,1170.0,1.0,12
5571,O-23-11,118.0,1170.0,1.0,12
5571,O-21-13,136.0,1170.0,1.0,12
5572,O-23-11,118.0,1170.0,1.0,12
5572,O-21-13,136.0,1170.0,1.0,12
5573,O-23-11,118.0,1170.0,1.0,3
5573,O-21-13,136.0,1170.0,1.0,12
5573,O-21-23,136.0,1170.0,2.0,10
5574,O-21-13,136.0,1170.0,1.0,12
5574,O-21-23,136.0,1170.0,2.0,12
5575,O-21-13,136.0,1170.0,1.0,12
5575,O-21-23,136.0,1170.0,2.0,12
5576,O-21-13,136.0,1170.0,1.0,12
5576,O-21-23,136.0,1170.0,2.0,12
5577,O-21-13,136.0,1170.0,1.0,2
5577,O-21-23,136.0,1170.0,2.0,4
5577,O-21-22,152.0,1170.0,2.0,12
5577,O-21-12,152.0,1170.0,1.0,7
5578,O-21-12,152.0,1170.0,1.0,12
5578,O-21-22,152.0,1170.0,2.0,12
5579,O-21-12,152.0,1170.0,1.0,12
5579,O-21-22,152.0,1170.0,2.0,12
5580,O-21-12,152.0,1170.0,1.0,12
5580,O-21-22,152.0,1170.0,2.0,12
5581,O-21-12,152.0,1170.0,1.0,12
5581,O-21-22,152.0,1170.0,2.0,12
5582,O-21-12,152.0,1170.0,1.0,12
5582,O-21-22,152.0,1170.0,2.0,12
5583,O-21-12,152.0,1170.0,1.0,12
5583,O-21-22,152.0,1170.0,2.0,5
5583,O-21-21,168.0,1170.0,2.0,8
5584,O-21-12,152.0,1170.0,1.0,12
5584,O-21-11,168.0,1170.0,1.0,12
5585,O-21-12,152.0,1170.0,1.0,12
5585,O-21-11,168.0,1170.0,1.0,12
5586,O-21-12,152.0,1170.0,1.0,6
5586,O-21-11,168.0,1170.0,1.0,12
5586,O-21-21,168.0,1170.0,2.0,7
5587,O-21-11,168.0,1170.0,1.0,4
5587,O-21-21,168.0,1170.0,2.0,12
5587,O-19-23,186.0,1170.0,2.0,9
5588,O-19-13,186.0,1170.0,1.0,12
5588,O-19-23,186.0,1170.0,2.0,12
5589,O-19-13,186.0,1170.0,1.0,12
5589,O-19-23,186.0,1170.0,2.0,12
5590,O-19-13,186.0,1170.0,1.0,12
5590,O-19-23,186.0,1170.0,2.0,12
5591,O-19-13,186.0,1170.0,1.0,12
5591,O-19-23,186.0,1170.0,2.0,12
5592,O-19-13,186.0,1170.0,1.0,12
5592,O-19-23,186.0,1170.0,2.0,12
5593,O-19-13,186.0,1170.0,1.0,12
5593,O-19-23,186.0,1170.0,2.0,8
5593,O-19-22,202.0,1170.0,2.0,5
5594,O-19-13,186.0,1170.0,1.0,6
5594,O-19-12,202.0,1170.0,1.0,12
5594,O-19-22,202.0,1170.0,2.0,7
5595,O-19-12,202.0,1170.0,1.0,12
5595,O-19-22,202.0,1170.0,2.0,12
5596,O-19-12,202.0,1170.0,1.0,12
5596,O-19-22,202.0,1170.0,2.0,12
5597,O-19-12,202.0,1170.0,1.0,12
5597,O-19-22,202.0,1170.0,2.0,12
5598,O-19-12,202.0,1170.0,1.0,12
5598,O-19-22,202.0,1170.0,2.0,2
5598,O-19-21,218.0,1170.0,2.0,11
5599,O-19-12,202.0,1170.0,1.0,12
5599,O-19-11,218.0,1170.0,1.0,12
5600,O-19-12,202.0,1170.0,1.0,12
5600,O-19-11,218.0,1170.0,1.0,12
5601,O-19-12,202.0,1170.0,1.0,12
5601,O-19-11,218.0,1170.0,1.0,12
5602,O-19-12,202.0,1170.0,1.0,12
5602,O-19-11,218.0,1170.0,1.0,12
5603,O-19-12,202.0,1170.0,1.0,12
5603,O-19-11,218.0,1170.0,1.0,12
5604,O-19-12,202.0,1170.0,1.0,7
5604,O-19-11,218.0,1170.0,1.0,12
5604,O-19-21,218.0,1170.0,2.0,6
5605,O-19-11,218.0,1170.0,1.0,12
5605,O-19-21,218.0,1170.0,2.0,12
5606,O-19-11,218.0,1170.0,1.0,12
5606,O-19-21,218.0,1170.0,2.0,12
5607,O-19-11,218.0,1170.0,1.0,12
5607,O-19-21,218.0,1170.0,2.0,12
5608,O-19-11,218.0,1170.0,1.0,9
5608,O-19-21,218.0,1170.0,2.0,12
5608,O-17-23,236.0,1170.0,2.0,4
5609,O-17-13,236.0,1170.0,1.0,12
5609,O-17-23,236.0,1170.0,2.0,12
5610,O-17-13,236.0,1170.0,1.0,12
5610,O-17-23,236.0,1170.0,2.0,12
5611,O-17-13,236.0,1170.0,1.0,12
5611,O-17-23,236.0,1170.0,2.0,12
5612,O-17-13,236.0,1170.0,1.0,12
5612,O-17-23,236.0,1170.0,2.0,12
5613,O-17-13,236.0,1170.0,1.0,12
5613,O-17-23,236.0,1170.0,2.0,12
5614,O-17-13,236.0,1170.0,1.0,12
5614,O-17-23,236.0,1170.0,2.0,12
5615,O-17-13,236.0,1170.0,1.0,6
5615,O-17-23,236.0,1170.0,2.0,1
5615,O-17-22,252.0,1170.0,2.0,12
5615,O-17-12,252.0,1170.0,1.0,6
5616,O-17-12,252.0,1170.0,1.0,12
5616,O-17-22,252.0,1170.0,2.0,12
5617,O-17-12,252.0,1170.0,1.0,12
5617,O-17-22,252.0,1170.0,2.0,12
5618,O-17-12,252.0,1170.0,1.0,12
5618,O-17-22,252.0,1170.0,2.0,12
5619,O-17-12,252.0,1170.0,1.0,12
5619,O-17-22,252.0,1170.0,2.0,12
5620,O-17-12,252.0,1170.0,1.0,12
5620,O-17-22,252.0,1170.0,2.0,12
5621,O-17-12,252.0,1170.0,1.0,12
5621,O-17-22,252.0,1170.0,2.0,12
5622,O-17-12,252.0,1170.0,1.0,12
5622,O-17-22,252.0,1170.0,2.0,12
5623,O-17-12,252.0,1170.0,1.0,12
5623,O-17-22,252.0,1170.0,2.0,12
5624,O-17-12,252.0,1170.0,1.0,12
5624,O-17-22,252.0,1170.0,2.0,5
5624,O-17-21,268.0,1170.0,2.0,8
5625,O-17-12,252.0,1170.0,1.0,12
5625,O-17-11,268.0,1170.0,1.0,12
5626,O-17-11,268.0,1170.0,1.0,12
5626,O-17-21,268.0,1170.0,2.0,12
5627,O-17-11,268.0,1170.0,1.0,5
5627,O-17-21,268.0,1170.0,2.0,12
5627,O-15-23,286.0,1170.0,2.0,8
5628,O-15-13,286.0,1170.0,1.0,12
5628,O-15-23,286.0,1170.0,2.0,12
5629,O-15-13,286.0,1170.0,1.0,12
5629,O-15-23,286.0,1170.0,2.0,12
5630,O-15-13,286.0,1170.0,1.0,12
5630,O-15-23,286.0,1170.0,2.0,12
5631,O-15-13,286.0,1170.0,1.0,12
5631,O-15-23,286.0,1170.0,2.0,12
5632,O-15-13,286.0,1170.0,1.0,12
5632,O-15-23,286.0,1170.0,2.0,12
5633,O-15-13,286.0,1170.0,1.0,12
5633,O-15-23,286.0,1170.0,2.0,12
5634,O-15-13,286.0,1170.0,1.0,12
5634,O-15-23,286.0,1170.0,2.0,12
5635,O-15-13,286.0,1170.0,1.0,12
5635,O-15-23,286.0,1170.0,2.0,12
5636,O-15-13,286.0,1170.0,1.0,12
5636,O-15-23,286.0,1170.0,2.0,12
5637,O-15-13,286.0,1170.0,1.0,12
5637,O-15-23,286.0,1170.0,2.0,12
5638,O-15-13,286.0,1170.0,1.0,12
5638,O-15-23,286.0,1170.0,2.0,12
5639,O-15-13,286.0,1170.0,1.0,12
5639,O-15-23,286.0,1170.0,2.0,12
5640,O-15-13,286.0,1170.0,1.0,12
5640,O-15-23,286.0,1170.0,2.0,11
5640,O-15-22,302.0,1170.0,2.0,2
5641,O-15-13,286.0,1170.0,1.0,8
5641,O-15-12,302.0,1170.0,1.0,12
5641,O-15-22,302.0,1170.0,2.0,5
5642,O-15-12,302.0,1170.0,1.0,12
5642,O-15-22,302.0,1170.0,2.0,12
5643,O-15-12,302.0,1170.0,1.0,12
5643,O-15-22,302.0,1170.0,2.0,12
5644,O-15-12,302.0,1170.0,1.0,12
5644,O-15-22,302.0,1170.0,2.0,12
5645,O-15-12,302.0,1170.0,1.0,12
5645,O-15-22,302.0,1170.0,2.0,12
5646,O-15-12,302.0,1170.0,1.0,12
5646,O-15-22,302.0,1170.0,2.0,12
5647,O-15-12,302.0,1170.0,1.0,12
5647,O-15-22,302.0,1170.0,2.0,12
5648,O-15-12,302.0,1170.0,1.0,12
5648,O-15-22,302.0,1170.0,2.0,12
5649,O-15-12,302.0,1170.0,1.0,12
5649,O-15-22,302.0,1170.0,2.0,12
5650,O-15-12,302.0,1170.0,1.0,12
5650,O-15-22,302.0,1170.0,2.0,12
5651,O-15-12,302.0,1170.0,1.0,12
5651,O-15-22,302.0,1170.0,2.0,6
5651,O-15-21,318.0,1170.0,2.0,7
5652,O-15-12,302.0,1170.0,1.0,3
5652,O-15-11,318.0,1170.0,1.0,12
5652,O-15-21,318.0,1170.0,2.0,10
5653,O-15-11,318.0,1170.0,1.0,12
5653,O-15-21,318.0,1170.0,2.0,12
5654,O-15-11,318.0,1170.0,1.0,12
5654,O-15-21,318.0,1170.0,2.0,12
5655,O-15-11,318.0,1170.0,1.0,12
5655,O-15-21,318.0,1170.0,2.0,12
5656,O-15-11,318.0,1170.0,1.0,12
5656,O-15-21,318.0,1170.0,2.0,12
5657,O-15-11,318.0,1170.0,1.0,12
5657,O-15-21,318.0,1170.0,2.0,12
5658,O-15-11,318.0,1170.0,1.0,12
5658,O-15-21,318.0,1170.0,2.0,12
5659,O-15-11,318.0,1170.0,1.0,12
5659,O-15-21,318.0,1170.0,2.0,12
5660,O-15-11,318.0,1170.0,1.0,12
5660,O-15-21,318.0,1170.0,2.0,12
5661,O-15-11,318.0,1170.0,1.0,12
5661,O-15-21,318.0,1170.0,2.0,1
5661,O-13-23,336.0,1170.0,2.0,12
5662,O-15-11,318.0,1170.0,1.0,12
5662,O-13-13,336.0,1170.0,1.0,12
5663,O-15-11,318.0,1170.0,1.0,12
5663,O-13-13,336.0,1170.0,1.0,12
5664,O-15-11,318.0,1170.0,1.0,10
5664,O-13-13,336.0,1170.0,1.0,12
5664,O-13-23,336.0,1170.0,2.0,3
5665,O-13-13,336.0,1170.0,1.0,12
5665,O-13-23,336.0,1170.0,2.0,12
5666,O-13-13,336.0,1170.0,1.0,12
5666,O-13-23,336.0,1170.0,2.0,12
5667,O-13-13,336.0,1170.0,1.0,12
5667,O-13-23,336.0,1170.0,2.0,12
5668,O-13-13,336.0,1170.0,1.0,12
5668,O-13-23,336.0,1170.0,2.0,12
5669,O-13-13,336.0,1170.0,1.0,12
5669,O-13-23,336.0,1170.0,2.0,12
5670,O-13-13,336.0,1170.0,1.0,12
5670,O-13-23,336.0,1170.0,2.0,12
5671,O-13-13,336.0,1170.0,1.0,12
5671,O-13-23,336.0,1170.0,2.0,12
5672,O-13-13,336.0,1170.0,1.0,12
5672,O-13-23,336.0,1170.0,2.0,12
5673,O-13-13,336.0,1170.0,1.0,12
5673,O-13-23,336.0,1170.0,2.0,12
5674,O-13-13,336.0,1170.0,1.0,12
5674,O-13-23,336.0,1170.0,2.0,12
5675,O-13-13,336.0,1170.0,1.0,12
5675,O-13-23,336.0,1170.0,2.0,12
5676,O-13-13,336.0,1170.0,1.0,12
5676,O-13-23,336.0,1170.0,2.0,12
5677,O-13-13,336.0,1170.0,1.0,12
5677,O-13-23,336.0,1170.0,2.0,12
5678,O-13-13,336.0,1170.0,1.0,12
5678,O-13-23,336.0,1170.0,2.0,12
5679,O-13-13,336.0,1170.0,1.0,8
5679,O-13-23,336.0,1170.0,2.0,12
5679,O-13-22,352.0,1170.0,2.0,5
5680,O-13-12,352.0,1170.0,1.0,12
5680,O-13-22,352.0,1170.0,2.0,12
5681,O-13-12,352.0,1170.0,1.0,12
5681,O-13-22,352.0,1170.0,2.0,12
5682,O-13-12,352.0,1170.0,1.0,12
5682,O-13-22,352.0,1170.0,2.0,12
5683,O-13-12,352.0,1170.0,1.0,12
5683,O-13-22,352.0,1170.0,2.0,12
5684,O-13-12,352.0,1170.0,1.0,12
5684,O-13-22,352.0,1170.0,2.0,12
5685,O-13-12,352.0,1170.0,1.0,12
5685,O-13-22,352.0,1170.0,2.0,12
5686,O-13-12,352.0,1170.0,1.0,12
5686,O-13-22,352.0,1170.0,2.0,12
5687,O-13-12,352.0,1170.0,1.0,12
5687,O-13-22,352.0,1170.0,2.0,12
5688,O-13-12,352.0,1170.0,1.0,12
5688,O-13-22,352.0,1170.0,2.0,7
5688,O-13-23,336.0,1170.0,2.0,6
5689,O-13-12,352.0,1170.0,1.0,12
5689,O-13-11,368.0,1170.0,1.0,12
5690,O-13-12,352.0,1170.0,1.0,12
5690,O-13-11,368.0,1170.0,1.0,12
5691,O-13-12,352.0,1170.0,1.0,12
5691,O-13-11,368.0,1170.0,1.0,12
5692,O-13-12,352.0,1170.0,1.0,6
5692,O-13-11,368.0,1170.0,1.0,12
5692,O-13-21,368.0,1170.0,2.0,7
5693,O-13-11,368.0,1170.0,1.0,12
5693,O-13-21,368.0,1170.0,2.0,12
5694,O-13-11,368.0,1170.0,1.0,12
5694,O-13-21,368.0,1170.0,2.0,12
5695,O-13-11,368.0,1170.0,1.0,12
5695,O-13-21,368.0,1170.0,2.0,12
5696,O-13-11,368.0,1170.0,1.0,12
5696,O-13-21,368.0,1170.0,2.0,12
5697,O-13-11,368.0,1170.0,1.0,12
5697,O-13-21,368.0,1170.0,2.0,12
5698,O-13-11,368.0,1170.0,1.0,12
5698,O-13-21,368.0,1170.0,2.0,12
5699,O-13-11,368.0,1170.0,1.0,12
5699,O-13-21,368.0,1170.0,2.0,12
5700,O-13-11,368.0,1170.0,1.0,12
5700,O-13-21,368.0,1170.0,2.0,12
5701,O-13-11,368.0,1170.0,1.0,12
5701,O-13-21,368.0,1170.0,2.0,12
5702,O-13-11,368.0,1170.0,1.0,12
5702,O-13-21,368.0,1170.0,2.0,12
5703,O-13-11,368.0,1170.0,1.0,12
5703,O-13-21,368.0,1170.0,2.0,12
5704,O-13-11,368.0,1170.0,1.0,4
5704,O-13-21,368.0,1170.0,2.0,6
5704,O-13-23,336.0,1170.0,2.0,12
5705,N-09-13,434.0,1170.0,1.0,12
5705,N-09-23,434.0,1170.0,2.0,12
5706,N-09-13,434.0,1170.0,1.0,12
5706,N-09-23,434.0,1170.0,2.0,12
5707,N-09-13,434.0,1170.0,1.0,12
5707,N-09-23,434.0,1170.0,2.0,12
5708,N-09-13,434.0,1170.0,1.0,12
5708,N-09-23,434.0,1170.0,2.0,12
5709,N-09-13,434.0,1170.0,1.0,10
5709,N-09-23,434.0,1170.0,2.0,12
5709,N-09-22,450.0,1170.0,2.0,3
5710,N-09-12,450.0,1170.0,1.0,12
5710,N-09-22,450.0,1170.0,2.0,12
5711,N-09-12,450.0,1170.0,1.0,12
5711,N-09-22,450.0,1170.0,2.0,12
5712,N-09-12,450.0,1170.0,1.0,12
5712,N-09-22,450.0,1170.0,2.0,12
5713,N-09-12,450.0,1170.0,1.0,12
5713,N-09-22,450.0,1170.0,2.0,12
5714,N-09-12,450.0,1170.0,1.0,12
5714,N-09-22,450.0,1170.0,2.0,12
5715,N-09-12,450.0,1170.0,1.0,12
5715,N-09-22,450.0,1170.0,2.0,12
5716,N-09-12,450.0,1170.0,1.0,12
5716,N-09-22,450.0,1170.0,2.0,12
5717,N-09-12,450.0,1170.0,1.0,12
5717,N-09-22,450.0,1170.0,2.0,12
5718,N-09-12,450.0,1170.0,1.0,12
5718,N-09-22,450.0,1170.0,2.0,12
5719,N-09-12,450.0,1170.0,1.0,12
5719,N-09-22,450.0,1170.0,2.0,12
5720,N-09-12,450.0,1170.0,1.0,12
5720,N-09-22,450.0,1170.0,2.0,12
5721,N-09-12,450.0,1170.0,1.0,12
5721,N-09-22,450.0,1170.0,2.0,12
5722,N-09-12,450.0,1170.0,1.0,12
5722,N-09-22,450.0,1170.0,2.0,1
5722,N-09-23,434.0,1170.0,2.0,12
5723,N-09-12,450.0,1170.0,1.0,12
5723,N-09-11,466.0,1170.0,1.0,12
5724,N-09-12,450.0,1170.0,1.0,12
5724,N-09-11,466.0,1170.0,1.0,12
5725,N-09-12,450.0,1170.0,1.0,12
5725,N-09-11,466.0,1170.0,1.0,12
5726,N-09-12,450.0,1170.0,1.0,12
5726,N-09-11,466.0,1170.0,1.0,12
5727,N-09-12,450.0,1170.0,1.0,12
5727,N-09-11,466.0,1170.0,1.0,12
5728,N-09-12,450.0,1170.0,1.0,3
5728,N-09-11,466.0,1170.0,1.0,12
5728,N-09-21,466.0,1170.0,2.0,10
5729,N-09-11,466.0,1170.0,1.0,12
5729,N-09-21,466.0,1170.0,2.0,12
5730,N-09-11,466.0,1170.0,1.0,12
5730,N-09-21,466.0,1170.0,2.0,12
5731,N-09-11,466.0,1170.0,1.0,12
5731,N-09-21,466.0,1170.0,2.0,12
5732,N-09-11,466.0,1170.0,1.0,12
5732,N-09-21,466.0,1170.0,2.0,12
5733,N-09-11,466.0,1170.0,1.0,12
5733,N-09-21,466.0,1170.0,2.0,12
5734,N-09-11,466.0,1170.0,1.0,12
5734,N-09-21,466.0,1170.0,2.0,12
5735,N-09-11,466.0,1170.0,1.0,12
5735,N-09-21,466.0,1170.0,2.0,12
5736,N-09-11,466.0,1170.0,1.0,12
5736,N-09-21,466.0,1170.0,2.0,12
5737,N-09-11,466.0,1170.0,1.0,12
5737,N-09-21,466.0,1170.0,2.0,12
5738,N-09-11,466.0,1170.0,1.0,12
5738,N-09-21,466.0,1170.0,2.0,12
5739,N-09-11,466.0,1170.0,1.0,2
5739,N-09-21,466.0,1170.0,2.0,12
5739,N-07-23,484.0,1170.0,2.0,11
5740,N-07-13,484.0,1170.0,1.0,12
5740,N-07-23,484.0,1170.0,2.0,12
5741,N-07-13,484.0,1170.0,1.0,12
5741,N-07-23,484.0,1170.0,2.0,12
5742,N-07-13,484.0,1170.0,1.0,12
5742,N-07-23,484.0,1170.0,2.0,12
5743,N-07-13,484.0,1170.0,1.0,12
5743,N-07-23,484.0,1170.0,2.0,12
5744,N-07-13,484.0,1170.0,1.0,12
5744,N-07-23,484.0,1170.0,2.0,3
5744,N-07-22,500.0,1170.0,2.0,10
5745,N-07-13,484.0,1170.0,1.0,12
5745,N-07-12,500.0,1170.0,1.0,12
5746,N-07-13,484.0,1170.0,1.0,12
5746,N-07-12,500.0,1170.0,1.0,12
5747,N-07-13,484.0,1170.0,1.0,12
5747,N-07-12,500.0,1170.0,1.0,12
5748,N-07-13,484.0,1170.0,1.0,12
5748,N-07-12,500.0,1170.0,1.0,12
5749,N-07-13,484.0,1170.0,1.0,12
5749,N-07-12,500.0,1170.0,1.0,12
5750,N-07-13,484.0,1170.0,1.0,12
5750,N-07-12,500.0,1170.0,1.0,7
5750,N-07-22,500.0,1170.0,2.0,6
5751,N-07-13,484.0,1170.0,1.0,12
5751,N-07-22,500.0,1170.0,2.0,2
5751,N-07-21,516.0,1170.0,2.0,11
5752,N-07-13,484.0,1170.0,1.0,12
5752,N-09-21,466.0,1170.0,2.0,12
5753,N-07-11,516.0,1170.0,1.0,12
5753,N-07-21,516.0,1170.0,2.0,8
5753,N-05-23,534.0,1170.0,2.0,5
5754,N-07-11,516.0,1170.0,1.0,12
5754,N-05-13,534.0,1170.0,1.0,12
5755,N-07-11,516.0,1170.0,1.0,12
5755,N-05-13,534.0,1170.0,1.0,12
5756,N-07-11,516.0,1170.0,1.0,12
5756,N-05-13,534.0,1170.0,1.0,12
5757,N-07-11,516.0,1170.0,1.0,8
5757,N-05-13,534.0,1170.0,1.0,12
5757,N-05-23,534.0,1170.0,2.0,5
5758,N-05-13,534.0,1170.0,1.0,12
5758,N-05-23,534.0,1170.0,2.0,12
5759,N-05-13,534.0,1170.0,1.0,12
5759,N-05-23,534.0,1170.0,2.0,12
5760,N-05-13,534.0,1170.0,1.0,12
5760,N-05-23,534.0,1170.0,2.0,12
5761,N-05-13,534.0,1170.0,1.0,12
5761,N-05-23,534.0,1170.0,2.0,12
5762,N-05-13,534.0,1170.0,1.0,12
5762,N-05-23,534.0,1170.0,2.0,12
5763,N-05-13,534.0,1170.0,1.0,12
5763,N-05-23,534.0,1170.0,2.0,12
5764,N-05-13,534.0,1170.0,1.0,12
5764,N-05-23,534.0,1170.0,2.0,12
5765,N-05-13,534.0,1170.0,1.0,12
5765,N-05-23,534.0,1170.0,2.0,12
5766,N-05-13,534.0,1170.0,1.0,12
5766,N-05-23,534.0,1170.0,2.0,12
5767,N-05-13,534.0,1170.0,1.0,12
5767,N-05-23,534.0,1170.0,2.0,12
5768,N-05-13,534.0,1170.0,1.0,12
5768,N-05-23,534.0,1170.0,2.0,12
5769,N-05-13,534.0,1170.0,1.0,12
5769,N-05-23,534.0,1170.0,2.0,12
5770,N-05-13,534.0,1170.0,1.0,12
5770,N-05-23,534.0,1170.0,2.0,12
5771,N-05-13,534.0,1170.0,1.0,12
5771,N-05-23,534.0,1170.0,2.0,12
5772,N-05-13,534.0,1170.0,1.0,12
5772,N-05-23,534.0,1170.0,2.0,12
5773,N-05-13,534.0,1170.0,1.0,12
5773,N-05-23,534.0,1170.0,2.0,12
5774,N-05-13,534.0,1170.0,1.0,12
5774,N-05-23,534.0,1170.0,2.0,12
5775,N-05-13,534.0,1170.0,1.0,5
5775,N-05-23,534.0,1170.0,2.0,12
5775,N-05-22,550.0,1170.0,2.0,8
5776,N-05-12,550.0,1170.0,1.0,12
5776,N-05-22,550.0,1170.0,2.0,12
5777,N-05-12,550.0,1170.0,1.0,12
5777,N-05-22,550.0,1170.0,2.0,12
5778,N-05-12,550.0,1170.0,1.0,12
5778,N-05-22,550.0,1170.0,2.0,12
5779,N-05-12,550.0,1170.0,1.0,12
5779,N-05-22,550.0,1170.0,2.0,12
5780,N-05-12,550.0,1170.0,1.0,12
5780,N-05-22,550.0,1170.0,2.0,12
5781,N-05-12,550.0,1170.0,1.0,12
5781,N-05-22,550.0,1170.0,2.0,12
5782,N-05-12,550.0,1170.0,1.0,12
5782,N-05-22,550.0,1170.0,2.0,12
5783,N-05-12,550.0,1170.0,1.0,12
5783,N-05-22,550.0,1170.0,2.0,12
5784,N-05-12,550.0,1170.0,1.0,12
5784,N-05-22,550.0,1170.0,2.0,12
5785,N-05-12,550.0,1170.0,1.0,12
5785,N-05-22,550.0,1170.0,2.0,12
5786,N-05-12,550.0,1170.0,1.0,12
5786,N-05-22,550.0,1170.0,2.0,12
5787,N-05-12,550.0,1170.0,1.0,12
5787,N-05-22,550.0,1170.0,2.0,12
5788,N-05-12,550.0,1170.0,1.0,12
5788,N-05-22,550.0,1170.0,2.0,12
5789,N-05-12,550.0,1170.0,1.0,12
5789,N-05-22,550.0,1170.0,2.0,12
5790,N-05-12,550.0,1170.0,1.0,12
5790,N-05-22,550.0,1170.0,2.0,12
5791,N-05-12,550.0,1170.0,1.0,12
5791,N-05-22,550.0,1170.0,2.0,12
5792,N-05-12,550.0,1170.0,1.0,12
5792,N-05-22,550.0,1170.0,2.0,12
5793,N-05-12,550.0,1170.0,1.0,9
5793,N-05-22,550.0,1170.0,2.0,12
5793,N-05-23,534.0,1170.0,2.0,1
5793,M-06-23,534.0,1138.0,2.0,3
5794,N-05-11,566.0,1170.0,1.0,12
5794,N-05-21,566.0,1170.0,2.0,12
5795,N-05-11,566.0,1170.0,1.0,12
5795,N-05-21,566.0,1170.0,2.0,12
5796,N-05-11,566.0,1170.0,1.0,12
5796,N-05-21,566.0,1170.0,2.0,12
5797,N-05-11,566.0,1170.0,1.0,12
5797,N-05-21,566.0,1170.0,2.0,12
5798,N-05-11,566.0,1170.0,1.0,12
5798,N-05-21,566.0,1170.0,2.0,12
5799,N-05-11,566.0,1170.0,1.0,12
5799,N-05-21,566.0,1170.0,2.0,12
5800,N-05-11,566.0,1170.0,1.0,12
5800,N-05-21,566.0,1170.0,2.0,12
5801,N-05-11,566.0,1170.0,1.0,12
5801,N-05-21,566.0,1170.0,2.0,12
5802,N-05-11,566.0,1170.0,1.0,12
5802,N-05-21,566.0,1170.0,2.0,12
5803,N-05-11,566.0,1170.0,1.0,12
5803,N-05-21,566.0,1170.0,2.0,12
5804,N-05-11,566.0,1170.0,1.0,12
5804,N-05-21,566.0,1170.0,2.0,12
5805,N-05-11,566.0,1170.0,1.0,12
5805,N-05-21,566.0,1170.0,2.0,12
5806,N-05-11,566.0,1170.0,1.0,2
5806,N-05-21,566.0,1170.0,2.0,12
5806,N-03-23,584.0,1170.0,2.0,11
5807,N-03-13,584.0,1170.0,1.0,12
5807,N-03-23,584.0,1170.0,2.0,12
5808,N-03-13,584.0,1170.0,1.0,1
5808,N-03-23,584.0,1170.0,2.0,12
5808,N-03-22,600.0,1170.0,2.0,12
5809,N-03-12,600.0,1170.0,1.0,12
5809,N-03-22,600.0,1170.0,2.0,12
5810,N-03-12,600.0,1170.0,1.0,3
5810,N-03-22,600.0,1170.0,2.0,12
5810,N-03-23,584.0,1170.0,2.0,10
5811,N-03-11,616.0,1170.0,1.0,12
5811,N-03-21,616.0,1170.0,2.0,12
5812,N-03-11,616.0,1170.0,1.0,12
5812,N-03-21,616.0,1170.0,2.0,12
5813,N-03-11,616.0,1170.0,1.0,10
5813,N-03-21,616.0,1170.0,2.0,12
5813,N-03-22,600.0,1170.0,2.0,3
5814,N-01-13,634.0,1170.0,1.0,12
5814,N-01-23,634.0,1170.0,2.0,12
5815,N-01-13,634.0,1170.0,1.0,12
5815,N-01-23,634.0,1170.0,2.0,12
5816,N-01-13,634.0,1170.0,1.0,12
5816,N-01-23,634.0,1170.0,2.0,12
5817,N-01-13,634.0,1170.0,1.0,12
5817,N-01-23,634.0,1170.0,2.0,12
5818,N-01-13,634.0,1170.0,1.0,12
5818,N-01-23,634.0,1170.0,2.0,12
5819,N-01-13,634.0,1170.0,1.0,12
5819,N-01-23,634.0,1170.0,2.0,12
5820,N-01-13,634.0,1170.0,1.0,12
5820,N-01-23,634.0,1170.0,2.0,12
5821,N-01-13,634.0,1170.0,1.0,2
5821,N-01-23,634.0,1170.0,2.0,12
5821,N-01-22,650.0,1170.0,2.0,11
5822,N-01-12,650.0,1170.0,1.0,12
5822,N-01-22,650.0,1170.0,2.0,12
5823,N-01-12,650.0,1170.0,1.0,12
5823,N-01-22,650.0,1170.0,2.0,12
5824,N-01-12,650.0,1170.0,1.0,12
5824,N-01-22,650.0,1170.0,2.0,12
5825,N-01-12,650.0,1170.0,1.0,12
5825,N-01-22,650.0,1170.0,2.0,12
5826,N-01-12,650.0,1170.0,1.0,12
5826,N-01-22,650.0,1170.0,2.0,12
5827,N-01-12,650.0,1170.0,1.0,12
5827,N-01-22,650.0,1170.0,2.0,12
5828,N-01-12,650.0,1170.0,1.0,12
5828,N-01-22,650.0,1170.0,2.0,12
5829,N-01-12,650.0,1170.0,1.0,12
5829,N-01-22,650.0,1170.0,2.0,12
5830,N-01-12,650.0,1170.0,1.0,12
5830,N-01-22,650.0,1170.0,2.0,12
5831,N-01-12,650.0,1170.0,1.0,12
5831,N-01-22,650.0,1170.0,2.0,12
5832,N-01-12,650.0,1170.0,1.0,12
5832,N-01-22,650.0,1170.0,2.0,12
5833,N-01-12,650.0,1170.0,1.0,12
5833,N-01-22,650.0,1170.0,2.0,10
5833,N-01-23,634.0,1170.0,2.0,3
5834,N-01-12,650.0,1170.0,1.0,12
5834,N-01-11,666.0,1170.0,1.0,12
5835,N-01-12,650.0,1170.0,1.0,12
5835,N-01-11,666.0,1170.0,1.0,12
5836,N-01-12,650.0,1170.0,1.0,12
5836,N-01-11,666.0,1170.0,1.0,12
5837,N-01-12,650.0,1170.0,1.0,12
5837,N-01-11,666.0,1170.0,1.0,12
5838,N-01-12,650.0,1170.0,1.0,12
5838,N-01-11,666.0,1170.0,1.0,12
5839,N-01-12,650.0,1170.0,1.0,12
5839,N-01-11,666.0,1170.0,1.0,2
5839,N-01-21,666.0,1170.0,2.0,11
5840,N-01-12,650.0,1170.0,1.0,11
5840,N-01-23,634.0,1170.0,2.0,12
5840,N-03-21,616.0,1170.0,2.0,2
5841,O-24-13,86.0,1228.0,1.0,12
5841,O-24-23,86.0,1228.0,2.0,12
5842,O-24-13,86.0,1228.0,1.0,12
5842,O-24-23,86.0,1228.0,2.0,12
5843,O-24-13,86.0,1228.0,1.0,12
5843,O-24-23,86.0,1228.0,2.0,7
5843,O-24-22,102.0,1228.0,2.0,6
5844,O-24-13,86.0,1228.0,1.0,12
5844,O-24-12,102.0,1228.0,1.0,12
5845,O-24-13,86.0,1228.0,1.0,3
5845,O-24-12,102.0,1228.0,1.0,12
5845,O-24-22,102.0,1228.0,2.0,10
5846,O-24-12,102.0,1228.0,1.0,12
5846,O-24-22,102.0,1228.0,2.0,12
5847,O-24-12,102.0,1228.0,1.0,12
5847,O-24-22,102.0,1228.0,2.0,12
5848,O-24-12,102.0,1228.0,1.0,12
5848,O-24-22,102.0,1228.0,2.0,10
5848,O-24-21,118.0,1228.0,2.0,3
5849,O-24-12,102.0,1228.0,1.0,12
5849,O-24-11,118.0,1228.0,1.0,12
5850,O-24-12,102.0,1228.0,1.0,12
5850,O-24-11,118.0,1228.0,1.0,12
5851,O-24-12,102.0,1228.0,1.0,12
5851,O-24-11,118.0,1228.0,1.0,12
5852,O-24-12,102.0,1228.0,1.0,12
5852,O-24-11,118.0,1228.0,1.0,12
5853,O-24-12,102.0,1228.0,1.0,1
5853,O-24-11,118.0,1228.0,1.0,12
5853,O-24-21,118.0,1228.0,2.0,12
5854,O-24-11,118.0,1228.0,1.0,12
5854,O-24-21,118.0,1228.0,2.0,12
5855,O-24-11,118.0,1228.0,1.0,12
5855,O-24-21,118.0,1228.0,2.0,12
5856,O-24-11,118.0,1228.0,1.0,12
5856,O-24-21,118.0,1228.0,2.0,12
5857,O-24-11,118.0,1228.0,1.0,12
5857,O-24-21,118.0,1228.0,2.0,12
5858,O-24-11,118.0,1228.0,1.0,12
5858,O-24-21,118.0,1228.0,2.0,12
5859,O-24-11,118.0,1228.0,1.0,12
5859,O-24-21,118.0,1228.0,2.0,12
5860,O-24-11,118.0,1228.0,1.0,12
5860,O-24-21,118.0,1228.0,2.0,12
5861,O-24-11,118.0,1228.0,1.0,5
5861,O-24-21,118.0,1228.0,2.0,12
5861,O-22-23,136.0,1228.0,2.0,8
5862,O-22-13,136.0,1228.0,1.0,12
5862,O-22-23,136.0,1228.0,2.0,12
5863,O-22-13,136.0,1228.0,1.0,12
5863,O-22-23,136.0,1228.0,2.0,12
5864,O-22-13,136.0,1228.0,1.0,12
5864,O-22-23,136.0,1228.0,2.0,12
5865,O-22-13,136.0,1228.0,1.0,12
5865,O-22-23,136.0,1228.0,2.0,12
5866,O-22-13,136.0,1228.0,1.0,12
5866,O-22-23,136.0,1228.0,2.0,12
5867,O-22-13,136.0,1228.0,1.0,12
5867,O-22-23,136.0,1228.0,2.0,12
5868,O-22-13,136.0,1228.0,1.0,12
5868,O-22-23,136.0,1228.0,2.0,12
5869,O-22-13,136.0,1228.0,1.0,12
5869,O-22-23,136.0,1228.0,2.0,1
5869,O-22-22,152.0,1228.0,2.0,12
5870,O-22-13,136.0,1228.0,1.0,12
5870,O-22-12,152.0,1228.0,1.0,12
5871,O-22-13,136.0,1228.0,1.0,11
5871,O-22-12,152.0,1228.0,1.0,12
5871,O-22-22,152.0,1228.0,2.0,2
5872,O-22-12,152.0,1228.0,1.0,12
5872,O-22-22,152.0,1228.0,2.0,12
5873,O-22-12,152.0,1228.0,1.0,12
5873,O-22-22,152.0,1228.0,2.0,12
5874,O-22-12,152.0,1228.0,1.0,12
5874,O-22-22,152.0,1228.0,2.0,12
5875,O-22-12,152.0,1228.0,1.0,12
5875,O-22-22,152.0,1228.0,2.0,12
5876,O-22-12,152.0,1228.0,1.0,12
5876,O-22-22,152.0,1228.0,2.0,12
5877,O-22-12,152.0,1228.0,1.0,12
5877,O-22-22,152.0,1228.0,2.0,12
5878,O-22-12,152.0,1228.0,1.0,12
5878,O-22-22,152.0,1228.0,2.0,12
5879,O-22-12,152.0,1228.0,1.0,12
5879,O-22-22,152.0,1228.0,2.0,12
5880,O-22-12,152.0,1228.0,1.0,12
5880,O-22-22,152.0,1228.0,2.0,12
5881,O-22-12,152.0,1228.0,1.0,12
5881,O-22-22,152.0,1228.0,2.0,12
5882,O-22-12,152.0,1228.0,1.0,5
5882,O-22-22,152.0,1228.0,2.0,12
5882,O-22-21,168.0,1228.0,2.0,8
5883,O-22-11,168.0,1228.0,1.0,12
5883,O-22-21,168.0,1228.0,2.0,12
5884,O-22-11,168.0,1228.0,1.0,12
5884,O-22-21,168.0,1228.0,2.0,12
5885,O-22-11,168.0,1228.0,1.0,12
5885,O-22-21,168.0,1228.0,2.0,12
5886,O-22-11,168.0,1228.0,1.0,12
5886,O-22-21,168.0,1228.0,2.0,12
5887,O-22-11,168.0,1228.0,1.0,12
5887,O-22-21,168.0,1228.0,2.0,12
5888,O-22-11,168.0,1228.0,1.0,12
5888,O-22-21,168.0,1228.0,2.0,12
5889,O-22-11,168.0,1228.0,1.0,12
5889,O-22-21,168.0,1228.0,2.0,12
5890,O-22-11,168.0,1228.0,1.0,12
5890,O-22-21,168.0,1228.0,2.0,12
5891,O-22-11,168.0,1228.0,1.0,3
5891,O-22-21,168.0,1228.0,2.0,6
5891,O-22-22,152.0,1228.0,2.0,12
5891,P-21-22,152.0,1260.0,2.0,4
5892,O-20-13,186.0,1228.0,1.0,12
5892,O-20-23,186.0,1228.0,2.0,12
5893,O-20-13,186.0,1228.0,1.0,12
5893,O-20-23,186.0,1228.0,2.0,12
5894,O-20-13,186.0,1228.0,1.0,12
5894,O-20-23,186.0,1228.0,2.0,12
5895,O-20-13,186.0,1228.0,1.0,12
5895,O-20-23,186.0,1228.0,2.0,12
5896,O-20-13,186.0,1228.0,1.0,12
5896,O-20-23,186.0,1228.0,2.0,12
5897,O-20-13,186.0,1228.0,1.0,12
5897,O-20-23,186.0,1228.0,2.0,12
5898,O-20-13,186.0,1228.0,1.0,12
5898,O-20-23,186.0,1228.0,2.0,12
5899,O-20-13,186.0,1228.0,1.0,12
5899,O-20-23,186.0,1228.0,2.0,12
5900,O-20-13,186.0,1228.0,1.0,12
5900,O-20-23,186.0,1228.0,2.0,5
5900,O-20-22,202.0,1228.0,2.0,8
5901,O-20-13,186.0,1228.0,1.0,12
5901,O-20-12,202.0,1228.0,1.0,12
5902,O-20-13,186.0,1228.0,1.0,12
5902,O-20-12,202.0,1228.0,1.0,12
5903,O-20-13,186.0,1228.0,1.0,12
5903,O-20-12,202.0,1228.0,1.0,12
5904,O-20-13,186.0,1228.0,1.0,6
5904,O-20-12,202.0,1228.0,1.0,12
5904,O-20-22,202.0,1228.0,2.0,7
5905,O-20-12,202.0,1228.0,1.0,12
5905,O-20-22,202.0,1228.0,2.0,12
5906,O-20-12,202.0,1228.0,1.0,12
5906,O-20-22,202.0,1228.0,2.0,3
5906,O-20-21,218.0,1228.0,2.0,10
5907,O-20-12,202.0,1228.0,1.0,5
5907,O-20-11,218.0,1228.0,1.0,12
5907,O-20-21,218.0,1228.0,2.0,8
5908,O-20-11,218.0,1228.0,1.0,12
5908,O-20-21,218.0,1228.0,2.0,12
5909,O-20-11,218.0,1228.0,1.0,12
5909,O-20-21,218.0,1228.0,2.0,12
5910,O-20-11,218.0,1228.0,1.0,12
5910,O-20-21,218.0,1228.0,2.0,12
5911,O-20-11,218.0,1228.0,1.0,12
5911,O-20-21,218.0,1228.0,2.0,12
5912,O-20-11,218.0,1228.0,1.0,12
5912,O-20-21,218.0,1228.0,2.0,12
5913,O-20-11,218.0,1228.0,1.0,12
5913,O-20-21,218.0,1228.0,2.0,12
5914,O-20-11,218.0,1228.0,1.0,12
5914,O-20-21,218.0,1228.0,2.0,12
5915,O-20-11,218.0,1228.0,1.0,12
5915,O-20-21,218.0,1228.0,2.0,11
5915,O-18-23,236.0,1228.0,2.0,2
5916,O-20-11,218.0,1228.0,1.0,12
5916,O-18-13,236.0,1228.0,1.0,12
5917,O-20-11,218.0,1228.0,1.0,12
5917,O-18-13,236.0,1228.0,1.0,12
5918,O-20-11,218.0,1228.0,1.0,11
5918,O-18-13,236.0,1228.0,1.0,12
5918,O-18-23,236.0,1228.0,2.0,2
5919,O-18-13,236.0,1228.0,1.0,12
5919,O-18-23,236.0,1228.0,2.0,12
5920,O-18-13,236.0,1228.0,1.0,12
5920,O-18-23,236.0,1228.0,2.0,12
5921,O-18-13,236.0,1228.0,1.0,12
5921,O-18-23,236.0,1228.0,2.0,12
5922,O-18-13,236.0,1228.0,1.0,12
5922,O-18-23,236.0,1228.0,2.0,12
5923,O-18-13,236.0,1228.0,1.0,12
5923,O-18-23,236.0,1228.0,2.0,12
5924,O-18-13,236.0,1228.0,1.0,12
5924,O-18-23,236.0,1228.0,2.0,12
5925,O-18-13,236.0,1228.0,1.0,12
5925,O-18-23,236.0,1228.0,2.0,12
5926,O-18-13,236.0,1228.0,1.0,12
5926,O-18-23,236.0,1228.0,2.0,1
5926,O-18-22,252.0,1228.0,2.0,12
5927,O-18-13,236.0,1228.0,1.0,6
5927,O-18-12,252.0,1228.0,1.0,12
5927,O-18-22,252.0,1228.0,2.0,7
5928,O-18-12,252.0,1228.0,1.0,12
5928,O-18-22,252.0,1228.0,2.0,12
5929,O-18-12,252.0,1228.0,1.0,12
5929,O-18-22,252.0,1228.0,2.0,12
5930,O-18-12,252.0,1228.0,1.0,12
5930,O-18-22,252.0,1228.0,2.0,12
5931,O-18-12,252.0,1228.0,1.0,12
5931,O-18-22,252.0,1228.0,2.0,12
5932,O-18-12,252.0,1228.0,1.0,12
5932,O-18-22,252.0,1228.0,2.0,12
5933,O-18-12,252.0,1228.0,1.0,12
5933,O-18-22,252.0,1228.0,2.0,12
5934,O-18-12,252.0,1228.0,1.0,12
5934,O-18-22,252.0,1228.0,2.0,12
5935,O-18-12,252.0,1228.0,1.0,12
5935,O-18-22,252.0,1228.0,2.0,12
5936,O-18-12,252.0,1228.0,1.0,12
5936,O-18-22,252.0,1228.0,2.0,12
5937,O-18-12,252.0,1228.0,1.0,12
5937,O-18-22,252.0,1228.0,2.0,12
5938,O-18-12,252.0,1228.0,1.0,7
5938,O-18-22,252.0,1228.0,2.0,12
5938,O-18-21,268.0,1228.0,2.0,6
5939,O-18-11,268.0,1228.0,1.0,12
5939,O-18-21,268.0,1228.0,2.0,12
5940,O-18-11,268.0,1228.0,1.0,12
5940,O-18-21,268.0,1228.0,2.0,12
5941,O-18-11,268.0,1228.0,1.0,12
5941,O-18-21,268.0,1228.0,2.0,12
5942,O-18-11,268.0,1228.0,1.0,12
5942,O-18-21,268.0,1228.0,2.0,12
5943,O-18-11,268.0,1228.0,1.0,12
5943,O-18-21,268.0,1228.0,2.0,12
5944,O-18-11,268.0,1228.0,1.0,12
5944,O-18-21,268.0,1228.0,2.0,12
5945,O-18-11,268.0,1228.0,1.0,12
5945,O-18-21,268.0,1228.0,2.0,12
5946,O-18-11,268.0,1228.0,1.0,12
5946,O-18-21,268.0,1228.0,2.0,12
5947,O-18-11,268.0,1228.0,1.0,12
5947,O-18-21,268.0,1228.0,2.0,12
5948,O-18-11,268.0,1228.0,1.0,12
5948,O-18-21,268.0,1228.0,2.0,12
5949,O-18-11,268.0,1228.0,1.0,10
5949,O-18-21,268.0,1228.0,2.0,12
5949,O-18-22,252.0,1228.0,2.0,3
5950,O-16-13,286.0,1228.0,1.0,12
5950,O-16-23,286.0,1228.0,2.0,12
5951,O-16-13,286.0,1228.0,1.0,12
5951,O-16-23,286.0,1228.0,2.0,12
5952,O-16-13,286.0,1228.0,1.0,12
5952,O-16-23,286.0,1228.0,2.0,12
5953,O-16-13,286.0,1228.0,1.0,12
5953,O-16-23,286.0,1228.0,2.0,12
5954,O-16-13,286.0,1228.0,1.0,12
5954,O-16-23,286.0,1228.0,2.0,12
5955,O-16-13,286.0,1228.0,1.0,12
5955,O-16-23,286.0,1228.0,2.0,10
5955,O-16-22,302.0,1228.0,2.0,3
5956,O-16-13,286.0,1228.0,1.0,12
5956,O-16-12,302.0,1228.0,1.0,12
5957,O-16-13,286.0,1228.0,1.0,12
5957,O-16-12,302.0,1228.0,1.0,12
5958,O-16-13,286.0,1228.0,1.0,8
5958,O-16-12,302.0,1228.0,1.0,12
5958,O-16-22,302.0,1228.0,2.0,5
5959,O-16-12,302.0,1228.0,1.0,12
5959,O-16-22,302.0,1228.0,2.0,12
5960,O-16-12,302.0,1228.0,1.0,12
5960,O-16-22,302.0,1228.0,2.0,12
5961,O-16-12,302.0,1228.0,1.0,12
5961,O-16-22,302.0,1228.0,2.0,12
5962,O-16-12,302.0,1228.0,1.0,12
5962,O-16-22,302.0,1228.0,2.0,12
5963,O-16-12,302.0,1228.0,1.0,10
5963,O-16-22,302.0,1228.0,2.0,12
5963,O-16-21,318.0,1228.0,2.0,3
5964,O-16-11,318.0,1228.0,1.0,12
5964,O-16-21,318.0,1228.0,2.0,12
5965,O-16-11,318.0,1228.0,1.0,12
5965,O-16-21,318.0,1228.0,2.0,12
5966,O-16-11,318.0,1228.0,1.0,12
5966,O-16-21,318.0,1228.0,2.0,12
5967,O-16-11,318.0,1228.0,1.0,12
5967,O-16-21,318.0,1228.0,2.0,12
5968,O-16-11,318.0,1228.0,1.0,12
5968,O-16-21,318.0,1228.0,2.0,12
5969,O-16-11,318.0,1228.0,1.0,12
5969,O-16-21,318.0,1228.0,2.0,12
5970,O-16-11,318.0,1228.0,1.0,12
5970,O-16-21,318.0,1228.0,2.0,12
5971,O-16-11,318.0,1228.0,1.0,12
5971,O-16-21,318.0,1228.0,2.0,12
5972,O-16-11,318.0,1228.0,1.0,12
5972,O-16-21,318.0,1228.0,2.0,12
5973,O-16-11,318.0,1228.0,1.0,12
5973,O-16-21,318.0,1228.0,2.0,8
5973,O-16-22,302.0,1228.0,2.0,5
5974,O-16-11,318.0,1228.0,1.0,12
5974,O-16-22,302.0,1228.0,2.0,12
5975,O-16-11,318.0,1228.0,1.0,12
5975,O-16-22,302.0,1228.0,2.0,12
5976,O-16-11,318.0,1228.0,1.0,12
5976,O-16-22,302.0,1228.0,2.0,12
5977,O-16-11,318.0,1228.0,1.0,12
5977,O-16-22,302.0,1228.0,2.0,12
5978,O-16-11,318.0,1228.0,1.0,12
5978,O-16-22,302.0,1228.0,2.0,12
5979,O-16-11,318.0,1228.0,1.0,12
5979,O-16-22,302.0,1228.0,2.0,12
5980,O-16-11,318.0,1228.0,1.0,12
5980,O-14-13,336.0,1228.0,1.0,12
5981,O-16-11,318.0,1228.0,1.0,12
5981,O-14-13,336.0,1228.0,1.0,12
5982,O-16-11,318.0,1228.0,1.0,12
5982,O-14-13,336.0,1228.0,1.0,12
5983,O-16-11,318.0,1228.0,1.0,12
5983,O-14-13,336.0,1228.0,1.0,12
5984,O-16-11,318.0,1228.0,1.0,12
5984,O-14-13,336.0,1228.0,1.0,12
5985,O-16-11,318.0,1228.0,1.0,12
5985,O-14-13,336.0,1228.0,1.0,12
5986,O-16-11,318.0,1228.0,1.0,12
5986,O-14-13,336.0,1228.0,1.0,12
5987,O-16-11,318.0,1228.0,1.0,12
5987,O-14-13,336.0,1228.0,1.0,12
5988,O-16-11,318.0,1228.0,1.0,12
5988,O-14-13,336.0,1228.0,1.0,12
5989,O-14-13,336.0,1228.0,1.0,12
5989,O-14-23,336.0,1228.0,2.0,12
5990,O-14-13,336.0,1228.0,1.0,12
5990,O-14-23,336.0,1228.0,2.0,12
5991,O-14-13,336.0,1228.0,1.0,12
5991,O-14-23,336.0,1228.0,2.0,12
5992,O-14-13,336.0,1228.0,1.0,12
5992,O-14-23,336.0,1228.0,2.0,12
5993,O-14-13,336.0,1228.0,1.0,12
5993,O-14-23,336.0,1228.0,2.0,12
5994,O-14-13,336.0,1228.0,1.0,12
5994,O-14-23,336.0,1228.0,2.0,12
5995,O-14-13,336.0,1228.0,1.0,12
5995,O-14-23,336.0,1228.0,2.0,12
5996,O-14-13,336.0,1228.0,1.0,12
5996,O-14-23,336.0,1228.0,2.0,12
5997,O-14-13,336.0,1228.0,1.0,12
5997,O-14-23,336.0,1228.0,2.0,12
5998,O-14-13,336.0,1228.0,1.0,12
5998,O-14-23,336.0,1228.0,2.0,12
5999,O-14-13,336.0,1228.0,1.0,12
5999,O-14-23,336.0,1228.0,2.0,12
6000,O-14-13,336.0,1228.0,1.0,12
6000,O-14-23,336.0,1228.0,2.0,12
6001,O-14-13,336.0,1228.0,1.0,12
6001,O-14-23,336.0,1228.0,2.0,12
6002,O-14-13,336.0,1228.0,1.0,12
6002,O-14-23,336.0,1228.0,2.0,12
6003,O-14-13,336.0,1228.0,1.0,12
6003,O-14-23,336.0,1228.0,2.0,12
6004,O-14-13,336.0,1228.0,1.0,4
6004,O-14-23,336.0,1228.0,2.0,12
6004,O-14-22,352.0,1228.0,2.0,9
6005,O-14-12,352.0,1228.0,1.0,12
6005,O-14-22,352.0,1228.0,2.0,12
6006,O-14-12,352.0,1228.0,1.0,12
6006,O-14-22,352.0,1228.0,2.0,12
6007,O-14-12,352.0,1228.0,1.0,12
6007,O-14-22,352.0,1228.0,2.0,12
6008,O-14-12,352.0,1228.0,1.0,12
6008,O-14-22,352.0,1228.0,2.0,12
6009,O-14-12,352.0,1228.0,1.0,12
6009,O-14-22,352.0,1228.0,2.0,12
6010,O-14-12,352.0,1228.0,1.0,12
6010,O-14-22,352.0,1228.0,2.0,12
6011,O-14-12,352.0,1228.0,1.0,12
6011,O-14-22,352.0,1228.0,2.0,12
6012,O-14-12,352.0,1228.0,1.0,12
6012,O-14-22,352.0,1228.0,2.0,12
6013,O-14-12,352.0,1228.0,1.0,12
6013,O-14-22,352.0,1228.0,2.0,12
6014,O-14-12,352.0,1228.0,1.0,4
6014,O-14-22,352.0,1228.0,2.0,12
6014,O-14-23,336.0,1228.0,2.0,9
6015,O-14-11,368.0,1228.0,1.0,12
6015,O-14-21,368.0,1228.0,2.0,12
6016,O-14-11,368.0,1228.0,1.0,12
6016,O-14-21,368.0,1228.0,2.0,12
6017,O-14-11,368.0,1228.0,1.0,12
6017,O-14-21,368.0,1228.0,2.0,12
6018,O-14-11,368.0,1228.0,1.0,12
6018,O-14-21,368.0,1228.0,2.0,12
6019,O-14-11,368.0,1228.0,1.0,12
6019,O-14-21,368.0,1228.0,2.0,12
6020,O-14-11,368.0,1228.0,1.0,12
6020,O-14-21,368.0,1228.0,2.0,12
6021,O-14-11,368.0,1228.0,1.0,12
6021,O-14-21,368.0,1228.0,2.0,12
6022,O-14-11,368.0,1228.0,1.0,12
6022,O-14-21,368.0,1228.0,2.0,12
6023,O-14-11,368.0,1228.0,1.0,12
6023,O-14-21,368.0,1228.0,2.0,12
6024,O-14-11,368.0,1228.0,1.0,12
6024,O-14-21,368.0,1228.0,2.0,11
6024,O-14-22,352.0,1228.0,2.0,2
6025,O-14-11,368.0,1228.0,1.0,12
6025,O-14-22,352.0,1228.0,2.0,12
6026,O-14-11,368.0,1228.0,1.0,12
6026,O-14-22,352.0,1228.0,2.0,12
6027,O-14-11,368.0,1228.0,1.0,12
6027,O-14-22,352.0,1228.0,2.0,5
6027,O-14-23,336.0,1228.0,2.0,8
6028,O-14-11,368.0,1228.0,1.0,12
6028,P-13-11,368.0,1260.0,1.0,12
6029,O-14-11,368.0,1228.0,1.0,12
6029,P-13-11,368.0,1260.0,1.0,12
6030,O-14-11,368.0,1228.0,1.0,12
6030,P-13-11,368.0,1260.0,1.0,12
6031,O-14-11,368.0,1228.0,1.0,12
6031,P-13-11,368.0,1260.0,1.0,12
6032,O-14-11,368.0,1228.0,1.0,12
6032,P-13-11,368.0,1260.0,1.0,12
6033,O-14-11,368.0,1228.0,1.0,12
6033,P-13-11,368.0,1260.0,1.0,12
6034,O-14-11,368.0,1228.0,1.0,12
6034,P-13-11,368.0,1260.0,1.0,12
6035,O-14-11,368.0,1228.0,1.0,12
6035,P-13-11,368.0,1260.0,1.0,12
6036,O-14-11,368.0,1228.0,1.0,12
6036,P-13-11,368.0,1260.0,1.0,12
6037,O-14-11,368.0,1228.0,1.0,12
6037,P-13-11,368.0,1260.0,1.0,12
6038,O-14-11,368.0,1228.0,1.0,12
6038,P-13-11,368.0,1260.0,1.0,12
6039,O-14-11,368.0,1228.0,1.0,5
6039,P-13-11,368.0,1260.0,1.0,12
6039,P-13-21,368.0,1260.0,2.0,8
6040,N-10-13,434.0,1228.0,1.0,12
6040,N-10-23,434.0,1228.0,2.0,12
6041,N-10-13,434.0,1228.0,1.0,12
6041,N-10-23,434.0,1228.0,2.0,12
6042,N-10-13,434.0,1228.0,1.0,12
6042,N-10-23,434.0,1228.0,2.0,12
6043,N-10-13,434.0,1228.0,1.0,12
6043,N-10-23,434.0,1228.0,2.0,12
6044,N-10-13,434.0,1228.0,1.0,12
6044,N-10-23,434.0,1228.0,2.0,12
6045,N-10-13,434.0,1228.0,1.0,12
6045,N-10-23,434.0,1228.0,2.0,12
6046,N-10-13,434.0,1228.0,1.0,12
6046,N-10-23,434.0,1228.0,2.0,12
6047,N-10-13,434.0,1228.0,1.0,12
6047,N-10-23,434.0,1228.0,2.0,12
6048,N-10-13,434.0,1228.0,1.0,12
6048,N-10-23,434.0,1228.0,2.0,12
6049,N-10-13,434.0,1228.0,1.0,1
6049,N-10-23,434.0,1228.0,2.0,12
6049,N-10-22,450.0,1228.0,2.0,12
6050,N-10-12,450.0,1228.0,1.0,12
6050,N-10-22,450.0,1228.0,2.0,12
6051,N-10-12,450.0,1228.0,1.0,12
6051,N-10-22,450.0,1228.0,2.0,12
6052,N-10-12,450.0,1228.0,1.0,12
6052,N-10-22,450.0,1228.0,2.0,12
6053,N-10-12,450.0,1228.0,1.0,12
6053,N-10-22,450.0,1228.0,2.0,12
6054,N-10-12,450.0,1228.0,1.0,12
6054,N-10-22,450.0,1228.0,2.0,12
6055,N-10-12,450.0,1228.0,1.0,12
6055,N-10-22,450.0,1228.0,2.0,12
6056,N-10-12,450.0,1228.0,1.0,12
6056,N-10-22,450.0,1228.0,2.0,12
6057,N-10-12,450.0,1228.0,1.0,12
6057,N-10-22,450.0,1228.0,2.0,12
6058,N-10-12,450.0,1228.0,1.0,12
6058,N-10-22,450.0,1228.0,2.0,12
6059,N-10-12,450.0,1228.0,1.0,12
6059,N-10-22,450.0,1228.0,2.0,12
6060,N-10-12,450.0,1228.0,1.0,12
6060,N-10-22,450.0,1228.0,2.0,12
6061,N-10-12,450.0,1228.0,1.0,12
6061,N-10-22,450.0,1228.0,2.0,12
6062,N-10-12,450.0,1228.0,1.0,12
6062,N-10-22,450.0,1228.0,2.0,12
6063,N-10-12,450.0,1228.0,1.0,12
6063,N-10-22,450.0,1228.0,2.0,6
6063,N-10-23,434.0,1228.0,2.0,7
6064,N-10-12,450.0,1228.0,1.0,12
6064,N-10-11,466.0,1228.0,1.0,12
6065,N-10-12,450.0,1228.0,1.0,12
6065,N-10-11,466.0,1228.0,1.0,12
6066,N-10-12,450.0,1228.0,1.0,12
6066,N-10-11,466.0,1228.0,1.0,12
6067,N-10-12,450.0,1228.0,1.0,12
6067,N-10-11,466.0,1228.0,1.0,12
6068,N-10-12,450.0,1228.0,1.0,12
6068,N-10-11,466.0,1228.0,1.0,12
6069,N-10-12,450.0,1228.0,1.0,2
6069,N-10-11,466.0,1228.0,1.0,12
6069,N-10-21,466.0,1228.0,2.0,11
6070,N-10-11,466.0,1228.0,1.0,12
6070,N-10-21,466.0,1228.0,2.0,12
6071,N-10-11,466.0,1228.0,1.0,12
6071,N-10-21,466.0,1228.0,2.0,12
6072,N-10-11,466.0,1228.0,1.0,12
6072,N-10-21,466.0,1228.0,2.0,12
6073,N-10-11,466.0,1228.0,1.0,12
6073,N-10-21,466.0,1228.0,2.0,12
6074,N-10-11,466.0,1228.0,1.0,12
6074,N-10-21,466.0,1228.0,2.0,12
6075,N-10-11,466.0,1228.0,1.0,12
6075,N-10-21,466.0,1228.0,2.0,12
6076,N-10-11,466.0,1228.0,1.0,12
6076,N-10-21,466.0,1228.0,2.0,12
6077,N-10-11,466.0,1228.0,1.0,12
6077,N-10-21,466.0,1228.0,2.0,12
6078,N-10-11,466.0,1228.0,1.0,12
6078,N-10-21,466.0,1228.0,2.0,12
6079,N-10-11,466.0,1228.0,1.0,12
6079,N-10-21,466.0,1228.0,2.0,12
6080,N-10-11,466.0,1228.0,1.0,12
6080,N-10-21,466.0,1228.0,2.0,12
6081,N-10-11,466.0,1228.0,1.0,12
6081,N-10-21,466.0,1228.0,2.0,12
6082,N-10-11,466.0,1228.0,1.0,12
6082,N-10-21,466.0,1228.0,2.0,12
6083,N-10-11,466.0,1228.0,1.0,12
6083,N-10-21,466.0,1228.0,2.0,12
6084,N-10-11,466.0,1228.0,1.0,12
6084,N-10-21,466.0,1228.0,2.0,12
6085,N-10-11,466.0,1228.0,1.0,12
6085,N-10-21,466.0,1228.0,2.0,12
6086,N-10-11,466.0,1228.0,1.0,12
6086,N-10-21,466.0,1228.0,2.0,12
6087,N-10-11,466.0,1228.0,1.0,12
6087,N-10-21,466.0,1228.0,2.0,12
6088,N-10-11,466.0,1228.0,1.0,9
6088,N-10-21,466.0,1228.0,2.0,12
6088,N-08-23,484.0,1228.0,2.0,4
6089,N-08-13,484.0,1228.0,1.0,12
6089,N-08-23,484.0,1228.0,2.0,12
6090,N-08-13,484.0,1228.0,1.0,12
6090,N-08-23,484.0,1228.0,2.0,12
6091,N-08-13,484.0,1228.0,1.0,12
6091,N-08-23,484.0,1228.0,2.0,12
6092,N-08-13,484.0,1228.0,1.0,12
6092,N-08-23,484.0,1228.0,2.0,12
6093,N-08-13,484.0,1228.0,1.0,12
6093,N-08-23,484.0,1228.0,2.0,12
6094,N-08-13,484.0,1228.0,1.0,12
6094,N-08-23,484.0,1228.0,2.0,12
6095,N-08-13,484.0,1228.0,1.0,12
6095,N-08-23,484.0,1228.0,2.0,12
6096,N-08-13,484.0,1228.0,1.0,12
6096,N-08-23,484.0,1228.0,2.0,12
6097,N-08-13,484.0,1228.0,1.0,12
6097,N-08-23,484.0,1228.0,2.0,12
6098,N-08-13,484.0,1228.0,1.0,12
6098,N-08-23,484.0,1228.0,2.0,12
6099,N-08-13,484.0,1228.0,1.0,12
6099,N-08-23,484.0,1228.0,2.0,12
6100,N-08-13,484.0,1228.0,1.0,12
6100,N-08-23,484.0,1228.0,2.0,8
6100,N-08-22,500.0,1228.0,2.0,5
6101,N-08-13,484.0,1228.0,1.0,12
6101,N-08-12,500.0,1228.0,1.0,12
6102,N-08-13,484.0,1228.0,1.0,12
6102,N-08-12,500.0,1228.0,1.0,12
6103,N-08-13,484.0,1228.0,1.0,6
6103,N-08-12,500.0,1228.0,1.0,12
6103,N-08-22,500.0,1228.0,2.0,7
6104,N-08-12,500.0,1228.0,1.0,4
6104,N-08-22,500.0,1228.0,2.0,12
6104,N-08-21,516.0,1228.0,2.0,9
6105,N-08-11,516.0,1228.0,1.0,12
6105,N-08-21,516.0,1228.0,2.0,12
6106,N-08-11,516.0,1228.0,1.0,12
6106,N-08-21,516.0,1228.0,2.0,12
6107,N-08-11,516.0,1228.0,1.0,12
6107,N-08-21,516.0,1228.0,2.0,12
6108,N-08-11,516.0,1228.0,1.0,9
6108,N-08-21,516.0,1228.0,2.0,12
6108,N-08-22,500.0,1228.0,2.0,4
6109,N-06-13,534.0,1228.0,1.0,12
6109,N-06-23,534.0,1228.0,2.0,12
6110,N-06-13,534.0,1228.0,1.0,12
6110,N-06-23,534.0,1228.0,2.0,12
6111,N-06-13,534.0,1228.0,1.0,12
6111,N-06-23,534.0,1228.0,2.0,12
6112,N-06-13,534.0,1228.0,1.0,12
6112,N-06-23,534.0,1228.0,2.0,12
6113,N-06-13,534.0,1228.0,1.0,12
6113,N-06-23,534.0,1228.0,2.0,12
6114,N-06-13,534.0,1228.0,1.0,5
6114,N-06-23,534.0,1228.0,2.0,12
6114,N-06-22,550.0,1228.0,2.0,8
6115,N-06-12,550.0,1228.0,1.0,12
6115,N-06-22,550.0,1228.0,2.0,12
6116,N-06-12,550.0,1228.0,1.0,12
6116,N-06-22,550.0,1228.0,2.0,12
6117,N-06-12,550.0,1228.0,1.0,12
6117,N-06-22,550.0,1228.0,2.0,12
6118,N-06-12,550.0,1228.0,1.0,12
6118,N-06-22,550.0,1228.0,2.0,12
6119,N-06-12,550.0,1228.0,1.0,12
6119,N-06-22,550.0,1228.0,2.0,12
6120,N-06-12,550.0,1228.0,1.0,12
6120,N-06-22,550.0,1228.0,2.0,12
6121,N-06-12,550.0,1228.0,1.0,12
6121,N-06-22,550.0,1228.0,2.0,12
6122,N-06-12,550.0,1228.0,1.0,12
6122,N-06-22,550.0,1228.0,2.0,12
6123,N-06-12,550.0,1228.0,1.0,12
6123,N-06-22,550.0,1228.0,2.0,12
6124,N-06-12,550.0,1228.0,1.0,12
6124,N-06-22,550.0,1228.0,2.0,12
6125,N-06-12,550.0,1228.0,1.0,12
6125,N-06-22,550.0,1228.0,2.0,12
6126,N-06-12,550.0,1228.0,1.0,12
6126,N-06-22,550.0,1228.0,2.0,12
6127,N-06-12,550.0,1228.0,1.0,12
6127,N-06-22,550.0,1228.0,2.0,12
6128,N-06-12,550.0,1228.0,1.0,12
6128,N-06-22,550.0,1228.0,2.0,12
6129,N-06-12,550.0,1228.0,1.0,12
6129,N-06-22,550.0,1228.0,2.0,12
6130,N-06-12,550.0,1228.0,1.0,11
6130,N-06-22,550.0,1228.0,2.0,12
6130,N-06-23,534.0,1228.0,2.0,2
6131,N-06-11,566.0,1228.0,1.0,12
6131,N-06-21,566.0,1228.0,2.0,12
6132,N-06-11,566.0,1228.0,1.0,12
6132,N-06-21,566.0,1228.0,2.0,12
6133,N-06-11,566.0,1228.0,1.0,12
6133,N-06-21,566.0,1228.0,2.0,12
6134,N-06-11,566.0,1228.0,1.0,12
6134,N-06-21,566.0,1228.0,2.0,12
6135,N-06-11,566.0,1228.0,1.0,12
6135,N-06-21,566.0,1228.0,2.0,12
6136,N-06-11,566.0,1228.0,1.0,8
6136,N-06-21,566.0,1228.0,2.0,12
6136,N-06-22,550.0,1228.0,2.0,5
6137,N-04-13,584.0,1228.0,1.0,12
6137,N-04-23,584.0,1228.0,2.0,12
6138,N-04-13,584.0,1228.0,1.0,12
6138,N-04-23,584.0,1228.0,2.0,12
6139,N-04-13,584.0,1228.0,1.0,12
6139,N-04-23,584.0,1228.0,2.0,12
6140,N-04-13,584.0,1228.0,1.0,8
6140,N-04-23,584.0,1228.0,2.0,12
6140,N-04-22,600.0,1228.0,2.0,5
6141,N-04-12,600.0,1228.0,1.0,9
6141,N-04-22,600.0,1228.0,2.0,12
6141,N-04-23,584.0,1228.0,2.0,4
6142,N-04-11,616.0,1228.0,1.0,12
6142,N-04-21,616.0,1228.0,2.0,12
6143,N-04-11,616.0,1228.0,1.0,12
6143,N-04-21,616.0,1228.0,2.0,12
6144,N-04-11,616.0,1228.0,1.0,12
6144,N-04-21,616.0,1228.0,2.0,12
6145,N-04-11,616.0,1228.0,1.0,9
6145,N-04-21,616.0,1228.0,2.0,12
6145,N-04-22,600.0,1228.0,2.0,4
6146,N-02-13,634.0,1228.0,1.0,12
6146,N-02-23,634.0,1228.0,2.0,12
6147,N-02-13,634.0,1228.0,1.0,12
6147,N-02-23,634.0,1228.0,2.0,12
6148,N-02-13,634.0,1228.0,1.0,12
6148,N-02-23,634.0,1228.0,2.0,12
6149,N-02-13,634.0,1228.0,1.0,12
6149,N-02-23,634.0,1228.0,2.0,12
6150,N-02-13,634.0,1228.0,1.0,12
6150,N-02-23,634.0,1228.0,2.0,12
6151,N-02-13,634.0,1228.0,1.0,12
6151,N-02-23,634.0,1228.0,2.0,12
6152,N-02-13,634.0,1228.0,1.0,12
6152,N-02-12,650.0,1228.0,1.0,12
6153,N-02-13,634.0,1228.0,1.0,12
6153,N-02-12,650.0,1228.0,1.0,12
6154,N-02-13,634.0,1228.0,1.0,12
6154,N-02-12,650.0,1228.0,1.0,12
6155,N-02-13,634.0,1228.0,1.0,12
6155,N-02-12,650.0,1228.0,1.0,12
6156,N-02-13,634.0,1228.0,1.0,2
6156,N-02-12,650.0,1228.0,1.0,12
6156,N-02-22,650.0,1228.0,2.0,11
6157,N-02-12,650.0,1228.0,1.0,12
6157,N-02-22,650.0,1228.0,2.0,12
6158,N-02-12,650.0,1228.0,1.0,12
6158,N-02-22,650.0,1228.0,2.0,12
6159,N-02-12,650.0,1228.0,1.0,12
6159,N-02-22,650.0,1228.0,2.0,12
6160,N-02-12,650.0,1228.0,1.0,12
6160,N-02-22,650.0,1228.0,2.0,11
6160,N-02-21,666.0,1228.0,2.0,2
6161,N-02-12,650.0,1228.0,1.0,12
6161,N-02-11,666.0,1228.0,1.0,12
6162,N-02-12,650.0,1228.0,1.0,12
6162,N-02-11,666.0,1228.0,1.0,12
6163,N-02-12,650.0,1228.0,1.0,9
6163,N-02-11,666.0,1228.0,1.0,12
6163,N-02-21,666.0,1228.0,2.0,4
6164,N-02-11,666.0,1228.0,1.0,12
6164,N-02-21,666.0,1228.0,2.0,12
6165,N-02-11,666.0,1228.0,1.0,12
6165,N-02-21,666.0,1228.0,2.0,12
6166,N-02-11,666.0,1228.0,1.0,12
6166,N-02-21,666.0,1228.0,2.0,7
6166,O-01-21,666.0,1260.0,2.0,6
6167,N-02-11,666.0,1228.0,1.0,12
6167,O-01-11,666.0,1260.0,1.0,12
6168,N-02-11,666.0,1228.0,1.0,12
6168,O-01-11,666.0,1260.0,1.0,12
6169,N-02-11,666.0,1228.0,1.0,12
6169,O-01-11,666.0,1260.0,1.0,11
6169,O-01-21,666.0,1260.0,2.0,2
6170,N-02-11,666.0,1228.0,1.0,8
6170,O-01-21,666.0,1260.0,2.0,12
6170,O-01-22,650.0,1260.0,2.0,5
6171,P-23-13,86.0,1260.0,1.0,12
6171,P-23-23,86.0,1260.0,2.0,12
6172,P-23-13,86.0,1260.0,1.0,12
6172,P-23-23,86.0,1260.0,2.0,12
6173,P-23-13,86.0,1260.0,1.0,9
6173,P-23-23,86.0,1260.0,2.0,9
6173,P-23-22,102.0,1260.0,2.0,7
6174,P-23-12,102.0,1260.0,1.0,12
6174,P-23-22,102.0,1260.0,2.0,12
6175,P-23-12,102.0,1260.0,1.0,12
6175,P-23-22,102.0,1260.0,2.0,12
6176,P-23-12,102.0,1260.0,1.0,12
6176,P-23-22,102.0,1260.0,2.0,12
6177,P-23-12,102.0,1260.0,1.0,12
6177,P-23-22,102.0,1260.0,2.0,10
6177,P-23-11,118.0,1260.0,1.0,3
6178,P-23-12,102.0,1260.0,1.0,9
6178,P-23-11,118.0,1260.0,1.0,12
6178,P-21-13,136.0,1260.0,1.0,4
6179,P-23-11,118.0,1260.0,1.0,12
6179,P-21-13,136.0,1260.0,1.0,12
6180,P-23-11,118.0,1260.0,1.0,12
6180,P-21-13,136.0,1260.0,1.0,11
6180,P-21-23,136.0,1260.0,2.0,2
6181,P-23-11,118.0,1260.0,1.0,12
6181,P-21-23,136.0,1260.0,2.0,12
6182,P-23-11,118.0,1260.0,1.0,12
6182,P-21-23,136.0,1260.0,2.0,12
6183,P-23-11,118.0,1260.0,1.0,12
6183,P-21-23,136.0,1260.0,2.0,12
6184,P-23-11,118.0,1260.0,1.0,7
6184,P-21-23,136.0,1260.0,2.0,12
6184,P-21-22,152.0,1260.0,2.0,6
6185,P-21-12,152.0,1260.0,1.0,12
6185,P-21-22,152.0,1260.0,2.0,12
6186,P-21-12,152.0,1260.0,1.0,12
6186,P-21-22,152.0,1260.0,2.0,12
6187,P-21-12,152.0,1260.0,1.0,12
6187,P-21-22,152.0,1260.0,2.0,12
6188,P-21-12,152.0,1260.0,1.0,12
6188,P-21-22,152.0,1260.0,2.0,7
6188,P-21-23,136.0,1260.0,2.0,6
6189,P-21-12,152.0,1260.0,1.0,12
6189,P-21-11,168.0,1260.0,1.0,12
6190,P-21-12,152.0,1260.0,1.0,12
6190,P-21-11,168.0,1260.0,1.0,12
6191,P-21-12,152.0,1260.0,1.0,12
6191,P-21-11,168.0,1260.0,1.0,12
6192,P-21-12,152.0,1260.0,1.0,12
6192,P-21-11,168.0,1260.0,1.0,12
6193,P-21-12,152.0,1260.0,1.0,12
6193,P-21-11,168.0,1260.0,1.0,12
6194,P-21-12,152.0,1260.0,1.0,12
6194,P-21-11,168.0,1260.0,1.0,12
6195,P-21-12,152.0,1260.0,1.0,12
6195,P-21-11,168.0,1260.0,1.0,12
6196,P-21-12,152.0,1260.0,1.0,12
6196,P-21-11,168.0,1260.0,1.0,12
6197,P-21-12,152.0,1260.0,1.0,12
6197,P-21-11,168.0,1260.0,1.0,12
6198,P-21-12,152.0,1260.0,1.0,12
6198,P-21-11,168.0,1260.0,1.0,12
6199,P-21-12,152.0,1260.0,1.0,12
6199,P-21-11,168.0,1260.0,1.0,12
6200,P-21-12,152.0,1260.0,1.0,12
6200,P-21-11,168.0,1260.0,1.0,12
6201,P-21-12,152.0,1260.0,1.0,12
6201,P-21-11,168.0,1260.0,1.0,12
6202,P-21-12,152.0,1260.0,1.0,9
6202,P-21-11,168.0,1260.0,1.0,2
6202,P-21-21,168.0,1260.0,2.0,12
6202,P-19-23,186.0,1260.0,2.0,2
6203,P-19-13,186.0,1260.0,1.0,12
6203,P-19-23,186.0,1260.0,2.0,12
6204,P-19-13,186.0,1260.0,1.0,12
6204,P-19-23,186.0,1260.0,2.0,12
6205,P-19-13,186.0,1260.0,1.0,12
6205,P-19-23,186.0,1260.0,2.0,12
6206,P-19-13,186.0,1260.0,1.0,12
6206,P-19-23,186.0,1260.0,2.0,12
6207,P-19-13,186.0,1260.0,1.0,12
6207,P-19-23,186.0,1260.0,2.0,12
6208,P-19-13,186.0,1260.0,1.0,12
6208,P-19-23,186.0,1260.0,2.0,12
6209,P-19-13,186.0,1260.0,1.0,12
6209,P-19-23,186.0,1260.0,2.0,12
6210,P-19-13,186.0,1260.0,1.0,12
6210,P-19-23,186.0,1260.0,2.0,12
6211,P-19-13,186.0,1260.0,1.0,12
6211,P-19-23,186.0,1260.0,2.0,11
6211,P-19-22,202.0,1260.0,2.0,2
6212,P-19-13,186.0,1260.0,1.0,12
6212,P-19-12,202.0,1260.0,1.0,12
6213,P-19-13,186.0,1260.0,1.0,12
6213,P-19-12,202.0,1260.0,1.0,12
6214,P-19-13,186.0,1260.0,1.0,12
6214,P-19-12,202.0,1260.0,1.0,12
6215,P-19-13,186.0,1260.0,1.0,12
6215,P-19-12,202.0,1260.0,1.0,12
6216,P-19-13,186.0,1260.0,1.0,12
6216,P-19-12,202.0,1260.0,1.0,12
6217,P-19-13,186.0,1260.0,1.0,12
6217,P-19-12,202.0,1260.0,1.0,12
6218,P-19-13,186.0,1260.0,1.0,8
6218,P-19-12,202.0,1260.0,1.0,12
6218,P-19-22,202.0,1260.0,2.0,5
6219,P-19-12,202.0,1260.0,1.0,12
6219,P-19-22,202.0,1260.0,2.0,12
6220,P-19-12,202.0,1260.0,1.0,12
6220,P-19-22,202.0,1260.0,2.0,12
6221,P-19-12,202.0,1260.0,1.0,12
6221,P-19-22,202.0,1260.0,2.0,12
6222,P-19-12,202.0,1260.0,1.0,6
6222,P-19-22,202.0,1260.0,2.0,12
6222,P-19-21,218.0,1260.0,2.0,7
6223,P-19-11,218.0,1260.0,1.0,12
6223,P-19-21,218.0,1260.0,2.0,8
6223,P-19-22,202.0,1260.0,2.0,5
6224,P-19-11,218.0,1260.0,1.0,12
6224,P-19-22,202.0,1260.0,2.0,12
6225,P-19-11,218.0,1260.0,1.0,11
6225,P-19-22,202.0,1260.0,2.0,12
6225,P-21-21,168.0,1260.0,2.0,2
6226,P-17-13,236.0,1260.0,1.0,12
6226,P-17-23,236.0,1260.0,2.0,12
6227,P-17-13,236.0,1260.0,1.0,12
6227,P-17-23,236.0,1260.0,2.0,12
6228,P-17-13,236.0,1260.0,1.0,12
6228,P-17-23,236.0,1260.0,2.0,12
6229,P-17-13,236.0,1260.0,1.0,12
6229,P-17-23,236.0,1260.0,2.0,12
6230,P-17-13,236.0,1260.0,1.0,12
6230,P-17-23,236.0,1260.0,2.0,12
6231,P-17-13,236.0,1260.0,1.0,12
6231,P-17-23,236.0,1260.0,2.0,12
6232,P-17-13,236.0,1260.0,1.0,4
6232,P-17-23,236.0,1260.0,2.0,12
6232,P-17-22,252.0,1260.0,2.0,9
6233,P-17-12,252.0,1260.0,1.0,12
6233,P-17-22,252.0,1260.0,2.0,12
6234,P-17-12,252.0,1260.0,1.0,12
6234,P-17-22,252.0,1260.0,2.0,12
6235,P-17-12,252.0,1260.0,1.0,12
6235,P-17-22,252.0,1260.0,2.0,12
6236,P-17-12,252.0,1260.0,1.0,12
6236,P-17-22,252.0,1260.0,2.0,12
6237,P-17-12,252.0,1260.0,1.0,12
6237,P-17-22,252.0,1260.0,2.0,12
6238,P-17-12,252.0,1260.0,1.0,12
6238,P-17-22,252.0,1260.0,2.0,10
6238,P-17-23,236.0,1260.0,2.0,3
6239,P-17-12,252.0,1260.0,1.0,12
6239,P-17-11,268.0,1260.0,1.0,12
6240,P-17-12,252.0,1260.0,1.0,12
6240,P-17-11,268.0,1260.0,1.0,12
6241,P-17-12,252.0,1260.0,1.0,12
6241,P-17-11,268.0,1260.0,1.0,12
6242,P-17-12,252.0,1260.0,1.0,12
6242,P-17-11,268.0,1260.0,1.0,12
6243,P-17-12,252.0,1260.0,1.0,12
6243,P-17-11,268.0,1260.0,1.0,12
6244,P-17-12,252.0,1260.0,1.0,12
6244,P-17-11,268.0,1260.0,1.0,12
6245,P-17-12,252.0,1260.0,1.0,12
6245,P-17-11,268.0,1260.0,1.0,12
6246,P-17-12,252.0,1260.0,1.0,12
6246,P-17-11,268.0,1260.0,1.0,12
6247,P-17-12,252.0,1260.0,1.0,12
6247,P-17-11,268.0,1260.0,1.0,11
6247,P-17-21,268.0,1260.0,2.0,2
6248,P-17-12,252.0,1260.0,1.0,12
6248,P-17-23,236.0,1260.0,2.0,12
6249,P-17-12,252.0,1260.0,1.0,12
6249,P-17-23,236.0,1260.0,2.0,12
6250,P-17-12,252.0,1260.0,1.0,12
6250,P-17-23,236.0,1260.0,2.0,12
6251,P-17-12,252.0,1260.0,1.0,10
6251,P-17-23,236.0,1260.0,2.0,12
6251,P-17-21,268.0,1260.0,2.0,3
6252,P-15-13,286.0,1260.0,1.0,12
6252,P-15-23,286.0,1260.0,2.0,12
6253,P-15-13,286.0,1260.0,1.0,12
6253,P-15-23,286.0,1260.0,2.0,12
6254,P-15-13,286.0,1260.0,1.0,12
6254,P-15-23,286.0,1260.0,2.0,12
6255,P-15-13,286.0,1260.0,1.0,12
6255,P-15-23,286.0,1260.0,2.0,12
6256,P-15-13,286.0,1260.0,1.0,12
6256,P-15-23,286.0,1260.0,2.0,12
6257,P-15-13,286.0,1260.0,1.0,12
6257,P-15-23,286.0,1260.0,2.0,12
6258,P-15-13,286.0,1260.0,1.0,12
6258,P-15-23,286.0,1260.0,2.0,12
6259,P-15-13,286.0,1260.0,1.0,12
6259,P-15-23,286.0,1260.0,2.0,12
6260,P-15-13,286.0,1260.0,1.0,12
6260,P-15-23,286.0,1260.0,2.0,12
6261,P-15-13,286.0,1260.0,1.0,12
6261,P-15-23,286.0,1260.0,2.0,8
6261,P-15-22,302.0,1260.0,2.0,5
6262,P-15-13,286.0,1260.0,1.0,12
6262,P-15-12,302.0,1260.0,1.0,12
6263,P-15-13,286.0,1260.0,1.0,12
6263,P-15-12,302.0,1260.0,1.0,12
6264,P-15-13,286.0,1260.0,1.0,12
6264,P-15-12,302.0,1260.0,1.0,12
6265,P-15-12,302.0,1260.0,1.0,12
6265,P-15-22,302.0,1260.0,2.0,12
6266,P-15-12,302.0,1260.0,1.0,12
6266,P-15-22,302.0,1260.0,2.0,12
6267,P-15-12,302.0,1260.0,1.0,12
6267,P-15-22,302.0,1260.0,2.0,12
6268,P-15-12,302.0,1260.0,1.0,12
6268,P-15-22,302.0,1260.0,2.0,12
6269,P-15-12,302.0,1260.0,1.0,12
6269,P-15-22,302.0,1260.0,2.0,12
6270,P-15-12,302.0,1260.0,1.0,12
6270,P-15-22,302.0,1260.0,2.0,12
6271,P-15-12,302.0,1260.0,1.0,12
6271,P-15-22,302.0,1260.0,2.0,9
6271,P-15-21,318.0,1260.0,2.0,4
6272,P-15-12,302.0,1260.0,1.0,12
6272,P-15-11,318.0,1260.0,1.0,12
6273,P-15-12,302.0,1260.0,1.0,12
6273,P-15-11,318.0,1260.0,1.0,12
6274,P-15-12,302.0,1260.0,1.0,12
6274,P-15-11,318.0,1260.0,1.0,12
6275,P-15-12,302.0,1260.0,1.0,12
6275,P-15-11,318.0,1260.0,1.0,12
6276,P-15-12,302.0,1260.0,1.0,12
6276,P-15-11,318.0,1260.0,1.0,12
6277,P-15-12,302.0,1260.0,1.0,12
6277,P-15-11,318.0,1260.0,1.0,12
6278,P-15-12,302.0,1260.0,1.0,12
6278,P-15-11,318.0,1260.0,1.0,2
6278,P-15-21,318.0,1260.0,2.0,11
6279,P-15-12,302.0,1260.0,1.0,12
6279,P-15-21,318.0,1260.0,2.0,12
6280,P-15-12,302.0,1260.0,1.0,12
6280,P-15-21,318.0,1260.0,2.0,12
6281,P-15-12,302.0,1260.0,1.0,12
6281,P-15-21,318.0,1260.0,2.0,12
6282,P-15-12,302.0,1260.0,1.0,12
6282,P-15-21,318.0,1260.0,2.0,12
6283,P-15-12,302.0,1260.0,1.0,12
6283,P-15-21,318.0,1260.0,2.0,12
6284,P-15-12,302.0,1260.0,1.0,12
6284,P-15-21,318.0,1260.0,2.0,12
6285,P-15-12,302.0,1260.0,1.0,12
6285,P-15-21,318.0,1260.0,2.0,12
6286,P-15-12,302.0,1260.0,1.0,1
6286,P-15-21,318.0,1260.0,2.0,2
6286,P-13-23,336.0,1260.0,2.0,12
6286,P-13-13,336.0,1260.0,1.0,10
6287,P-13-13,336.0,1260.0,1.0,12
6287,P-13-23,336.0,1260.0,2.0,12
6288,P-13-13,336.0,1260.0,1.0,12
6288,P-13-23,336.0,1260.0,2.0,12
6289,P-13-13,336.0,1260.0,1.0,12
6289,P-13-23,336.0,1260.0,2.0,12
6290,P-13-13,336.0,1260.0,1.0,12
6290,P-13-23,336.0,1260.0,2.0,12
6291,P-13-13,336.0,1260.0,1.0,12
6291,P-13-23,336.0,1260.0,2.0,12
6292,P-13-13,336.0,1260.0,1.0,12
6292,P-13-23,336.0,1260.0,2.0,12
6293,P-13-13,336.0,1260.0,1.0,12
6293,P-13-23,336.0,1260.0,2.0,12
6294,P-13-13,336.0,1260.0,1.0,12
6294,P-13-23,336.0,1260.0,2.0,12
6295,P-13-13,336.0,1260.0,1.0,12
6295,P-13-23,336.0,1260.0,2.0,12
6296,P-13-13,336.0,1260.0,1.0,12
6296,P-13-23,336.0,1260.0,2.0,12
6297,P-13-13,336.0,1260.0,1.0,12
6297,P-13-23,336.0,1260.0,2.0,12
6298,P-13-13,336.0,1260.0,1.0,5
6298,P-13-23,336.0,1260.0,2.0,12
6298,P-13-22,352.0,1260.0,2.0,8
6299,P-13-12,352.0,1260.0,1.0,12
6299,P-13-22,352.0,1260.0,2.0,12
6300,P-13-12,352.0,1260.0,1.0,12
6300,P-13-22,352.0,1260.0,2.0,12
6301,P-13-12,352.0,1260.0,1.0,12
6301,P-13-22,352.0,1260.0,2.0,12
6302,P-13-12,352.0,1260.0,1.0,12
6302,P-13-22,352.0,1260.0,2.0,12
6303,P-13-12,352.0,1260.0,1.0,12
6303,P-13-22,352.0,1260.0,2.0,12
6304,P-13-12,352.0,1260.0,1.0,12
6304,P-13-22,352.0,1260.0,2.0,12
6305,P-13-12,352.0,1260.0,1.0,12
6305,P-13-22,352.0,1260.0,2.0,12
6306,P-13-12,352.0,1260.0,1.0,4
6306,P-13-22,352.0,1260.0,2.0,12
6306,P-13-23,336.0,1260.0,2.0,4
6306,O-14-23,336.0,1228.0,2.0,3
6306,P-13-21,368.0,1260.0,2.0,2
6307,P-13-11,368.0,1260.0,1.0,12
6307,P-13-21,368.0,1260.0,2.0,12
6308,P-13-11,368.0,1260.0,1.0,12
6308,P-13-21,368.0,1260.0,2.0,12
6309,P-13-11,368.0,1260.0,1.0,12
6309,P-13-21,368.0,1260.0,2.0,12
6310,P-13-11,368.0,1260.0,1.0,12
6310,P-13-21,368.0,1260.0,2.0,12
6311,P-13-11,368.0,1260.0,1.0,12
6311,P-13-21,368.0,1260.0,2.0,12
6312,P-13-11,368.0,1260.0,1.0,12
6312,P-13-21,368.0,1260.0,2.0,12
6313,P-13-11,368.0,1260.0,1.0,12
6313,P-13-21,368.0,1260.0,2.0,12
6314,P-13-11,368.0,1260.0,1.0,12
6314,P-13-21,368.0,1260.0,2.0,12
6315,P-13-11,368.0,1260.0,1.0,5
6315,P-13-21,368.0,1260.0,2.0,12
6315,P-13-22,352.0,1260.0,2.0,5
6316,O-09-13,434.0,1260.0,1.0,12
6316,O-09-23,434.0,1260.0,2.0,12
6317,O-09-13,434.0,1260.0,1.0,12
6317,O-09-23,434.0,1260.0,2.0,12
6318,O-09-13,434.0,1260.0,1.0,12
6318,O-09-23,434.0,1260.0,2.0,12
6319,O-09-13,434.0,1260.0,1.0,12
6319,O-09-23,434.0,1260.0,2.0,12
6320,O-09-13,434.0,1260.0,1.0,12
6320,O-09-23,434.0,1260.0,2.0,12
6321,O-09-13,434.0,1260.0,1.0,12
6321,O-09-23,434.0,1260.0,2.0,12
6322,O-09-13,434.0,1260.0,1.0,12
6322,O-09-23,434.0,1260.0,2.0,12
6323,O-09-13,434.0,1260.0,1.0,12
6323,O-09-23,434.0,1260.0,2.0,12
6324,O-09-13,434.0,1260.0,1.0,12
6324,O-09-23,434.0,1260.0,2.0,12
6325,O-09-13,434.0,1260.0,1.0,12
6325,O-09-23,434.0,1260.0,2.0,12
6326,O-09-13,434.0,1260.0,1.0,12
6326,O-09-23,434.0,1260.0,2.0,12
6327,O-09-13,434.0,1260.0,1.0,12
6327,O-09-23,434.0,1260.0,2.0,12
6328,O-09-13,434.0,1260.0,1.0,9
6328,O-09-23,434.0,1260.0,2.0,12
6328,O-09-22,450.0,1260.0,2.0,4
6329,O-09-12,450.0,1260.0,1.0,12
6329,O-09-22,450.0,1260.0,2.0,12
6330,O-09-12,450.0,1260.0,1.0,12
6330,O-09-22,450.0,1260.0,2.0,12
6331,O-09-12,450.0,1260.0,1.0,12
6331,O-09-22,450.0,1260.0,2.0,12
6332,O-09-12,450.0,1260.0,1.0,12
6332,O-09-22,450.0,1260.0,2.0,12
6333,O-09-12,450.0,1260.0,1.0,12
6333,O-09-22,450.0,1260.0,2.0,12
6334,O-09-12,450.0,1260.0,1.0,12
6334,O-09-22,450.0,1260.0,2.0,12
6335,O-09-12,450.0,1260.0,1.0,12
6335,O-09-22,450.0,1260.0,2.0,12
6336,O-09-12,450.0,1260.0,1.0,12
6336,O-09-22,450.0,1260.0,2.0,12
6337,O-09-12,450.0,1260.0,1.0,9
6337,O-09-22,450.0,1260.0,2.0,12
6337,O-09-23,434.0,1260.0,2.0,4
6338,O-09-11,466.0,1260.0,1.0,12
6338,O-09-21,466.0,1260.0,2.0,12
6339,O-09-11,466.0,1260.0,1.0,12
6339,O-09-21,466.0,1260.0,2.0,12
6340,O-09-11,466.0,1260.0,1.0,12
6340,O-09-21,466.0,1260.0,2.0,12
6341,O-09-11,466.0,1260.0,1.0,12
6341,O-09-21,466.0,1260.0,2.0,12
6342,O-09-11,466.0,1260.0,1.0,12
6342,O-09-21,466.0,1260.0,2.0,12
6343,O-09-11,466.0,1260.0,1.0,12
6343,O-09-21,466.0,1260.0,2.0,12
6344,O-09-11,466.0,1260.0,1.0,12
6344,O-09-21,466.0,1260.0,2.0,12
6345,O-09-11,466.0,1260.0,1.0,12
6345,O-09-21,466.0,1260.0,2.0,11
6345,O-09-22,450.0,1260.0,2.0,2
6346,O-09-11,466.0,1260.0,1.0,12
6346,O-09-22,450.0,1260.0,2.0,12
6347,O-09-11,466.0,1260.0,1.0,10
6347,O-09-22,450.0,1260.0,2.0,12
6347,O-09-23,434.0,1260.0,2.0,3
6348,O-07-13,484.0,1260.0,1.0,12
6348,O-07-23,484.0,1260.0,2.0,12
6349,O-07-13,484.0,1260.0,1.0,12
6349,O-07-23,484.0,1260.0,2.0,12
6350,O-07-13,484.0,1260.0,1.0,12
6350,O-07-23,484.0,1260.0,2.0,12
6351,O-07-13,484.0,1260.0,1.0,12
6351,O-07-23,484.0,1260.0,2.0,5
6351,O-07-22,500.0,1260.0,2.0,8
6352,O-07-13,484.0,1260.0,1.0,12
6352,O-07-12,500.0,1260.0,1.0,12
6353,O-07-13,484.0,1260.0,1.0,12
6353,O-07-12,500.0,1260.0,1.0,12
6354,O-07-13,484.0,1260.0,1.0,12
6354,O-07-12,500.0,1260.0,1.0,12
6355,O-07-13,484.0,1260.0,1.0,12
6355,O-07-12,500.0,1260.0,1.0,12
6356,O-07-13,484.0,1260.0,1.0,12
6356,O-07-12,500.0,1260.0,1.0,12
6357,O-07-13,484.0,1260.0,1.0,12
6357,O-07-12,500.0,1260.0,1.0,12
6358,O-07-13,484.0,1260.0,1.0,5
6358,O-07-12,500.0,1260.0,1.0,12
6358,O-07-22,500.0,1260.0,2.0,8
6359,O-07-12,500.0,1260.0,1.0,12
6359,O-07-22,500.0,1260.0,2.0,12
6360,O-07-12,500.0,1260.0,1.0,12
6360,O-07-22,500.0,1260.0,2.0,12
6361,O-07-12,500.0,1260.0,1.0,4
6361,O-07-22,500.0,1260.0,2.0,12
6361,O-07-21,516.0,1260.0,2.0,6
6361,O-07-11,516.0,1260.0,1.0,3
6362,O-07-11,516.0,1260.0,1.0,12
6362,O-07-22,500.0,1260.0,2.0,12
6363,O-07-11,516.0,1260.0,1.0,12
6363,O-07-22,500.0,1260.0,2.0,4
6363,N-08-22,500.0,1228.0,2.0,9
6364,O-07-11,516.0,1260.0,1.0,12
6364,O-05-13,534.0,1260.0,1.0,12
6365,O-07-11,516.0,1260.0,1.0,12
6365,O-05-13,534.0,1260.0,1.0,5
6365,O-05-23,534.0,1260.0,2.0,8
6366,O-07-11,516.0,1260.0,1.0,12
6366,O-05-23,534.0,1260.0,2.0,12
6367,O-07-11,516.0,1260.0,1.0,12
6367,O-05-23,534.0,1260.0,2.0,12
6368,O-07-11,516.0,1260.0,1.0,12
6368,O-05-23,534.0,1260.0,2.0,12
6369,O-07-11,516.0,1260.0,1.0,12
6369,O-05-23,534.0,1260.0,2.0,12
6370,O-07-11,516.0,1260.0,1.0,12
6370,O-05-23,534.0,1260.0,2.0,12
6371,O-07-11,516.0,1260.0,1.0,12
6371,O-05-23,534.0,1260.0,2.0,12
6372,O-05-12,550.0,1260.0,1.0,12
6372,O-05-22,550.0,1260.0,2.0,12
6373,O-05-12,550.0,1260.0,1.0,3
6373,O-05-22,550.0,1260.0,2.0,12
6373,O-05-23,534.0,1260.0,2.0,10
6374,O-05-11,566.0,1260.0,1.0,12
6374,O-05-21,566.0,1260.0,2.0,12
6375,O-05-11,566.0,1260.0,1.0,12
6375,O-05-21,566.0,1260.0,2.0,12
6376,O-05-11,566.0,1260.0,1.0,12
6376,O-05-21,566.0,1260.0,2.0,12
6377,O-05-11,566.0,1260.0,1.0,12
6377,O-05-21,566.0,1260.0,2.0,12
6378,O-05-11,566.0,1260.0,1.0,12
6378,O-05-21,566.0,1260.0,2.0,12
6379,O-05-11,566.0,1260.0,1.0,12
6379,O-05-21,566.0,1260.0,2.0,12
6380,O-05-11,566.0,1260.0,1.0,8
6380,O-05-21,566.0,1260.0,2.0,12
6380,O-05-22,550.0,1260.0,2.0,5
6381,O-03-13,584.0,1260.0,1.0,12
6381,O-03-23,584.0,1260.0,2.0,12
6382,O-03-13,584.0,1260.0,1.0,3
6382,O-03-23,584.0,1260.0,2.0,12
6382,O-03-22,600.0,1260.0,2.0,10
6383,O-03-12,600.0,1260.0,1.0,12
6383,O-03-22,600.0,1260.0,2.0,12
6384,O-03-12,600.0,1260.0,1.0,12
6384,O-03-22,600.0,1260.0,2.0,12
6385,O-03-12,600.0,1260.0,1.0,12
6385,O-03-22,600.0,1260.0,2.0,12
6386,O-03-12,600.0,1260.0,1.0,6
6386,O-03-22,600.0,1260.0,2.0,12
6386,O-03-23,584.0,1260.0,2.0,7
6387,O-03-11,616.0,1260.0,1.0,12
6387,O-03-21,616.0,1260.0,2.0,12
6388,O-03-11,616.0,1260.0,1.0,12
6388,O-03-21,616.0,1260.0,2.0,12
6389,O-03-11,616.0,1260.0,1.0,12
6389,O-03-21,616.0,1260.0,2.0,12
6390,O-03-11,616.0,1260.0,1.0,12
6390,O-03-21,616.0,1260.0,2.0,12
6391,O-03-11,616.0,1260.0,1.0,10
6391,O-03-21,616.0,1260.0,2.0,12
6391,O-03-22,600.0,1260.0,2.0,3
6392,O-01-13,634.0,1260.0,1.0,12
6392,O-01-23,634.0,1260.0,2.0,12
6393,O-01-13,634.0,1260.0,1.0,12
6393,O-01-23,634.0,1260.0,2.0,12
6394,O-01-13,634.0,1260.0,1.0,12
6394,O-01-23,634.0,1260.0,2.0,12
6395,O-01-13,634.0,1260.0,1.0,12
6395,O-01-23,634.0,1260.0,2.0,6
6395,O-01-22,650.0,1260.0,2.0,7
6396,O-01-13,634.0,1260.0,1.0,11
6396,O-01-12,650.0,1260.0,1.0,12
6396,O-01-22,650.0,1260.0,2.0,2
6397,O-01-12,650.0,1260.0,1.0,12
6397,O-01-22,650.0,1260.0,2.0,12
6398,O-01-12,650.0,1260.0,1.0,12
6398,O-01-22,650.0,1260.0,2.0,12
6399,O-01-12,650.0,1260.0,1.0,12
6399,O-01-22,650.0,1260.0,2.0,2
6399,O-01-21,666.0,1260.0,2.0,11
6400,O-01-12,650.0,1260.0,1.0,12
6400,O-01-21,666.0,1260.0,2.0,1
6400,O-03-21,616.0,1260.0,2.0,12
6401,O-01-12,650.0,1260.0,1.0,12
6401,O-03-21,616.0,1260.0,2.0,12
6402,O-01-12,650.0,1260.0,1.0,12
6402,O-03-21,616.0,1260.0,2.0,12
6403,O-01-12,650.0,1260.0,1.0,1
6403,O-03-21,616.0,1260.0,2.0,12
6403,O-03-22,600.0,1260.0,2.0,12
6404,P-24-13,86.0,1318.0,1.0,8
6404,P-24-23,86.0,1318.0,2.0,12
6404,P-24-22,102.0,1318.0,2.0,5
6405,P-24-12,102.0,1318.0,1.0,12
6405,P-24-22,102.0,1318.0,2.0,12
6406,P-24-12,102.0,1318.0,1.0,12
6406,P-24-22,102.0,1318.0,2.0,12
6407,P-24-12,102.0,1318.0,1.0,10
6407,P-24-22,102.0,1318.0,2.0,12
6407,P-24-23,86.0,1318.0,2.0,3
6408,P-24-11,118.0,1318.0,1.0,12
6408,P-24-21,118.0,1318.0,2.0,12
6409,P-24-11,118.0,1318.0,1.0,12
6409,P-24-21,118.0,1318.0,2.0,12
6410,P-24-11,118.0,1318.0,1.0,12
6410,P-24-21,118.0,1318.0,2.0,11
6410,P-24-22,102.0,1318.0,2.0,2
6411,P-24-11,118.0,1318.0,1.0,12
6411,P-24-22,102.0,1318.0,2.0,12
6412,P-24-11,118.0,1318.0,1.0,12
6412,P-24-22,102.0,1318.0,2.0,12
6413,P-24-11,118.0,1318.0,1.0,12
6413,P-24-22,102.0,1318.0,2.0,1
6413,P-24-23,86.0,1318.0,2.0,12
6414,P-24-11,118.0,1318.0,1.0,11
6414,P-22-13,136.0,1318.0,1.0,12
6414,P-22-23,136.0,1318.0,2.0,2
6415,P-22-13,136.0,1318.0,1.0,6
6415,P-22-23,136.0,1318.0,2.0,12
6415,P-22-22,152.0,1318.0,2.0,7
6416,P-22-12,152.0,1318.0,1.0,12
6416,P-22-22,152.0,1318.0,2.0,12
6417,P-22-12,152.0,1318.0,1.0,12
6417,P-22-22,152.0,1318.0,2.0,12
6418,P-22-12,152.0,1318.0,1.0,12
6418,P-22-22,152.0,1318.0,2.0,12
6419,P-22-12,152.0,1318.0,1.0,12
6419,P-22-22,152.0,1318.0,2.0,12
6420,P-22-12,152.0,1318.0,1.0,12
6420,P-22-22,152.0,1318.0,2.0,12
6421,P-22-12,152.0,1318.0,1.0,12
6421,P-22-22,152.0,1318.0,2.0,12
6422,P-22-12,152.0,1318.0,1.0,12
6422,P-22-22,152.0,1318.0,2.0,12
6423,P-22-12,152.0,1318.0,1.0,12
6423,P-22-22,152.0,1318.0,2.0,5
6423,P-22-23,136.0,1318.0,2.0,8
6424,P-22-12,152.0,1318.0,1.0,7
6424,P-22-11,168.0,1318.0,1.0,12
6424,P-22-21,168.0,1318.0,2.0,6
6425,P-22-11,168.0,1318.0,1.0,12
6425,P-22-21,168.0,1318.0,2.0,12
6426,P-22-11,168.0,1318.0,1.0,4
6426,P-22-21,168.0,1318.0,2.0,12
6426,P-20-23,186.0,1318.0,2.0,9
6427,P-20-13,186.0,1318.0,1.0,12
6427,P-20-23,186.0,1318.0,2.0,12
6428,P-20-13,186.0,1318.0,1.0,12
6428,P-20-23,186.0,1318.0,2.0,12
6429,P-20-13,186.0,1318.0,1.0,12
6429,P-20-23,186.0,1318.0,2.0,12
6430,P-20-13,186.0,1318.0,1.0,12
6430,P-20-23,186.0,1318.0,2.0,12
6431,P-20-13,186.0,1318.0,1.0,12
6431,P-20-23,186.0,1318.0,2.0,12
6432,P-20-13,186.0,1318.0,1.0,12
6432,P-20-23,186.0,1318.0,2.0,12
6433,P-20-13,186.0,1318.0,1.0,12
6433,P-20-23,186.0,1318.0,2.0,12
6434,P-20-13,186.0,1318.0,1.0,12
6434,P-20-23,186.0,1318.0,2.0,9
6434,P-20-22,202.0,1318.0,2.0,4
6435,P-20-13,186.0,1318.0,1.0,1
6435,P-20-12,202.0,1318.0,1.0,12
6435,P-20-22,202.0,1318.0,2.0,12
6436,P-20-12,202.0,1318.0,1.0,12
6436,P-20-22,202.0,1318.0,2.0,12
6437,P-20-12,202.0,1318.0,1.0,12
6437,P-20-22,202.0,1318.0,2.0,12
6438,P-20-12,202.0,1318.0,1.0,12
6438,P-20-22,202.0,1318.0,2.0,12
6439,P-20-12,202.0,1318.0,1.0,12
6439,P-20-22,202.0,1318.0,2.0,12
6440,P-20-12,202.0,1318.0,1.0,3
6440,P-20-22,202.0,1318.0,2.0,12
6440,P-20-21,218.0,1318.0,2.0,10
6441,P-20-11,218.0,1318.0,1.0,12
6441,P-20-21,218.0,1318.0,2.0,12
6442,P-20-11,218.0,1318.0,1.0,12
6442,P-20-21,218.0,1318.0,2.0,7
6442,P-20-22,202.0,1318.0,2.0,6
6443,P-20-11,218.0,1318.0,1.0,12
6443,P-20-22,202.0,1318.0,2.0,12
6444,P-20-11,218.0,1318.0,1.0,12
6444,P-20-22,202.0,1318.0,2.0,12
6445,P-20-11,218.0,1318.0,1.0,12
6445,P-20-22,202.0,1318.0,2.0,12
6446,P-20-11,218.0,1318.0,1.0,12
6446,P-20-22,202.0,1318.0,2.0,12
6447,P-20-11,218.0,1318.0,1.0,12
6447,P-20-22,202.0,1318.0,2.0,12
6448,P-20-11,218.0,1318.0,1.0,12
6448,P-20-22,202.0,1318.0,2.0,12
6449,P-20-11,218.0,1318.0,1.0,12
6449,P-20-22,202.0,1318.0,2.0,12
6450,P-20-11,218.0,1318.0,1.0,2
6450,P-20-22,202.0,1318.0,2.0,12
6450,Q-19-22,202.0,1350.0,2.0,2
6450,Q-19-12,202.0,1350.0,1.0,1
6450,Q-19-13,186.0,1350.0,1.0,3
6450,Q-21-11,168.0,1350.0,1.0,5
6451,P-18-13,236.0,1318.0,1.0,12
6451,P-18-23,236.0,1318.0,2.0,12
6452,P-18-13,236.0,1318.0,1.0,12
6452,P-18-23,236.0,1318.0,2.0,12
6453,P-18-13,236.0,1318.0,1.0,12
6453,P-18-23,236.0,1318.0,2.0,12
6454,P-18-13,236.0,1318.0,1.0,12
6454,P-18-23,236.0,1318.0,2.0,12
6455,P-18-13,236.0,1318.0,1.0,12
6455,P-18-23,236.0,1318.0,2.0,12
6456,P-18-13,236.0,1318.0,1.0,12
6456,P-18-23,236.0,1318.0,2.0,12
6457,P-18-13,236.0,1318.0,1.0,12
6457,P-18-23,236.0,1318.0,2.0,12
6458,P-18-13,236.0,1318.0,1.0,12
6458,P-18-23,236.0,1318.0,2.0,2
6458,P-18-22,252.0,1318.0,2.0,11
6459,P-18-13,236.0,1318.0,1.0,12
6459,P-18-12,252.0,1318.0,1.0,12
6460,P-18-13,236.0,1318.0,1.0,12
6460,P-18-12,252.0,1318.0,1.0,12
6461,P-18-13,236.0,1318.0,1.0,12
6461,P-18-12,252.0,1318.0,1.0,12
6462,P-18-13,236.0,1318.0,1.0,12
6462,P-18-12,252.0,1318.0,1.0,12
6463,P-18-13,236.0,1318.0,1.0,12
6463,P-18-12,252.0,1318.0,1.0,12
6464,P-18-13,236.0,1318.0,1.0,12
6464,P-18-12,252.0,1318.0,1.0,12
6465,P-18-13,236.0,1318.0,1.0,12
6465,P-18-12,252.0,1318.0,1.0,12
6466,P-18-13,236.0,1318.0,1.0,10
6466,P-18-12,252.0,1318.0,1.0,12
6466,P-18-22,252.0,1318.0,2.0,3
6467,P-18-12,252.0,1318.0,1.0,12
6467,P-18-22,252.0,1318.0,2.0,12
6468,P-18-12,252.0,1318.0,1.0,10
6468,P-18-22,252.0,1318.0,2.0,12
6468,P-18-21,268.0,1318.0,2.0,3
6469,P-18-11,268.0,1318.0,1.0,12
6469,P-18-21,268.0,1318.0,2.0,12
6470,P-18-11,268.0,1318.0,1.0,12
6470,P-18-21,268.0,1318.0,2.0,12
6471,P-18-11,268.0,1318.0,1.0,12
6471,P-18-21,268.0,1318.0,2.0,12
6472,P-18-11,268.0,1318.0,1.0,12
6472,P-18-21,268.0,1318.0,2.0,12
6473,P-18-11,268.0,1318.0,1.0,12
6473,P-18-21,268.0,1318.0,2.0,12
6474,P-18-11,268.0,1318.0,1.0,12
6474,P-18-21,268.0,1318.0,2.0,12
6475,P-18-11,268.0,1318.0,1.0,12
6475,P-18-21,268.0,1318.0,2.0,2
6475,P-18-22,252.0,1318.0,2.0,11
6476,P-18-11,268.0,1318.0,1.0,12
6476,P-18-22,252.0,1318.0,2.0,12
6477,P-18-11,268.0,1318.0,1.0,12
6477,P-18-22,252.0,1318.0,2.0,12
6478,P-18-11,268.0,1318.0,1.0,12
6478,P-18-22,252.0,1318.0,2.0,3
6478,Q-17-22,252.0,1350.0,2.0,7
6478,Q-17-12,252.0,1350.0,1.0,3
6479,P-18-11,268.0,1318.0,1.0,12
6479,P-16-13,286.0,1318.0,1.0,12
6480,P-18-11,268.0,1318.0,1.0,12
6480,P-16-13,286.0,1318.0,1.0,12
6481,P-18-11,268.0,1318.0,1.0,12
6481,P-16-13,286.0,1318.0,1.0,12
6482,P-18-11,268.0,1318.0,1.0,12
6482,P-16-13,286.0,1318.0,1.0,12
6483,P-18-11,268.0,1318.0,1.0,12
6483,P-16-13,286.0,1318.0,1.0,12
6484,P-18-11,268.0,1318.0,1.0,12
6484,P-16-13,286.0,1318.0,1.0,12
6485,P-18-11,268.0,1318.0,1.0,12
6485,P-16-13,286.0,1318.0,1.0,12
6486,P-18-11,268.0,1318.0,1.0,12
6486,P-16-13,286.0,1318.0,1.0,12
6487,P-18-11,268.0,1318.0,1.0,12
6487,P-16-13,286.0,1318.0,1.0,12
6488,P-18-11,268.0,1318.0,1.0,12
6488,P-16-13,286.0,1318.0,1.0,12
6489,P-18-11,268.0,1318.0,1.0,12
6489,P-16-13,286.0,1318.0,1.0,12
6490,P-18-11,268.0,1318.0,1.0,12
6490,P-16-13,286.0,1318.0,1.0,12
6491,P-18-11,268.0,1318.0,1.0,12
6491,P-16-13,286.0,1318.0,1.0,12
6492,P-18-11,268.0,1318.0,1.0,10
6492,P-16-13,286.0,1318.0,1.0,12
6492,P-16-23,286.0,1318.0,2.0,3
6493,P-16-13,286.0,1318.0,1.0,12
6493,P-16-23,286.0,1318.0,2.0,12
6494,P-16-13,286.0,1318.0,1.0,12
6494,P-16-23,286.0,1318.0,2.0,12
6495,P-16-13,286.0,1318.0,1.0,12
6495,P-16-23,286.0,1318.0,2.0,12
6496,P-16-13,286.0,1318.0,1.0,8
6496,P-16-23,286.0,1318.0,2.0,8
6496,P-16-22,302.0,1318.0,2.0,9
6497,P-16-12,302.0,1318.0,1.0,12
6497,P-16-22,302.0,1318.0,2.0,12
6498,P-16-12,302.0,1318.0,1.0,12
6498,P-16-22,302.0,1318.0,2.0,12
6499,P-16-12,302.0,1318.0,1.0,12
6499,P-16-22,302.0,1318.0,2.0,12
6500,P-16-12,302.0,1318.0,1.0,12
6500,P-16-22,302.0,1318.0,2.0,12
6501,P-16-12,302.0,1318.0,1.0,1
6501,P-16-22,302.0,1318.0,2.0,12
6501,P-16-21,318.0,1318.0,2.0,12
6502,P-16-11,318.0,1318.0,1.0,12
6502,P-16-21,318.0,1318.0,2.0,12
6503,P-16-11,318.0,1318.0,1.0,12
6503,P-16-21,318.0,1318.0,2.0,12
6504,P-16-11,318.0,1318.0,1.0,12
6504,P-16-21,318.0,1318.0,2.0,12
6505,P-16-11,318.0,1318.0,1.0,12
6505,P-16-21,318.0,1318.0,2.0,12
6506,P-16-11,318.0,1318.0,1.0,12
6506,P-16-21,318.0,1318.0,2.0,12
6507,P-16-11,318.0,1318.0,1.0,12
6507,P-16-21,318.0,1318.0,2.0,12
6508,P-16-11,318.0,1318.0,1.0,12
6508,P-16-21,318.0,1318.0,2.0,12
6509,P-16-11,318.0,1318.0,1.0,12
6509,P-16-21,318.0,1318.0,2.0,12
6510,P-16-11,318.0,1318.0,1.0,12
6510,P-16-21,318.0,1318.0,2.0,12
6511,P-16-11,318.0,1318.0,1.0,12
6511,P-16-21,318.0,1318.0,2.0,12
6512,P-16-11,318.0,1318.0,1.0,12
6512,P-16-21,318.0,1318.0,2.0,12
6513,P-16-11,318.0,1318.0,1.0,12
6513,P-16-21,318.0,1318.0,2.0,12
6514,P-16-11,318.0,1318.0,1.0,12
6514,P-16-21,318.0,1318.0,2.0,12
6515,P-16-11,318.0,1318.0,1.0,11
6515,P-16-21,318.0,1318.0,2.0,12
6515,P-16-22,302.0,1318.0,2.0,2
6516,P-14-13,336.0,1318.0,1.0,12
6516,P-14-23,336.0,1318.0,2.0,12
6517,P-14-13,336.0,1318.0,1.0,12
6517,P-14-23,336.0,1318.0,2.0,12
6518,P-14-13,336.0,1318.0,1.0,12
6518,P-14-23,336.0,1318.0,2.0,12
6519,P-14-13,336.0,1318.0,1.0,12
6519,P-14-23,336.0,1318.0,2.0,12
6520,P-14-13,336.0,1318.0,1.0,12
6520,P-14-23,336.0,1318.0,2.0,12
6521,P-14-13,336.0,1318.0,1.0,12
6521,P-14-23,336.0,1318.0,2.0,12
6522,P-14-13,336.0,1318.0,1.0,12
6522,P-14-23,336.0,1318.0,2.0,12
6523,P-14-13,336.0,1318.0,1.0,12
6523,P-14-23,336.0,1318.0,2.0,12
6524,P-14-13,336.0,1318.0,1.0,6
6524,P-14-23,336.0,1318.0,2.0,12
6524,P-14-22,352.0,1318.0,2.0,7
6525,P-14-12,352.0,1318.0,1.0,12
6525,P-14-22,352.0,1318.0,2.0,12
6526,P-14-12,352.0,1318.0,1.0,12
6526,P-14-22,352.0,1318.0,2.0,2
6526,P-14-23,336.0,1318.0,2.0,11
6527,P-14-12,352.0,1318.0,1.0,12
6527,P-14-11,368.0,1318.0,1.0,12
6528,P-14-12,352.0,1318.0,1.0,12
6528,P-14-11,368.0,1318.0,1.0,12
6529,P-14-12,352.0,1318.0,1.0,12
6529,P-14-11,368.0,1318.0,1.0,12
6530,P-14-12,352.0,1318.0,1.0,12
6530,P-14-11,368.0,1318.0,1.0,12
6531,P-14-12,352.0,1318.0,1.0,12
6531,P-14-11,368.0,1318.0,1.0,12
6532,P-14-12,352.0,1318.0,1.0,12
6532,P-14-11,368.0,1318.0,1.0,12
6533,P-14-12,352.0,1318.0,1.0,12
6533,P-14-11,368.0,1318.0,1.0,12
6534,P-14-12,352.0,1318.0,1.0,12
6534,P-14-11,368.0,1318.0,1.0,12
6535,P-14-12,352.0,1318.0,1.0,12
6535,P-14-11,368.0,1318.0,1.0,12
6536,P-14-12,352.0,1318.0,1.0,12
6536,P-14-11,368.0,1318.0,1.0,12
6537,P-14-12,352.0,1318.0,1.0,12
6537,P-14-11,368.0,1318.0,1.0,12
6538,P-14-12,352.0,1318.0,1.0,12
6538,P-14-11,368.0,1318.0,1.0,12
6539,P-14-12,352.0,1318.0,1.0,12
6539,P-14-11,368.0,1318.0,1.0,1
6539,P-14-21,368.0,1318.0,2.0,12
6540,P-14-12,352.0,1318.0,1.0,8
6540,P-14-23,336.0,1318.0,2.0,12
6540,P-16-21,318.0,1318.0,2.0,5
6541,O-10-13,434.0,1318.0,1.0,12
6541,O-10-23,434.0,1318.0,2.0,12
6542,O-10-13,434.0,1318.0,1.0,12
6542,O-10-23,434.0,1318.0,2.0,12
6543,O-10-13,434.0,1318.0,1.0,12
6543,O-10-23,434.0,1318.0,2.0,12
6544,O-10-13,434.0,1318.0,1.0,12
6544,O-10-23,434.0,1318.0,2.0,12
6545,O-10-13,434.0,1318.0,1.0,12
6545,O-10-23,434.0,1318.0,2.0,12
6546,O-10-13,434.0,1318.0,1.0,12
6546,O-10-23,434.0,1318.0,2.0,12
6547,O-10-13,434.0,1318.0,1.0,12
6547,O-10-23,434.0,1318.0,2.0,12
6548,O-10-13,434.0,1318.0,1.0,12
6548,O-10-23,434.0,1318.0,2.0,12
6549,O-10-13,434.0,1318.0,1.0,12
6549,O-10-23,434.0,1318.0,2.0,12
6550,O-10-13,434.0,1318.0,1.0,12
6550,O-10-23,434.0,1318.0,2.0,12
6551,O-10-13,434.0,1318.0,1.0,12
6551,O-10-23,434.0,1318.0,2.0,12
6552,O-10-13,434.0,1318.0,1.0,12
6552,O-10-23,434.0,1318.0,2.0,12
6553,O-10-13,434.0,1318.0,1.0,12
6553,O-10-23,434.0,1318.0,2.0,12
6554,O-10-13,434.0,1318.0,1.0,12
6554,O-10-23,434.0,1318.0,2.0,12
6555,O-10-13,434.0,1318.0,1.0,12
6555,O-10-12,450.0,1318.0,1.0,12
6556,O-10-13,434.0,1318.0,1.0,12
6556,O-10-12,450.0,1318.0,1.0,12
6557,O-10-13,434.0,1318.0,1.0,12
6557,O-10-12,450.0,1318.0,1.0,12
6558,O-10-13,434.0,1318.0,1.0,12
6558,O-10-12,450.0,1318.0,1.0,12
6559,O-10-13,434.0,1318.0,1.0,12
6559,O-10-12,450.0,1318.0,1.0,12
6560,O-10-13,434.0,1318.0,1.0,12
6560,O-10-12,450.0,1318.0,1.0,12
6561,O-10-13,434.0,1318.0,1.0,12
6561,O-10-12,450.0,1318.0,1.0,12
6562,O-10-13,434.0,1318.0,1.0,12
6562,O-10-12,450.0,1318.0,1.0,12
6563,O-10-13,434.0,1318.0,1.0,2
6563,O-10-12,450.0,1318.0,1.0,12
6563,O-10-22,450.0,1318.0,2.0,11
6564,O-10-12,450.0,1318.0,1.0,12
6564,O-10-22,450.0,1318.0,2.0,12
6565,O-10-12,450.0,1318.0,1.0,12
6565,O-10-22,450.0,1318.0,2.0,12
6566,O-10-12,450.0,1318.0,1.0,12
6566,O-10-22,450.0,1318.0,2.0,12
6567,O-10-12,450.0,1318.0,1.0,2
6567,O-10-22,450.0,1318.0,2.0,12
6567,O-10-21,466.0,1318.0,2.0,11
6568,O-10-11,466.0,1318.0,1.0,12
6568,O-10-21,466.0,1318.0,2.0,12
6569,O-10-11,466.0,1318.0,1.0,12
6569,O-10-21,466.0,1318.0,2.0,12
6570,O-10-11,466.0,1318.0,1.0,12
6570,O-10-21,466.0,1318.0,2.0,12
6571,O-10-11,466.0,1318.0,1.0,12
6571,O-10-21,466.0,1318.0,2.0,12
6572,O-10-11,466.0,1318.0,1.0,12
6572,O-10-21,466.0,1318.0,2.0,12
6573,O-10-11,466.0,1318.0,1.0,12
6573,O-10-21,466.0,1318.0,2.0,12
6574,O-10-11,466.0,1318.0,1.0,12
6574,O-10-21,466.0,1318.0,2.0,12
6575,O-10-11,466.0,1318.0,1.0,12
6575,O-10-21,466.0,1318.0,2.0,12
6576,O-10-11,466.0,1318.0,1.0,12
6576,O-10-21,466.0,1318.0,2.0,12
6577,O-10-11,466.0,1318.0,1.0,12
6577,O-10-21,466.0,1318.0,2.0,12
6578,O-10-11,466.0,1318.0,1.0,12
6578,O-10-21,466.0,1318.0,2.0,12
6579,O-10-11,466.0,1318.0,1.0,12
6579,O-10-21,466.0,1318.0,2.0,12
6580,O-10-11,466.0,1318.0,1.0,12
6580,O-10-21,466.0,1318.0,2.0,12
6581,O-10-11,466.0,1318.0,1.0,3
6581,O-10-21,466.0,1318.0,2.0,10
6581,O-10-22,450.0,1318.0,2.0,12
6582,O-08-13,484.0,1318.0,1.0,12
6582,O-08-23,484.0,1318.0,2.0,12
6583,O-08-13,484.0,1318.0,1.0,12
6583,O-08-23,484.0,1318.0,2.0,12
6584,O-08-13,484.0,1318.0,1.0,12
6584,O-08-23,484.0,1318.0,2.0,12
6585,O-08-13,484.0,1318.0,1.0,12
6585,O-08-23,484.0,1318.0,2.0,12
6586,O-08-13,484.0,1318.0,1.0,12
6586,O-08-23,484.0,1318.0,2.0,12
6587,O-08-13,484.0,1318.0,1.0,12
6587,O-08-23,484.0,1318.0,2.0,10
6587,O-08-22,500.0,1318.0,2.0,3
6588,O-08-13,484.0,1318.0,1.0,12
6588,O-08-12,500.0,1318.0,1.0,12
6589,O-08-13,484.0,1318.0,1.0,12
6589,O-08-12,500.0,1318.0,1.0,12
6590,O-08-13,484.0,1318.0,1.0,12
6590,O-08-12,500.0,1318.0,1.0,12
6591,O-08-13,484.0,1318.0,1.0,12
6591,O-08-12,500.0,1318.0,1.0,12
6592,O-08-13,484.0,1318.0,1.0,12
6592,O-08-12,500.0,1318.0,1.0,12
6593,O-08-13,484.0,1318.0,1.0,12
6593,O-08-12,500.0,1318.0,1.0,12
6594,O-08-13,484.0,1318.0,1.0,12
6594,O-08-12,500.0,1318.0,1.0,12
6595,O-08-13,484.0,1318.0,1.0,12
6595,O-08-12,500.0,1318.0,1.0,12
6596,O-08-13,484.0,1318.0,1.0,8
6596,O-08-12,500.0,1318.0,1.0,12
6596,O-08-22,500.0,1318.0,2.0,5
6597,O-08-12,500.0,1318.0,1.0,2
6597,O-08-22,500.0,1318.0,2.0,12
6597,O-08-21,516.0,1318.0,2.0,11
6598,O-08-11,516.0,1318.0,1.0,12
6598,O-08-21,516.0,1318.0,2.0,12
6599,O-08-11,516.0,1318.0,1.0,12
6599,O-08-21,516.0,1318.0,2.0,12
6600,O-08-11,516.0,1318.0,1.0,12
6600,O-08-21,516.0,1318.0,2.0,12
6601,O-08-11,516.0,1318.0,1.0,12
6601,O-08-21,516.0,1318.0,2.0,12
6602,O-08-11,516.0,1318.0,1.0,6
6602,O-08-21,516.0,1318.0,2.0,12
6602,O-08-22,500.0,1318.0,2.0,7
6603,O-06-13,534.0,1318.0,1.0,12
6603,O-06-23,534.0,1318.0,2.0,11
6603,O-06-22,550.0,1318.0,2.0,2
6604,O-06-13,534.0,1318.0,1.0,12
6604,O-06-12,550.0,1318.0,1.0,12
6605,O-06-13,534.0,1318.0,1.0,12
6605,O-06-12,550.0,1318.0,1.0,12
6606,O-06-13,534.0,1318.0,1.0,12
6606,O-06-12,550.0,1318.0,1.0,12
6607,O-06-13,534.0,1318.0,1.0,12
6607,O-06-12,550.0,1318.0,1.0,12
6608,O-06-13,534.0,1318.0,1.0,12
6608,O-06-12,550.0,1318.0,1.0,12
6609,O-06-13,534.0,1318.0,1.0,12
6609,O-06-12,550.0,1318.0,1.0,12
6610,O-06-13,534.0,1318.0,1.0,12
6610,O-06-12,550.0,1318.0,1.0,12
6611,O-06-13,534.0,1318.0,1.0,7
6611,O-06-12,550.0,1318.0,1.0,12
6611,O-06-22,550.0,1318.0,2.0,6
6612,O-06-12,550.0,1318.0,1.0,12
6612,O-06-22,550.0,1318.0,2.0,12
6613,O-06-12,550.0,1318.0,1.0,12
6613,O-06-22,550.0,1318.0,2.0,12
6614,O-06-12,550.0,1318.0,1.0,12
6614,O-06-22,550.0,1318.0,2.0,12
6615,O-06-12,550.0,1318.0,1.0,12
6615,O-06-22,550.0,1318.0,2.0,12
6616,O-06-12,550.0,1318.0,1.0,12
6616,O-06-22,550.0,1318.0,2.0,12
6617,O-06-11,566.0,1318.0,1.0,12
6617,O-06-21,566.0,1318.0,2.0,12
6618,O-06-11,566.0,1318.0,1.0,12
6618,O-06-21,566.0,1318.0,2.0,12
6619,O-06-11,566.0,1318.0,1.0,12
6619,O-06-21,566.0,1318.0,2.0,12
6620,O-06-11,566.0,1318.0,1.0,12
6620,O-06-21,566.0,1318.0,2.0,12
6621,O-06-11,566.0,1318.0,1.0,12
6621,O-06-21,566.0,1318.0,2.0,12
6622,O-06-11,566.0,1318.0,1.0,12
6622,O-06-21,566.0,1318.0,2.0,12
6623,O-06-11,566.0,1318.0,1.0,12
6623,O-06-21,566.0,1318.0,2.0,12
6624,O-06-11,566.0,1318.0,1.0,12
6624,O-06-21,566.0,1318.0,2.0,12
6625,O-06-11,566.0,1318.0,1.0,12
6625,O-06-21,566.0,1318.0,2.0,12
6626,O-06-11,566.0,1318.0,1.0,12
6626,O-06-21,566.0,1318.0,2.0,12
6627,O-06-11,566.0,1318.0,1.0,12
6627,O-06-21,566.0,1318.0,2.0,12
6628,O-06-11,566.0,1318.0,1.0,12
6628,O-06-21,566.0,1318.0,2.0,12
6629,O-06-11,566.0,1318.0,1.0,12
6629,O-06-21,566.0,1318.0,2.0,12
6630,O-06-11,566.0,1318.0,1.0,12
6630,O-06-21,566.0,1318.0,2.0,12
6631,O-06-11,566.0,1318.0,1.0,12
6631,O-06-21,566.0,1318.0,2.0,12
6632,O-06-11,566.0,1318.0,1.0,4
6632,O-06-21,566.0,1318.0,2.0,12
6632,O-06-22,550.0,1318.0,2.0,9
6633,O-04-13,584.0,1318.0,1.0,12
6633,O-04-23,584.0,1318.0,2.0,12
6634,O-04-13,584.0,1318.0,1.0,12
6634,O-04-23,584.0,1318.0,2.0,12
6635,O-04-13,584.0,1318.0,1.0,12
6635,O-04-23,584.0,1318.0,2.0,12
6636,O-04-13,584.0,1318.0,1.0,4
6636,O-04-23,584.0,1318.0,2.0,7
6636,O-04-22,600.0,1318.0,2.0,12
6636,O-04-12,600.0,1318.0,1.0,2
6637,O-04-12,600.0,1318.0,1.0,12
6637,O-04-22,600.0,1318.0,2.0,12
6638,O-04-12,600.0,1318.0,1.0,12
6638,O-04-22,600.0,1318.0,2.0,12
6639,O-04-12,600.0,1318.0,1.0,12
6639,O-04-22,600.0,1318.0,2.0,12
6640,O-04-12,600.0,1318.0,1.0,1
6640,O-04-22,600.0,1318.0,2.0,7
6640,O-04-21,616.0,1318.0,2.0,12
6640,O-04-11,616.0,1318.0,1.0,5
6641,O-04-11,616.0,1318.0,1.0,12
6641,O-04-21,616.0,1318.0,2.0,12
6642,O-04-11,616.0,1318.0,1.0,12
6642,O-04-21,616.0,1318.0,2.0,12
6643,O-04-11,616.0,1318.0,1.0,12
6643,O-04-21,616.0,1318.0,2.0,7
6643,O-02-23,634.0,1318.0,2.0,4
6643,O-02-13,634.0,1318.0,1.0,2
6644,O-04-11,616.0,1318.0,1.0,12
6644,O-02-13,634.0,1318.0,1.0,12
6645,O-04-11,616.0,1318.0,1.0,12
6645,O-02-13,634.0,1318.0,1.0,12
6646,O-04-11,616.0,1318.0,1.0,12
6646,O-02-13,634.0,1318.0,1.0,12
6647,O-04-11,616.0,1318.0,1.0,12
6647,O-02-13,634.0,1318.0,1.0,12
6648,O-04-11,616.0,1318.0,1.0,12
6648,O-02-13,634.0,1318.0,1.0,12
6649,O-04-11,616.0,1318.0,1.0,12
6649,O-02-13,634.0,1318.0,1.0,10
6649,O-02-12,650.0,1318.0,1.0,3
6650,O-04-11,616.0,1318.0,1.0,12
6650,P-03-11,616.0,1350.0,1.0,12
6651,O-04-11,616.0,1318.0,1.0,12
6651,P-03-11,616.0,1350.0,1.0,12
6652,O-04-11,616.0,1318.0,1.0,12
6652,P-03-11,616.0,1350.0,1.0,12
6653,O-04-11,616.0,1318.0,1.0,12
6653,P-03-11,616.0,1350.0,1.0,12
6654,O-04-11,616.0,1318.0,1.0,12
6654,P-03-11,616.0,1350.0,1.0,12
6655,O-04-11,616.0,1318.0,1.0,12
6655,P-03-11,616.0,1350.0,1.0,12
6656,O-04-11,616.0,1318.0,1.0,12
6656,P-03-11,616.0,1350.0,1.0,12
6657,O-04-11,616.0,1318.0,1.0,2
6657,P-03-11,616.0,1350.0,1.0,6
6657,P-03-21,616.0,1350.0,2.0,12
6657,P-03-22,600.0,1350.0,2.0,5
6658,O-02-12,650.0,1318.0,1.0,12
6658,O-02-22,650.0,1318.0,2.0,12
6659,O-02-12,650.0,1318.0,1.0,12
6659,O-02-22,650.0,1318.0,2.0,12
6660,O-02-12,650.0,1318.0,1.0,12
6660,O-02-22,650.0,1318.0,2.0,12
6661,O-02-12,650.0,1318.0,1.0,12
6661,O-02-22,650.0,1318.0,2.0,4
6661,O-02-21,666.0,1318.0,2.0,9
6662,O-02-12,650.0,1318.0,1.0,12
6662,O-02-11,666.0,1318.0,1.0,12
6663,O-02-12,650.0,1318.0,1.0,12
6663,O-02-11,666.0,1318.0,1.0,12
6664,O-02-12,650.0,1318.0,1.0,12
6664,O-02-11,666.0,1318.0,1.0,6
6664,O-02-21,666.0,1318.0,2.0,7
6665,O-02-12,650.0,1318.0,1.0,12
6665,O-02-21,666.0,1318.0,2.0,12
6666,O-02-12,650.0,1318.0,1.0,12
6666,O-02-21,666.0,1318.0,2.0,12
6667,O-02-12,650.0,1318.0,1.0,12
6667,O-02-21,666.0,1318.0,2.0,11
6667,P-01-21,666.0,1350.0,2.0,2
6668,O-02-12,650.0,1318.0,1.0,12
6668,P-01-12,650.0,1350.0,1.0,12
6669,O-02-12,650.0,1318.0,1.0,11
6669,P-01-12,650.0,1350.0,1.0,12
6669,P-01-22,650.0,1350.0,2.0,2
6670,Q-21-13,136.0,1350.0,1.0,2
6670,Q-21-23,136.0,1350.0,2.0,12
6670,Q-21-22,152.0,1350.0,2.0,8
6670,Q-21-21,168.0,1350.0,2.0,1
6670,Q-21-11,168.0,1350.0,1.0,2
6671,Q-21-11,168.0,1350.0,1.0,2
6671,P-22-21,168.0,1318.0,2.0,12
6671,P-22-23,136.0,1318.0,2.0,7
6671,Q-21-23,136.0,1350.0,2.0,2
6671,Q-23-21,118.0,1350.0,2.0,2
6672,Q-17-13,236.0,1350.0,1.0,6
6672,Q-17-23,236.0,1350.0,2.0,4
6672,Q-19-21,218.0,1350.0,2.0,4
6672,P-20-22,202.0,1318.0,2.0,5
6672,P-22-21,168.0,1318.0,2.0,6
6673,Q-17-11,268.0,1350.0,1.0,5
6673,Q-17-21,268.0,1350.0,2.0,8
6673,Q-15-23,286.0,1350.0,2.0,3
6673,Q-15-13,286.0,1350.0,1.0,5
6673,Q-15-12,302.0,1350.0,1.0,2
6673,Q-15-22,302.0,1350.0,2.0,1
6674,Q-15-11,318.0,1350.0,1.0,1
6674,Q-13-13,336.0,1350.0,1.0,6
6674,Q-13-23,336.0,1350.0,2.0,2
6674,Q-13-22,352.0,1350.0,2.0,7
6674,Q-13-12,352.0,1350.0,1.0,5
6674,Q-13-11,368.0,1350.0,1.0,2
6674,Q-13-21,368.0,1350.0,2.0,2
6675,P-09-13,434.0,1350.0,1.0,12
6675,P-09-23,434.0,1350.0,2.0,12
6676,P-09-13,434.0,1350.0,1.0,12
6676,P-09-23,434.0,1350.0,2.0,12
6677,P-09-13,434.0,1350.0,1.0,12
6677,P-09-23,434.0,1350.0,2.0,12
6678,P-09-13,434.0,1350.0,1.0,12
6678,P-09-23,434.0,1350.0,2.0,12
6679,P-09-13,434.0,1350.0,1.0,12
6679,P-09-23,434.0,1350.0,2.0,12
6680,P-09-13,434.0,1350.0,1.0,12
6680,P-09-23,434.0,1350.0,2.0,12
6681,P-09-13,434.0,1350.0,1.0,12
6681,P-09-23,434.0,1350.0,2.0,12
6682,P-09-13,434.0,1350.0,1.0,12
6682,P-09-23,434.0,1350.0,2.0,12
6683,P-09-13,434.0,1350.0,1.0,12
6683,P-09-23,434.0,1350.0,2.0,12
6684,P-09-13,434.0,1350.0,1.0,12
6684,P-09-23,434.0,1350.0,2.0,12
6685,P-09-13,434.0,1350.0,1.0,12
6685,P-09-23,434.0,1350.0,2.0,12
6686,P-09-13,434.0,1350.0,1.0,12
6686,P-09-23,434.0,1350.0,2.0,12
6687,P-09-13,434.0,1350.0,1.0,12
6687,P-09-23,434.0,1350.0,2.0,3
6687,P-09-22,450.0,1350.0,2.0,10
6688,P-09-13,434.0,1350.0,1.0,12
6688,P-09-12,450.0,1350.0,1.0,12
6689,P-09-13,434.0,1350.0,1.0,12
6689,P-09-12,450.0,1350.0,1.0,12
6690,P-09-13,434.0,1350.0,1.0,12
6690,P-09-12,450.0,1350.0,1.0,12
6691,P-09-13,434.0,1350.0,1.0,12
6691,P-09-12,450.0,1350.0,1.0,12
6692,P-09-13,434.0,1350.0,1.0,12
6692,P-09-12,450.0,1350.0,1.0,12
6693,P-09-13,434.0,1350.0,1.0,12
6693,P-09-12,450.0,1350.0,1.0,12
6694,P-09-13,434.0,1350.0,1.0,12
6694,P-09-12,450.0,1350.0,1.0,10
6694,P-09-22,450.0,1350.0,2.0,3
6695,P-09-13,434.0,1350.0,1.0,12
6695,P-09-22,450.0,1350.0,2.0,12
6696,P-09-13,434.0,1350.0,1.0,12
6696,P-09-22,450.0,1350.0,2.0,12
6697,P-09-13,434.0,1350.0,1.0,12
6697,P-09-22,450.0,1350.0,2.0,12
6698,P-09-13,434.0,1350.0,1.0,12
6698,P-09-22,450.0,1350.0,2.0,4
6698,P-09-21,466.0,1350.0,2.0,9
6699,P-09-13,434.0,1350.0,1.0,12
6699,P-09-11,466.0,1350.0,1.0,12
6700,P-09-13,434.0,1350.0,1.0,12
6700,P-09-11,466.0,1350.0,1.0,12
6701,P-09-13,434.0,1350.0,1.0,12
6701,P-09-11,466.0,1350.0,1.0,12
6702,P-09-13,434.0,1350.0,1.0,12
6702,P-09-11,466.0,1350.0,1.0,12
6703,P-09-13,434.0,1350.0,1.0,12
6703,P-09-11,466.0,1350.0,1.0,12
6704,P-09-13,434.0,1350.0,1.0,12
6704,P-09-11,466.0,1350.0,1.0,12
6705,P-09-13,434.0,1350.0,1.0,12
6705,P-09-11,466.0,1350.0,1.0,12
6706,P-09-13,434.0,1350.0,1.0,12
6706,P-09-11,466.0,1350.0,1.0,12
6707,P-09-13,434.0,1350.0,1.0,12
6707,P-09-11,466.0,1350.0,1.0,12
6708,P-09-13,434.0,1350.0,1.0,1
6708,P-09-11,466.0,1350.0,1.0,12
6708,P-09-21,466.0,1350.0,2.0,12
6709,P-09-11,466.0,1350.0,1.0,12
6709,P-09-21,466.0,1350.0,2.0,12
6710,P-09-11,466.0,1350.0,1.0,11
6710,P-09-21,466.0,1350.0,2.0,12
6710,P-07-23,484.0,1350.0,2.0,2
6711,P-07-13,484.0,1350.0,1.0,12
6711,P-07-23,484.0,1350.0,2.0,12
6712,P-07-13,484.0,1350.0,1.0,12
6712,P-07-23,484.0,1350.0,2.0,12
6713,P-07-13,484.0,1350.0,1.0,12
6713,P-07-23,484.0,1350.0,2.0,12
6714,P-07-13,484.0,1350.0,1.0,12
6714,P-07-23,484.0,1350.0,2.0,12
6715,P-07-13,484.0,1350.0,1.0,12
6715,P-07-23,484.0,1350.0,2.0,12
6716,P-07-13,484.0,1350.0,1.0,12
6716,P-07-23,484.0,1350.0,2.0,12
6717,P-07-13,484.0,1350.0,1.0,12
6717,P-07-23,484.0,1350.0,2.0,12
6718,P-07-13,484.0,1350.0,1.0,12
6718,P-07-23,484.0,1350.0,2.0,12
6719,P-07-13,484.0,1350.0,1.0,12
6719,P-07-23,484.0,1350.0,2.0,12
6720,P-07-13,484.0,1350.0,1.0,12
6720,P-07-23,484.0,1350.0,2.0,12
6721,P-07-13,484.0,1350.0,1.0,12
6721,P-07-23,484.0,1350.0,2.0,12
6722,P-07-13,484.0,1350.0,1.0,12
6722,P-07-23,484.0,1350.0,2.0,12
6723,P-07-13,484.0,1350.0,1.0,12
6723,P-07-23,484.0,1350.0,2.0,12
6724,P-07-13,484.0,1350.0,1.0,12
6724,P-07-23,484.0,1350.0,2.0,12
6725,P-07-13,484.0,1350.0,1.0,12
6725,P-07-23,484.0,1350.0,2.0,12
6726,P-07-13,484.0,1350.0,1.0,10
6726,P-07-23,484.0,1350.0,2.0,12
6726,P-07-22,500.0,1350.0,2.0,3
6727,P-07-12,500.0,1350.0,1.0,12
6727,P-07-22,500.0,1350.0,2.0,12
6728,P-07-12,500.0,1350.0,1.0,12
6728,P-07-22,500.0,1350.0,2.0,12
6729,P-07-12,500.0,1350.0,1.0,12
6729,P-07-22,500.0,1350.0,2.0,7
6729,P-07-23,484.0,1350.0,2.0,6
6730,P-07-12,500.0,1350.0,1.0,12
6730,P-07-11,516.0,1350.0,1.0,9
6730,P-07-21,516.0,1350.0,2.0,4
6731,P-07-12,500.0,1350.0,1.0,12
6731,P-07-23,484.0,1350.0,2.0,12
6732,P-07-12,500.0,1350.0,1.0,12
6732,P-07-23,484.0,1350.0,2.0,9
6732,P-09-21,466.0,1350.0,2.0,4
6733,P-07-12,500.0,1350.0,1.0,12
6733,P-07-21,516.0,1350.0,2.0,12
6734,P-07-12,500.0,1350.0,1.0,12
6734,P-07-21,516.0,1350.0,2.0,12
6735,P-07-12,500.0,1350.0,1.0,10
6735,P-07-21,516.0,1350.0,2.0,12
6735,P-05-23,534.0,1350.0,2.0,3
6736,P-05-13,534.0,1350.0,1.0,12
6736,P-05-23,534.0,1350.0,2.0,12
6737,P-05-13,534.0,1350.0,1.0,12
6737,P-05-23,534.0,1350.0,2.0,12
6738,P-05-13,534.0,1350.0,1.0,12
6738,P-05-23,534.0,1350.0,2.0,12
6739,P-05-13,534.0,1350.0,1.0,12
6739,P-05-23,534.0,1350.0,2.0,7
6739,P-05-22,550.0,1350.0,2.0,6
6740,P-05-13,534.0,1350.0,1.0,12
6740,P-05-12,550.0,1350.0,1.0,12
6741,P-05-13,534.0,1350.0,1.0,12
6741,P-05-12,550.0,1350.0,1.0,12
6742,P-05-13,534.0,1350.0,1.0,12
6742,P-05-12,550.0,1350.0,1.0,12
6743,P-05-13,534.0,1350.0,1.0,12
6743,P-05-12,550.0,1350.0,1.0,12
6744,P-05-13,534.0,1350.0,1.0,12
6744,P-05-12,550.0,1350.0,1.0,12
6745,P-05-13,534.0,1350.0,1.0,12
6745,P-05-12,550.0,1350.0,1.0,12
6746,P-05-13,534.0,1350.0,1.0,12
6746,P-05-12,550.0,1350.0,1.0,12
6747,P-05-13,534.0,1350.0,1.0,12
6747,P-05-12,550.0,1350.0,1.0,12
6748,P-05-13,534.0,1350.0,1.0,12
6748,P-05-12,550.0,1350.0,1.0,12
6749,P-05-13,534.0,1350.0,1.0,3
6749,P-05-12,550.0,1350.0,1.0,12
6749,P-05-11,566.0,1350.0,1.0,10
6750,P-05-12,550.0,1350.0,1.0,7
6750,P-05-11,566.0,1350.0,1.0,12
6750,P-05-21,566.0,1350.0,2.0,6
6751,P-05-11,566.0,1350.0,1.0,12
6751,P-05-21,566.0,1350.0,2.0,12
6752,P-05-11,566.0,1350.0,1.0,12
6752,P-05-21,566.0,1350.0,2.0,12
6753,P-05-11,566.0,1350.0,1.0,12
6753,P-05-21,566.0,1350.0,2.0,12
6754,P-05-11,566.0,1350.0,1.0,12
6754,P-05-21,566.0,1350.0,2.0,11
6754,P-03-23,584.0,1350.0,2.0,2
6755,P-05-11,566.0,1350.0,1.0,12
6755,P-03-13,584.0,1350.0,1.0,12
6756,P-05-11,566.0,1350.0,1.0,12
6756,P-03-13,584.0,1350.0,1.0,6
6756,P-03-23,584.0,1350.0,2.0,7
6757,P-05-11,566.0,1350.0,1.0,12
6757,P-03-23,584.0,1350.0,2.0,12
6758,P-05-11,566.0,1350.0,1.0,12
6758,P-03-23,584.0,1350.0,2.0,2
6758,P-03-22,600.0,1350.0,2.0,11
6759,P-05-11,566.0,1350.0,1.0,12
6759,P-03-12,600.0,1350.0,1.0,12
6760,P-05-11,566.0,1350.0,1.0,12
6760,P-03-12,600.0,1350.0,1.0,12
6761,P-05-11,566.0,1350.0,1.0,12
6761,P-03-12,600.0,1350.0,1.0,12
6762,P-05-11,566.0,1350.0,1.0,1
6762,P-03-12,600.0,1350.0,1.0,12
6762,P-03-22,600.0,1350.0,2.0,12
6763,P-03-12,600.0,1350.0,1.0,12
6763,P-03-22,600.0,1350.0,2.0,12
6764,P-03-12,600.0,1350.0,1.0,12
6764,P-03-22,600.0,1350.0,2.0,12
6765,P-03-12,600.0,1350.0,1.0,12
6765,P-03-22,600.0,1350.0,2.0,12
6766,P-03-12,600.0,1350.0,1.0,12
6766,P-03-22,600.0,1350.0,2.0,12
6767,P-03-12,600.0,1350.0,1.0,12
6767,P-03-22,600.0,1350.0,2.0,12
6768,P-03-12,600.0,1350.0,1.0,12
6768,P-03-22,600.0,1350.0,2.0,12
6769,P-03-12,600.0,1350.0,1.0,12
6769,P-03-22,600.0,1350.0,2.0,12
6770,P-03-12,600.0,1350.0,1.0,12
6770,P-03-22,600.0,1350.0,2.0,12
6771,P-03-12,600.0,1350.0,1.0,12
6771,P-03-22,600.0,1350.0,2.0,12
6772,P-03-12,600.0,1350.0,1.0,12
6772,P-03-22,600.0,1350.0,2.0,12
6773,P-03-12,600.0,1350.0,1.0,4
6773,P-03-22,600.0,1350.0,2.0,12
6773,P-03-21,616.0,1350.0,2.0,9
6774,P-01-13,634.0,1350.0,1.0,12
6774,P-01-23,634.0,1350.0,2.0,12
6775,P-01-13,634.0,1350.0,1.0,2
6775,P-01-23,634.0,1350.0,2.0,12
6775,P-01-22,650.0,1350.0,2.0,11
6776,P-01-11,666.0,1350.0,1.0,12
6776,P-01-21,666.0,1350.0,2.0,12
6777,P-01-11,666.0,1350.0,1.0,12
6777,P-01-21,666.0,1350.0,2.0,12
6778,P-01-11,666.0,1350.0,1.0,12
6778,P-01-21,666.0,1350.0,2.0,12
6779,P-01-11,666.0,1350.0,1.0,12
6779,P-01-21,666.0,1350.0,2.0,12
6780,P-01-11,666.0,1350.0,1.0,12
6780,P-01-21,666.0,1350.0,2.0,2
6780,P-01-22,650.0,1350.0,2.0,11
6781,P-01-11,666.0,1350.0,1.0,12
6781,P-01-22,650.0,1350.0,2.0,12
6782,P-01-11,666.0,1350.0,1.0,12
6782,P-01-22,650.0,1350.0,2.0,12
6783,P-01-11,666.0,1350.0,1.0,12
6783,P-01-22,650.0,1350.0,2.0,12
6784,P-01-11,666.0,1350.0,1.0,12
6784,P-01-22,650.0,1350.0,2.0,2
6784,P-01-23,634.0,1350.0,2.0,11
6785,P-01-11,666.0,1350.0,1.0,12
6785,P-01-23,634.0,1350.0,2.0,12
6786,P-01-11,666.0,1350.0,1.0,12
6786,P-01-23,634.0,1350.0,2.0,12
6787,P-01-11,666.0,1350.0,1.0,12
6788,P-01-11,666.0,1350.0,1.0,5
6789,Q-22-11,168.0,1408.0,1.0,2
6789,Q-22-21,168.0,1408.0,2.0,7
6789,Q-20-23,186.0,1408.0,2.0,4
6789,Q-20-13,186.0,1408.0,1.0,6
6789,Q-20-22,202.0,1408.0,2.0,2
6789,Q-20-21,218.0,1408.0,2.0,4
6790,Q-20-11,218.0,1408.0,1.0,1
6790,Q-20-21,218.0,1408.0,2.0,3
6790,Q-18-23,236.0,1408.0,2.0,1
6790,Q-18-13,236.0,1408.0,1.0,1
6790,Q-18-11,268.0,1408.0,1.0,2
6790,Q-18-21,268.0,1408.0,2.0,2
6790,Q-16-23,286.0,1408.0,2.0,3
6790,Q-16-13,286.0,1408.0,1.0,12
6791,Q-16-13,286.0,1408.0,1.0,1
6791,Q-16-22,302.0,1408.0,2.0,4
6791,Q-16-21,318.0,1408.0,2.0,1
6791,Q-14-13,336.0,1408.0,1.0,2
6791,Q-14-12,352.0,1408.0,1.0,3
6791,Q-14-21,368.0,1408.0,2.0,3
6791,R-13-21,368.0,1440.0,2.0,11
6792,P-10-13,434.0,1408.0,1.0,12
6792,P-10-23,434.0,1408.0,2.0,12
6793,P-10-13,434.0,1408.0,1.0,12
6793,P-10-23,434.0,1408.0,2.0,12
6794,P-10-13,434.0,1408.0,1.0,12
6794,P-10-23,434.0,1408.0,2.0,12
6795,P-10-13,434.0,1408.0,1.0,12
6795,P-10-23,434.0,1408.0,2.0,12
6796,P-10-13,434.0,1408.0,1.0,12
6796,P-10-23,434.0,1408.0,2.0,12
6797,P-10-13,434.0,1408.0,1.0,12
6797,P-10-23,434.0,1408.0,2.0,12
6798,P-10-13,434.0,1408.0,1.0,12
6798,P-10-23,434.0,1408.0,2.0,12
6799,P-10-13,434.0,1408.0,1.0,12
6799,P-10-23,434.0,1408.0,2.0,12
6800,P-10-13,434.0,1408.0,1.0,12
6800,P-10-12,450.0,1408.0,1.0,12
6801,P-10-13,434.0,1408.0,1.0,12
6801,P-10-12,450.0,1408.0,1.0,12
6802,P-10-13,434.0,1408.0,1.0,12
6802,P-10-12,450.0,1408.0,1.0,12
6803,P-10-13,434.0,1408.0,1.0,12
6803,P-10-12,450.0,1408.0,1.0,12
6804,P-10-13,434.0,1408.0,1.0,12
6804,P-10-12,450.0,1408.0,1.0,12
6805,P-10-13,434.0,1408.0,1.0,12
6805,P-10-12,450.0,1408.0,1.0,12
6806,P-10-13,434.0,1408.0,1.0,12
6806,P-10-12,450.0,1408.0,1.0,12
6807,P-10-13,434.0,1408.0,1.0,12
6807,P-10-12,450.0,1408.0,1.0,12
6808,P-10-13,434.0,1408.0,1.0,12
6808,P-10-12,450.0,1408.0,1.0,12
6809,P-10-13,434.0,1408.0,1.0,12
6809,P-10-12,450.0,1408.0,1.0,12
6810,P-10-13,434.0,1408.0,1.0,6
6810,P-10-12,450.0,1408.0,1.0,12
6810,P-10-22,450.0,1408.0,2.0,7
6811,P-10-12,450.0,1408.0,1.0,12
6811,P-10-22,450.0,1408.0,2.0,12
6812,P-10-12,450.0,1408.0,1.0,11
6812,P-10-22,450.0,1408.0,2.0,12
6812,P-10-21,466.0,1408.0,2.0,2
6813,P-10-11,466.0,1408.0,1.0,12
6813,P-10-21,466.0,1408.0,2.0,12
6814,P-10-11,466.0,1408.0,1.0,12
6814,P-10-21,466.0,1408.0,2.0,12
6815,P-10-11,466.0,1408.0,1.0,12
6815,P-10-21,466.0,1408.0,2.0,12
6816,P-10-11,466.0,1408.0,1.0,12
6816,P-10-21,466.0,1408.0,2.0,12
6817,P-10-11,466.0,1408.0,1.0,12
6817,P-10-21,466.0,1408.0,2.0,12
6818,P-10-11,466.0,1408.0,1.0,12
6818,P-10-21,466.0,1408.0,2.0,12
6819,P-10-11,466.0,1408.0,1.0,12
6819,P-10-21,466.0,1408.0,2.0,12
6820,P-10-11,466.0,1408.0,1.0,12
6820,P-10-21,466.0,1408.0,2.0,12
6821,P-10-11,466.0,1408.0,1.0,12
6821,P-10-21,466.0,1408.0,2.0,12
6822,P-10-11,466.0,1408.0,1.0,12
6822,P-10-21,466.0,1408.0,2.0,12
6823,P-10-11,466.0,1408.0,1.0,12
6823,P-10-21,466.0,1408.0,2.0,8
6823,P-10-22,450.0,1408.0,2.0,5
6824,P-10-11,466.0,1408.0,1.0,12
6824,P-10-22,450.0,1408.0,2.0,12
6825,P-10-11,466.0,1408.0,1.0,12
6825,P-10-22,450.0,1408.0,2.0,12
6826,P-10-11,466.0,1408.0,1.0,12
6826,P-10-22,450.0,1408.0,2.0,9
6826,Q-09-22,450.0,1440.0,2.0,4
6827,P-10-11,466.0,1408.0,1.0,12
6827,P-08-13,484.0,1408.0,1.0,12
6828,P-10-11,466.0,1408.0,1.0,12
6828,P-08-13,484.0,1408.0,1.0,12
6829,P-10-11,466.0,1408.0,1.0,12
6829,P-08-13,484.0,1408.0,1.0,12
6830,P-10-11,466.0,1408.0,1.0,8
6830,P-08-13,484.0,1408.0,1.0,12
6830,P-08-23,484.0,1408.0,2.0,5
6831,P-08-13,484.0,1408.0,1.0,12
6831,P-08-23,484.0,1408.0,2.0,12
6832,P-08-13,484.0,1408.0,1.0,12
6832,P-08-23,484.0,1408.0,2.0,12
6833,P-08-13,484.0,1408.0,1.0,12
6833,P-08-23,484.0,1408.0,2.0,12
6834,P-08-13,484.0,1408.0,1.0,12
6834,P-08-23,484.0,1408.0,2.0,12
6835,P-08-13,484.0,1408.0,1.0,2
6835,P-08-23,484.0,1408.0,2.0,12
6835,P-08-22,500.0,1408.0,2.0,11
6836,P-08-12,500.0,1408.0,1.0,12
6836,P-08-22,500.0,1408.0,2.0,12
6837,P-08-12,500.0,1408.0,1.0,12
6837,P-08-22,500.0,1408.0,2.0,12
6838,P-08-12,500.0,1408.0,1.0,12
6838,P-08-22,500.0,1408.0,2.0,11
6838,P-08-23,484.0,1408.0,2.0,2
6839,P-08-12,500.0,1408.0,1.0,12
6839,P-08-11,516.0,1408.0,1.0,12
6840,P-08-12,500.0,1408.0,1.0,12
6840,P-08-11,516.0,1408.0,1.0,12
6841,P-08-12,500.0,1408.0,1.0,12
6841,P-08-11,516.0,1408.0,1.0,12
6842,P-08-12,500.0,1408.0,1.0,12
6842,P-08-11,516.0,1408.0,1.0,12
6843,P-08-12,500.0,1408.0,1.0,10
6843,P-08-11,516.0,1408.0,1.0,12
6843,P-08-21,516.0,1408.0,2.0,3
6844,P-08-11,516.0,1408.0,1.0,12
6844,P-08-21,516.0,1408.0,2.0,12
6845,P-08-11,516.0,1408.0,1.0,12
6845,P-08-21,516.0,1408.0,2.0,12
6846,P-08-11,516.0,1408.0,1.0,12
6846,P-08-21,516.0,1408.0,2.0,12
6847,P-08-11,516.0,1408.0,1.0,12
6847,P-08-21,516.0,1408.0,2.0,12
6848,P-08-11,516.0,1408.0,1.0,12
6848,P-08-21,516.0,1408.0,2.0,12
6849,P-08-11,516.0,1408.0,1.0,12
6849,P-08-21,516.0,1408.0,2.0,12
6850,P-08-11,516.0,1408.0,1.0,12
6850,P-08-21,516.0,1408.0,2.0,12
6851,P-08-11,516.0,1408.0,1.0,7
6851,P-08-21,516.0,1408.0,2.0,12
6851,P-06-23,534.0,1408.0,2.0,6
6852,P-06-13,534.0,1408.0,1.0,12
6852,P-06-23,534.0,1408.0,2.0,12
6853,P-06-13,534.0,1408.0,1.0,12
6853,P-06-23,534.0,1408.0,2.0,12
6854,P-06-13,534.0,1408.0,1.0,12
6854,P-06-23,534.0,1408.0,2.0,12
6855,P-06-13,534.0,1408.0,1.0,12
6855,P-06-23,534.0,1408.0,2.0,9
6855,P-06-22,550.0,1408.0,2.0,4
6856,P-06-13,534.0,1408.0,1.0,12
6856,P-06-12,550.0,1408.0,1.0,9
6856,P-06-22,550.0,1408.0,2.0,4
6857,P-06-13,534.0,1408.0,1.0,12
6857,P-06-22,550.0,1408.0,2.0,12
6858,P-06-13,534.0,1408.0,1.0,12
6858,P-06-22,550.0,1408.0,2.0,12
6859,P-06-13,534.0,1408.0,1.0,12
6859,P-06-22,550.0,1408.0,2.0,5
6859,P-06-21,566.0,1408.0,2.0,8
6860,P-06-13,534.0,1408.0,1.0,12
6860,P-08-21,516.0,1408.0,2.0,12
6861,P-06-13,534.0,1408.0,1.0,11
6861,P-08-21,516.0,1408.0,2.0,11
6861,P-08-23,484.0,1408.0,2.0,3
6862,P-06-11,566.0,1408.0,1.0,12
6862,P-06-21,566.0,1408.0,2.0,12
6863,P-06-11,566.0,1408.0,1.0,12
6863,P-06-21,566.0,1408.0,2.0,12
6864,P-06-11,566.0,1408.0,1.0,12
6864,P-06-21,566.0,1408.0,2.0,12
6865,P-06-11,566.0,1408.0,1.0,12
6865,P-06-21,566.0,1408.0,2.0,12
6866,P-06-11,566.0,1408.0,1.0,12
6866,P-06-21,566.0,1408.0,2.0,12
6867,P-06-11,566.0,1408.0,1.0,12
6867,P-06-21,566.0,1408.0,2.0,12
6868,P-06-11,566.0,1408.0,1.0,12
6868,P-06-21,566.0,1408.0,2.0,12
6869,P-06-11,566.0,1408.0,1.0,12
6869,P-06-21,566.0,1408.0,2.0,12
6870,P-06-11,566.0,1408.0,1.0,12
6870,P-06-21,566.0,1408.0,2.0,12
6871,P-06-11,566.0,1408.0,1.0,6
6871,P-06-21,566.0,1408.0,2.0,12
6871,P-04-23,584.0,1408.0,2.0,7
6872,P-04-13,584.0,1408.0,1.0,12
6872,P-04-23,584.0,1408.0,2.0,12
6873,P-04-13,584.0,1408.0,1.0,12
6873,P-04-23,584.0,1408.0,2.0,12
6874,P-04-13,584.0,1408.0,1.0,12
6874,P-04-23,584.0,1408.0,2.0,12
6875,P-04-13,584.0,1408.0,1.0,12
6875,P-04-23,584.0,1408.0,2.0,4
6875,P-04-22,600.0,1408.0,2.0,9
6876,P-04-13,584.0,1408.0,1.0,12
6876,P-04-12,600.0,1408.0,1.0,12
6877,P-04-13,584.0,1408.0,1.0,12
6877,P-04-12,600.0,1408.0,1.0,12
6878,P-04-13,584.0,1408.0,1.0,12
6878,P-04-12,600.0,1408.0,1.0,10
6878,P-04-22,600.0,1408.0,2.0,3
6879,P-04-13,584.0,1408.0,1.0,12
6879,P-04-22,600.0,1408.0,2.0,12
6880,P-04-13,584.0,1408.0,1.0,12
6880,P-04-22,600.0,1408.0,2.0,12
6881,P-04-13,584.0,1408.0,1.0,12
6881,P-04-22,600.0,1408.0,2.0,7
6881,P-04-21,616.0,1408.0,2.0,6
6882,P-04-13,584.0,1408.0,1.0,3
6882,P-06-21,566.0,1408.0,2.0,12
6882,Q-05-21,566.0,1440.0,2.0,10
6883,P-04-11,616.0,1408.0,1.0,12
6883,P-04-21,616.0,1408.0,2.0,12
6884,P-04-11,616.0,1408.0,1.0,12
6884,P-04-21,616.0,1408.0,2.0,12
6885,P-04-11,616.0,1408.0,1.0,12
6885,P-04-21,616.0,1408.0,2.0,9
6885,P-02-23,634.0,1408.0,2.0,4
6886,P-04-11,616.0,1408.0,1.0,12
6886,P-02-13,634.0,1408.0,1.0,12
6887,P-04-11,616.0,1408.0,1.0,12
6887,P-02-13,634.0,1408.0,1.0,12
6888,P-04-11,616.0,1408.0,1.0,12
6888,P-02-13,634.0,1408.0,1.0,12
6889,P-04-11,616.0,1408.0,1.0,12
6889,P-02-13,634.0,1408.0,1.0,12
6890,P-04-11,616.0,1408.0,1.0,8
6890,P-02-13,634.0,1408.0,1.0,12
6890,P-02-23,634.0,1408.0,2.0,5
6891,P-02-13,634.0,1408.0,1.0,2
6891,P-02-23,634.0,1408.0,2.0,12
6891,P-02-22,650.0,1408.0,2.0,11
6892,P-02-12,650.0,1408.0,1.0,12
6892,P-02-22,650.0,1408.0,2.0,12
6893,P-02-12,650.0,1408.0,1.0,12
6893,P-02-22,650.0,1408.0,2.0,12
6894,P-02-12,650.0,1408.0,1.0,2
6894,P-02-22,650.0,1408.0,2.0,12
6894,P-02-23,634.0,1408.0,2.0,11
6895,P-02-11,666.0,1408.0,1.0,12
6895,P-02-21,666.0,1408.0,2.0,12
6896,P-02-11,666.0,1408.0,1.0,12
6896,P-02-21,666.0,1408.0,2.0,12
6897,P-02-11,666.0,1408.0,1.0,12
6897,P-02-21,666.0,1408.0,2.0,12
6898,P-02-11,666.0,1408.0,1.0,12
6898,P-02-21,666.0,1408.0,2.0,12
6899,P-02-11,666.0,1408.0,1.0,12
6899,P-02-21,666.0,1408.0,2.0,12
6900,P-02-11,666.0,1408.0,1.0,12
6900,P-02-21,666.0,1408.0,2.0,11
6900,P-02-22,650.0,1408.0,2.0,2
6901,R-23-13,86.0,1440.0,1.0,12
6901,R-23-23,86.0,1440.0,2.0,12
6902,R-23-13,86.0,1440.0,1.0,12
6902,R-23-23,86.0,1440.0,2.0,12
6903,R-23-13,86.0,1440.0,1.0,12
6903,R-23-23,86.0,1440.0,2.0,12
6904,R-23-13,86.0,1440.0,1.0,12
6904,R-23-23,86.0,1440.0,2.0,12
6905,R-23-13,86.0,1440.0,1.0,12
6905,R-23-23,86.0,1440.0,2.0,12
6906,R-23-13,86.0,1440.0,1.0,12
6906,R-23-23,86.0,1440.0,2.0,12
6907,R-23-13,86.0,1440.0,1.0,12
6907,R-23-23,86.0,1440.0,2.0,12
6908,R-23-13,86.0,1440.0,1.0,12
6908,R-23-23,86.0,1440.0,2.0,11
6908,R-23-22,102.0,1440.0,2.0,2
6909,R-23-13,86.0,1440.0,1.0,12
6909,R-23-12,102.0,1440.0,1.0,12
6910,R-23-13,86.0,1440.0,1.0,12
6910,R-23-12,102.0,1440.0,1.0,12
6911,R-23-13,86.0,1440.0,1.0,12
6911,R-23-12,102.0,1440.0,1.0,12
6912,R-23-13,86.0,1440.0,1.0,12
6912,R-23-12,102.0,1440.0,1.0,12
6913,R-23-13,86.0,1440.0,1.0,12
6913,R-23-12,102.0,1440.0,1.0,12
6914,R-23-13,86.0,1440.0,1.0,12
6914,R-23-12,102.0,1440.0,1.0,12
6915,R-23-13,86.0,1440.0,1.0,12
6915,R-23-12,102.0,1440.0,1.0,12
6916,R-23-13,86.0,1440.0,1.0,12
6916,R-23-12,102.0,1440.0,1.0,12
6917,R-23-12,102.0,1440.0,1.0,12
6917,R-23-22,102.0,1440.0,2.0,12
6918,R-23-12,102.0,1440.0,1.0,12
6918,R-23-22,102.0,1440.0,2.0,12
6919,R-23-12,102.0,1440.0,1.0,7
6919,R-23-22,102.0,1440.0,2.0,12
6919,R-23-21,118.0,1440.0,2.0,6
6920,R-23-11,118.0,1440.0,1.0,12
6920,R-23-21,118.0,1440.0,2.0,12
6921,R-23-11,118.0,1440.0,1.0,12
6921,R-23-21,118.0,1440.0,2.0,12
6922,R-23-11,118.0,1440.0,1.0,12
6922,R-23-21,118.0,1440.0,2.0,12
6923,R-23-11,118.0,1440.0,1.0,12
6923,R-23-21,118.0,1440.0,2.0,12
6924,R-23-11,118.0,1440.0,1.0,12
6924,R-23-21,118.0,1440.0,2.0,12
6925,R-23-11,118.0,1440.0,1.0,4
6925,R-23-21,118.0,1440.0,2.0,12
6925,R-23-22,102.0,1440.0,2.0,9
6926,R-21-13,136.0,1440.0,1.0,12
6926,R-21-23,136.0,1440.0,2.0,12
6927,R-21-13,136.0,1440.0,1.0,12
6927,R-21-23,136.0,1440.0,2.0,11
6927,R-21-22,152.0,1440.0,2.0,2
6928,R-21-13,136.0,1440.0,1.0,9
6928,R-21-12,152.0,1440.0,1.0,12
6928,R-21-22,152.0,1440.0,2.0,4
6929,R-21-12,152.0,1440.0,1.0,12
6929,R-21-22,152.0,1440.0,2.0,12
6930,R-21-12,152.0,1440.0,1.0,12
6930,R-21-22,152.0,1440.0,2.0,12
6931,R-21-12,152.0,1440.0,1.0,12
6931,R-21-22,152.0,1440.0,2.0,6
6931,R-21-21,168.0,1440.0,2.0,7
6932,R-21-11,168.0,1440.0,1.0,12
6932,R-21-21,168.0,1440.0,2.0,12
6933,R-19-13,186.0,1440.0,1.0,2
6933,R-19-23,186.0,1440.0,2.0,12
6933,R-19-22,202.0,1440.0,2.0,11
6934,R-19-12,202.0,1440.0,1.0,2
6934,R-19-22,202.0,1440.0,2.0,12
6934,R-19-23,186.0,1440.0,2.0,11
6935,R-19-11,218.0,1440.0,1.0,12
6935,R-19-21,218.0,1440.0,2.0,12
6936,R-19-11,218.0,1440.0,1.0,12
6936,R-19-21,218.0,1440.0,2.0,12
6937,R-19-11,218.0,1440.0,1.0,12
6937,R-19-22,202.0,1440.0,2.0,12
6938,R-19-11,218.0,1440.0,1.0,12
6938,R-19-22,202.0,1440.0,2.0,9
6938,R-19-23,186.0,1440.0,2.0,4
6939,R-19-11,218.0,1440.0,1.0,4
6939,R-17-13,236.0,1440.0,1.0,12
6939,R-17-23,236.0,1440.0,2.0,9
6940,R-17-13,236.0,1440.0,1.0,12
6940,R-17-23,236.0,1440.0,2.0,12
6941,R-17-13,236.0,1440.0,1.0,12
6941,R-17-23,236.0,1440.0,2.0,12
6942,R-17-13,236.0,1440.0,1.0,12
6942,R-17-23,236.0,1440.0,2.0,12
6943,R-17-13,236.0,1440.0,1.0,12
6943,R-17-23,236.0,1440.0,2.0,4
6943,R-17-22,252.0,1440.0,2.0,9
6944,R-17-13,236.0,1440.0,1.0,12
6944,R-17-12,252.0,1440.0,1.0,12
6945,R-17-13,236.0,1440.0,1.0,12
6945,R-17-12,252.0,1440.0,1.0,12
6946,R-17-13,236.0,1440.0,1.0,12
6946,R-17-12,252.0,1440.0,1.0,12
6947,R-17-13,236.0,1440.0,1.0,12
6947,R-17-12,252.0,1440.0,1.0,12
6948,R-17-13,236.0,1440.0,1.0,3
6948,R-17-12,252.0,1440.0,1.0,5
6948,R-17-22,252.0,1440.0,2.0,12
6948,R-17-21,268.0,1440.0,2.0,5
6949,R-17-11,268.0,1440.0,1.0,12
6949,R-17-21,268.0,1440.0,2.0,12
6950,R-17-11,268.0,1440.0,1.0,9
6950,R-17-21,268.0,1440.0,2.0,12
6950,R-17-22,252.0,1440.0,2.0,4
6951,R-15-13,286.0,1440.0,1.0,12
6951,R-15-23,286.0,1440.0,2.0,12
6952,R-15-13,286.0,1440.0,1.0,12
6952,R-15-23,286.0,1440.0,2.0,12
6953,R-15-13,286.0,1440.0,1.0,12
6953,R-15-23,286.0,1440.0,2.0,12
6954,R-15-13,286.0,1440.0,1.0,12
6954,R-15-23,286.0,1440.0,2.0,12
6955,R-15-13,286.0,1440.0,1.0,12
6955,R-15-23,286.0,1440.0,2.0,12
6956,R-15-13,286.0,1440.0,1.0,12
6956,R-15-23,286.0,1440.0,2.0,12
6957,R-15-13,286.0,1440.0,1.0,12
6957,R-15-23,286.0,1440.0,2.0,12
6958,R-15-13,286.0,1440.0,1.0,12
6958,R-15-23,286.0,1440.0,2.0,9
6958,R-15-22,302.0,1440.0,2.0,4
6959,R-15-13,286.0,1440.0,1.0,12
6959,R-15-12,302.0,1440.0,1.0,12
6960,R-15-13,286.0,1440.0,1.0,12
6960,R-15-12,302.0,1440.0,1.0,12
6961,R-15-13,286.0,1440.0,1.0,5
6961,R-15-12,302.0,1440.0,1.0,12
6961,R-15-22,302.0,1440.0,2.0,8
6962,R-15-12,302.0,1440.0,1.0,3
6962,R-15-22,302.0,1440.0,2.0,12
6962,R-15-21,318.0,1440.0,2.0,10
6963,R-15-11,318.0,1440.0,1.0,12
6963,R-15-21,318.0,1440.0,2.0,12
6964,R-15-11,318.0,1440.0,1.0,12
6964,R-15-21,318.0,1440.0,2.0,12
6965,R-15-11,318.0,1440.0,1.0,12
6965,R-15-21,318.0,1440.0,2.0,12
6966,R-15-11,318.0,1440.0,1.0,12
6966,R-15-21,318.0,1440.0,2.0,12
6967,R-15-11,318.0,1440.0,1.0,12
6967,R-15-21,318.0,1440.0,2.0,12
6968,R-15-11,318.0,1440.0,1.0,12
6968,R-15-21,318.0,1440.0,2.0,12
6969,R-15-11,318.0,1440.0,1.0,12
6969,R-15-21,318.0,1440.0,2.0,2
6969,R-15-22,302.0,1440.0,2.0,11
6970,R-15-11,318.0,1440.0,1.0,6
6970,R-15-22,302.0,1440.0,2.0,12
6970,R-17-21,268.0,1440.0,2.0,7
6971,R-13-13,336.0,1440.0,1.0,12
6971,R-13-23,336.0,1440.0,2.0,12
6972,R-13-13,336.0,1440.0,1.0,12
6972,R-13-23,336.0,1440.0,2.0,12
6973,R-13-13,336.0,1440.0,1.0,12
6973,R-13-23,336.0,1440.0,2.0,12
6974,R-13-13,336.0,1440.0,1.0,12
6974,R-13-23,336.0,1440.0,2.0,8
6974,R-13-22,352.0,1440.0,2.0,5
6975,R-13-13,336.0,1440.0,1.0,12
6975,R-13-12,352.0,1440.0,1.0,12
6976,R-13-13,336.0,1440.0,1.0,11
6976,R-13-12,352.0,1440.0,1.0,1
6976,R-13-22,352.0,1440.0,2.0,12
6977,R-13-11,368.0,1440.0,1.0,12
6977,R-13-21,368.0,1440.0,2.0,12
6978,R-13-11,368.0,1440.0,1.0,12
6978,R-13-21,368.0,1440.0,2.0,5
6978,R-13-22,352.0,1440.0,2.0,8
6979,R-13-11,368.0,1440.0,1.0,12
6979,R-13-22,352.0,1440.0,2.0,12
6980,R-13-11,368.0,1440.0,1.0,12
6980,R-13-22,352.0,1440.0,2.0,12
6981,R-13-11,368.0,1440.0,1.0,12
6981,R-13-22,352.0,1440.0,2.0,12
6982,R-13-11,368.0,1440.0,1.0,12
6982,R-13-22,352.0,1440.0,2.0,12
6983,R-13-11,368.0,1440.0,1.0,9
6983,R-13-22,352.0,1440.0,2.0,12
6983,R-15-22,302.0,1440.0,2.0,4
6984,Q-09-13,434.0,1440.0,1.0,12
6984,Q-09-23,434.0,1440.0,2.0,12
6985,Q-09-13,434.0,1440.0,1.0,12
6985,Q-09-23,434.0,1440.0,2.0,12
6986,Q-09-13,434.0,1440.0,1.0,12
6986,Q-09-23,434.0,1440.0,2.0,12
6987,Q-09-13,434.0,1440.0,1.0,12
6987,Q-09-23,434.0,1440.0,2.0,12
6988,Q-09-13,434.0,1440.0,1.0,12
6988,Q-09-23,434.0,1440.0,2.0,12
6989,Q-09-13,434.0,1440.0,1.0,12
6989,Q-09-23,434.0,1440.0,2.0,12
6990,Q-09-13,434.0,1440.0,1.0,12
6990,Q-09-23,434.0,1440.0,2.0,12
6991,Q-09-13,434.0,1440.0,1.0,12
6991,Q-09-23,434.0,1440.0,2.0,12
6992,Q-09-13,434.0,1440.0,1.0,12
6992,Q-09-23,434.0,1440.0,2.0,12
6993,Q-09-13,434.0,1440.0,1.0,12
6993,Q-09-23,434.0,1440.0,2.0,12
6994,Q-09-13,434.0,1440.0,1.0,12
6994,Q-09-23,434.0,1440.0,2.0,12
6995,Q-09-13,434.0,1440.0,1.0,10
6995,Q-09-23,434.0,1440.0,2.0,12
6995,Q-09-22,450.0,1440.0,2.0,3
6996,Q-09-12,450.0,1440.0,1.0,12
6996,Q-09-22,450.0,1440.0,2.0,12
6997,Q-09-12,450.0,1440.0,1.0,12
6997,Q-09-22,450.0,1440.0,2.0,12
6998,Q-09-12,450.0,1440.0,1.0,12
6998,Q-09-22,450.0,1440.0,2.0,12
6999,Q-09-12,450.0,1440.0,1.0,12
6999,Q-09-22,450.0,1440.0,2.0,12
7000,Q-09-12,450.0,1440.0,1.0,12
7000,Q-09-22,450.0,1440.0,2.0,12
7001,Q-09-12,450.0,1440.0,1.0,12
7001,Q-09-22,450.0,1440.0,2.0,12
7002,Q-09-12,450.0,1440.0,1.0,12
7002,Q-09-22,450.0,1440.0,2.0,11
7002,Q-09-23,434.0,1440.0,2.0,2
7003,Q-09-12,450.0,1440.0,1.0,12
7003,Q-09-11,466.0,1440.0,1.0,12
7004,Q-09-12,450.0,1440.0,1.0,12
7004,Q-09-11,466.0,1440.0,1.0,12
7005,Q-09-11,466.0,1440.0,1.0,12
7005,Q-09-21,466.0,1440.0,2.0,12
7006,Q-09-11,466.0,1440.0,1.0,12
7006,Q-09-21,466.0,1440.0,2.0,12
7007,Q-09-11,466.0,1440.0,1.0,12
7007,Q-09-21,466.0,1440.0,2.0,12
7008,Q-09-11,466.0,1440.0,1.0,12
7008,Q-09-21,466.0,1440.0,2.0,12
7009,Q-09-11,466.0,1440.0,1.0,12
7009,Q-09-21,466.0,1440.0,2.0,12
7010,Q-09-11,466.0,1440.0,1.0,9
7010,Q-09-21,466.0,1440.0,2.0,12
7010,Q-07-23,484.0,1440.0,2.0,4
7011,Q-07-13,484.0,1440.0,1.0,12
7011,Q-07-23,484.0,1440.0,2.0,12
7012,Q-07-13,484.0,1440.0,1.0,12
7012,Q-07-23,484.0,1440.0,2.0,12
7013,Q-07-13,484.0,1440.0,1.0,12
7013,Q-07-23,484.0,1440.0,2.0,12
7014,Q-07-13,484.0,1440.0,1.0,12
7014,Q-07-23,484.0,1440.0,2.0,12
7015,Q-07-13,484.0,1440.0,1.0,12
7015,Q-07-23,484.0,1440.0,2.0,12
7016,Q-07-13,484.0,1440.0,1.0,12
7016,Q-07-23,484.0,1440.0,2.0,11
7016,Q-07-22,500.0,1440.0,2.0,2
7017,Q-07-13,484.0,1440.0,1.0,12
7017,Q-07-12,500.0,1440.0,1.0,12
7018,Q-07-13,484.0,1440.0,1.0,1
7018,Q-07-12,500.0,1440.0,1.0,12
7018,Q-07-22,500.0,1440.0,2.0,12
7019,Q-07-12,500.0,1440.0,1.0,12
7019,Q-07-22,500.0,1440.0,2.0,12
7020,Q-07-12,500.0,1440.0,1.0,12
7020,Q-07-22,500.0,1440.0,2.0,12
7021,Q-07-12,500.0,1440.0,1.0,12
7021,Q-07-22,500.0,1440.0,2.0,12
7022,Q-07-12,500.0,1440.0,1.0,12
7022,Q-07-22,500.0,1440.0,2.0,12
7023,Q-07-12,500.0,1440.0,1.0,12
7023,Q-07-22,500.0,1440.0,2.0,12
7024,Q-07-12,500.0,1440.0,1.0,12
7024,Q-07-22,500.0,1440.0,2.0,12
7025,Q-07-12,500.0,1440.0,1.0,12
7025,Q-07-22,500.0,1440.0,2.0,12
7026,Q-07-12,500.0,1440.0,1.0,12
7026,Q-07-22,500.0,1440.0,2.0,12
7027,Q-07-12,500.0,1440.0,1.0,12
7027,Q-07-22,500.0,1440.0,2.0,10
7027,Q-07-21,516.0,1440.0,2.0,3
7028,Q-07-12,500.0,1440.0,1.0,12
7028,Q-07-11,516.0,1440.0,1.0,12
7029,Q-07-12,500.0,1440.0,1.0,12
7029,Q-07-11,516.0,1440.0,1.0,12
7030,Q-07-12,500.0,1440.0,1.0,8
7030,Q-07-11,516.0,1440.0,1.0,12
7030,Q-07-21,516.0,1440.0,2.0,5
7031,Q-07-11,516.0,1440.0,1.0,12
7031,Q-07-21,516.0,1440.0,2.0,12
7032,Q-07-11,516.0,1440.0,1.0,12
7032,Q-07-21,516.0,1440.0,2.0,12
7033,Q-07-11,516.0,1440.0,1.0,12
7033,Q-07-21,516.0,1440.0,2.0,12
7034,Q-07-11,516.0,1440.0,1.0,12
7034,Q-07-21,516.0,1440.0,2.0,12
7035,Q-07-11,516.0,1440.0,1.0,12
7035,Q-07-21,516.0,1440.0,2.0,12
7036,Q-07-11,516.0,1440.0,1.0,12
7036,Q-07-21,516.0,1440.0,2.0,12
7037,Q-07-11,516.0,1440.0,1.0,12
7037,Q-07-21,516.0,1440.0,2.0,12
7038,Q-07-11,516.0,1440.0,1.0,8
7038,Q-07-21,516.0,1440.0,2.0,12
7038,Q-05-23,534.0,1440.0,2.0,5
7039,Q-05-13,534.0,1440.0,1.0,12
7039,Q-05-23,534.0,1440.0,2.0,12
7040,Q-05-13,534.0,1440.0,1.0,12
7040,Q-05-23,534.0,1440.0,2.0,6
7040,Q-05-22,550.0,1440.0,2.0,7
7041,Q-05-13,534.0,1440.0,1.0,12
7041,Q-05-12,550.0,1440.0,1.0,12
7042,Q-05-13,534.0,1440.0,1.0,12
7042,Q-05-12,550.0,1440.0,1.0,12
7043,Q-05-13,534.0,1440.0,1.0,12
7043,Q-05-12,550.0,1440.0,1.0,10
7043,Q-05-22,550.0,1440.0,2.0,3
7044,Q-05-13,534.0,1440.0,1.0,12
7044,Q-05-22,550.0,1440.0,2.0,12
7045,Q-05-13,534.0,1440.0,1.0,12
7045,Q-05-22,550.0,1440.0,2.0,12
7046,Q-05-13,534.0,1440.0,1.0,8
7046,Q-05-22,550.0,1440.0,2.0,12
7046,Q-05-21,566.0,1440.0,2.0,5
7047,Q-05-11,566.0,1440.0,1.0,12
7047,Q-05-21,566.0,1440.0,2.0,12
7048,Q-05-11,566.0,1440.0,1.0,12
7048,Q-05-21,566.0,1440.0,2.0,12
7049,Q-05-11,566.0,1440.0,1.0,12
7049,Q-05-21,566.0,1440.0,2.0,12
7050,Q-05-11,566.0,1440.0,1.0,12
7050,Q-05-21,566.0,1440.0,2.0,12
7051,Q-05-11,566.0,1440.0,1.0,12
7051,Q-05-21,566.0,1440.0,2.0,12
7052,Q-05-11,566.0,1440.0,1.0,1
7052,Q-05-21,566.0,1440.0,2.0,12
7052,Q-05-22,550.0,1440.0,2.0,10
7052,Q-07-21,516.0,1440.0,2.0,2
7053,Q-03-13,584.0,1440.0,1.0,12
7053,Q-03-23,584.0,1440.0,2.0,12
7054,Q-03-13,584.0,1440.0,1.0,12
7054,Q-03-23,584.0,1440.0,2.0,12
7055,Q-03-13,584.0,1440.0,1.0,12
7055,Q-03-23,584.0,1440.0,2.0,12
7056,Q-03-13,584.0,1440.0,1.0,12
7056,Q-03-23,584.0,1440.0,2.0,5
7056,Q-03-22,600.0,1440.0,2.0,1
7056,Q-03-12,600.0,1440.0,1.0,7
7057,Q-03-13,584.0,1440.0,1.0,5
7057,Q-03-12,600.0,1440.0,1.0,12
7057,Q-03-11,616.0,1440.0,1.0,8
7058,Q-03-12,600.0,1440.0,1.0,12
7058,Q-03-11,616.0,1440.0,1.0,12
7059,Q-03-12,600.0,1440.0,1.0,12
7059,Q-03-11,616.0,1440.0,1.0,12
7060,Q-03-12,600.0,1440.0,1.0,12
7060,Q-03-11,616.0,1440.0,1.0,12
7061,Q-03-12,600.0,1440.0,1.0,12
7061,Q-03-11,616.0,1440.0,1.0,12
7062,Q-03-12,600.0,1440.0,1.0,9
7062,Q-03-11,616.0,1440.0,1.0,3
7062,Q-03-21,616.0,1440.0,2.0,12
7063,Q-01-13,634.0,1440.0,1.0,12
7063,Q-01-23,634.0,1440.0,2.0,12
7064,Q-01-13,634.0,1440.0,1.0,12
7064,Q-01-23,634.0,1440.0,2.0,12
7065,Q-01-13,634.0,1440.0,1.0,12
7065,Q-01-23,634.0,1440.0,2.0,12
7066,Q-01-13,634.0,1440.0,1.0,12
7066,Q-01-23,634.0,1440.0,2.0,12
7067,Q-01-13,634.0,1440.0,1.0,12
7067,Q-01-23,634.0,1440.0,2.0,12
7068,Q-01-13,634.0,1440.0,1.0,12
7068,Q-01-23,634.0,1440.0,2.0,12
7069,Q-01-13,634.0,1440.0,1.0,12
7069,Q-01-23,634.0,1440.0,2.0,12
7070,Q-01-13,634.0,1440.0,1.0,12
7070,Q-01-23,634.0,1440.0,2.0,12
7071,Q-01-13,634.0,1440.0,1.0,12
7071,Q-01-23,634.0,1440.0,2.0,12
7072,Q-01-12,650.0,1440.0,1.0,12
7072,Q-01-22,650.0,1440.0,2.0,12
7073,Q-01-12,650.0,1440.0,1.0,12
7073,Q-01-22,650.0,1440.0,2.0,12
7074,Q-01-12,650.0,1440.0,1.0,12
7074,Q-01-22,650.0,1440.0,2.0,12
7075,Q-01-12,650.0,1440.0,1.0,9
7075,Q-01-22,650.0,1440.0,2.0,12
7075,Q-01-23,634.0,1440.0,2.0,4
7076,Q-01-11,666.0,1440.0,1.0,12
7076,Q-01-21,666.0,1440.0,2.0,12
7077,Q-01-11,666.0,1440.0,1.0,12
7077,Q-01-21,666.0,1440.0,2.0,12
7078,Q-01-11,666.0,1440.0,1.0,12
7078,Q-01-21,666.0,1440.0,2.0,12
7079,Q-01-11,666.0,1440.0,1.0,12
7079,Q-01-21,666.0,1440.0,2.0,12
7080,Q-01-11,666.0,1440.0,1.0,12
7080,Q-01-21,666.0,1440.0,2.0,12
7081,Q-01-11,666.0,1440.0,1.0,12
7081,Q-01-21,666.0,1440.0,2.0,8
7081,Q-01-22,650.0,1440.0,2.0,5
7082,Q-01-11,666.0,1440.0,1.0,12
7082,Q-01-22,650.0,1440.0,2.0,12
7083,Q-01-11,666.0,1440.0,1.0,9
7083,Q-01-23,634.0,1440.0,2.0,12
7083,Q-03-21,616.0,1440.0,2.0,4
7084,I-23-23,86.0,572.0,2.0,12
7084,I-21-23,136.0,572.0,2.0,12
7085,I-23-23,86.0,572.0,2.0,12
7085,I-21-23,136.0,572.0,2.0,12
7086,I-23-23,86.0,572.0,2.0,12
7086,I-21-23,136.0,572.0,2.0,12
7087,I-23-23,86.0,572.0,2.0,12
7087,I-21-23,136.0,572.0,2.0,12
7088,I-23-23,86.0,572.0,2.0,12
7088,I-21-23,136.0,572.0,2.0,12
7089,I-23-23,86.0,572.0,2.0,12
7089,I-21-23,136.0,572.0,2.0,12
7090,I-23-23,86.0,572.0,2.0,12
7090,I-21-23,136.0,572.0,2.0,12
7091,I-23-23,86.0,572.0,2.0,12
7091,I-21-23,136.0,572.0,2.0,12
7092,I-23-23,86.0,572.0,2.0,12
7092,I-21-23,136.0,572.0,2.0,12
7093,I-23-23,86.0,572.0,2.0,12
7093,I-21-23,136.0,572.0,2.0,2
7093,I-21-21,168.0,572.0,2.0,11
7094,I-23-23,86.0,572.0,2.0,12
7095,I-23-23,86.0,572.0,2.0,12
7096,I-23-23,86.0,572.0,2.0,12
7097,I-23-23,86.0,572.0,2.0,12
7098,I-23-23,86.0,572.0,2.0,12
7099,I-23-23,86.0,572.0,2.0,12
7100,I-23-23,86.0,572.0,2.0,12
7101,I-23-23,86.0,572.0,2.0,12
7102,I-23-23,86.0,572.0,2.0,12
7103,I-23-23,86.0,572.0,2.0,12
7104,I-23-23,86.0,572.0,2.0,12
7105,I-23-23,86.0,572.0,2.0,12
7106,I-23-23,86.0,572.0,2.0,12
7107,I-23-23,86.0,572.0,2.0,12
7108,I-23-23,86.0,572.0,2.0,12
7109,I-23-23,86.0,572.0,2.0,12
7110,I-23-23,86.0,572.0,2.0,12
7111,I-23-23,86.0,572.0,2.0,12
7112,I-23-23,86.0,572.0,2.0,12
7113,I-23-23,86.0,572.0,2.0,12
7114,I-23-23,86.0,572.0,2.0,12
7115,I-23-23,86.0,572.0,2.0,12
7116,I-23-23,86.0,572.0,2.0,12
7117,I-23-23,86.0,572.0,2.0,12
7118,I-23-23,86.0,572.0,2.0,12
7119,I-23-23,86.0,572.0,2.0,12
7120,I-23-23,86.0,572.0,2.0,12
7121,I-23-23,86.0,572.0,2.0,12
7122,I-23-23,86.0,572.0,2.0,12
7123,I-23-23,86.0,572.0,2.0,12
7124,I-23-23,86.0,572.0,2.0,12
7125,I-23-23,86.0,572.0,2.0,12
7126,I-23-23,86.0,572.0,2.0,12
7127,I-23-23,86.0,572.0,2.0,12
7128,I-23-23,86.0,572.0,2.0,12
7129,I-23-23,86.0,572.0,2.0,12
7130,I-23-23,86.0,572.0,2.0,12
7131,I-23-23,86.0,572.0,2.0,12
7132,I-23-23,86.0,572.0,2.0,12
7133,I-23-23,86.0,572.0,2.0,12
7134,I-23-23,86.0,572.0,2.0,12
7135,I-23-23,86.0,572.0,2.0,12
7136,I-23-23,86.0,572.0,2.0,12
7137,I-23-23,86.0,572.0,2.0,12
7138,I-23-23,86.0,572.0,2.0,12
7139,I-23-23,86.0,572.0,2.0,12
7140,I-23-23,86.0,572.0,2.0,12
7141,I-23-23,86.0,572.0,2.0,12
7142,I-23-23,86.0,572.0,2.0,12
7143,I-23-23,86.0,572.0,2.0,12
7144,I-23-23,86.0,572.0,2.0,12
7145,I-23-23,86.0,572.0,2.0,11
7146,I-21-21,168.0,572.0,2.0,12
7146,I-19-23,186.0,572.0,2.0,12
7147,I-21-21,168.0,572.0,2.0,12
7147,I-19-23,186.0,572.0,2.0,12
7148,I-21-21,168.0,572.0,2.0,12
7148,I-19-23,186.0,572.0,2.0,12
7149,I-21-21,168.0,572.0,2.0,12
7149,I-19-23,186.0,572.0,2.0,12
7150,I-21-21,168.0,572.0,2.0,12
7150,I-19-23,186.0,572.0,2.0,12
7151,I-21-21,168.0,572.0,2.0,12
7151,I-19-23,186.0,572.0,2.0,6
7151,I-19-21,218.0,572.0,2.0,7
7152,I-21-21,168.0,572.0,2.0,12
7152,I-19-21,218.0,572.0,2.0,7
7152,I-17-23,236.0,572.0,2.0,6
7153,I-21-21,168.0,572.0,2.0,12
7154,I-21-21,168.0,572.0,2.0,12
7155,I-21-21,168.0,572.0,2.0,12
7156,I-21-21,168.0,572.0,2.0,1
7157,I-17-23,236.0,572.0,2.0,12
7157,I-15-23,286.0,572.0,2.0,12
7158,I-17-23,236.0,572.0,2.0,12
7158,I-15-23,286.0,572.0,2.0,12
7159,I-17-23,236.0,572.0,2.0,12
7159,I-15-23,286.0,572.0,2.0,12
7160,I-17-23,236.0,572.0,2.0,12
7160,I-15-23,286.0,572.0,2.0,12
7161,I-17-23,236.0,572.0,2.0,12
7161,I-15-23,286.0,572.0,2.0,6
7161,I-15-22,302.0,572.0,2.0,7
7162,I-17-23,236.0,572.0,2.0,12
7163,I-17-23,236.0,572.0,2.0,12
7164,I-17-23,236.0,572.0,2.0,12
7165,I-17-23,236.0,572.0,2.0,9
7166,I-15-22,302.0,572.0,2.0,12
7167,I-15-22,302.0,572.0,2.0,1
7168,I-24-23,86.0,688.0,2.0,12
7168,I-24-22,102.0,688.0,2.0,12
7169,I-24-23,86.0,688.0,2.0,12
7169,I-24-22,102.0,688.0,2.0,12
7170,I-24-23,86.0,688.0,2.0,12
7170,I-24-22,102.0,688.0,2.0,12
7171,I-24-23,86.0,688.0,2.0,12
7171,I-24-22,102.0,688.0,2.0,12
7172,I-24-23,86.0,688.0,2.0,12
7172,I-24-22,102.0,688.0,2.0,3
7172,I-24-21,118.0,688.0,2.0,10
7173,I-24-23,86.0,688.0,2.0,12
7173,I-24-21,118.0,688.0,2.0,12
7174,I-24-23,86.0,688.0,2.0,12
7174,I-24-21,118.0,688.0,2.0,12
7175,I-24-23,86.0,688.0,2.0,12
7175,I-24-21,118.0,688.0,2.0,12
7176,I-24-23,86.0,688.0,2.0,12
7176,I-24-21,118.0,688.0,2.0,12
7177,I-24-23,86.0,688.0,2.0,8
7177,I-24-21,118.0,688.0,2.0,12
7177,I-22-23,136.0,688.0,2.0,5
7178,I-24-21,118.0,688.0,2.0,12
7178,I-22-23,136.0,688.0,2.0,12
7179,I-24-21,118.0,688.0,2.0,12
7179,I-22-23,136.0,688.0,2.0,12
7180,I-24-21,118.0,688.0,2.0,12
7180,I-22-23,136.0,688.0,2.0,12
7181,I-24-21,118.0,688.0,2.0,12
7181,I-22-23,136.0,688.0,2.0,12
7182,I-24-21,118.0,688.0,2.0,12
7182,I-22-23,136.0,688.0,2.0,12
7183,I-24-21,118.0,688.0,2.0,12
7183,I-22-23,136.0,688.0,2.0,12
7184,I-24-21,118.0,688.0,2.0,12
7184,I-22-23,136.0,688.0,2.0,12
7185,I-24-21,118.0,688.0,2.0,12
7185,I-22-23,136.0,688.0,2.0,12
7186,I-24-21,118.0,688.0,2.0,12
7186,I-22-23,136.0,688.0,2.0,12
7187,I-24-21,118.0,688.0,2.0,12
7187,I-22-23,136.0,688.0,2.0,5
7187,I-22-22,152.0,688.0,2.0,8
7188,I-24-21,118.0,688.0,2.0,12
7188,J-23-21,118.0,720.0,2.0,12
7189,I-24-21,118.0,688.0,2.0,12
7189,J-23-21,118.0,720.0,2.0,12
7190,I-22-22,152.0,688.0,2.0,12
7190,I-22-21,168.0,688.0,2.0,12
7191,I-22-22,152.0,688.0,2.0,12
7191,I-22-21,168.0,688.0,2.0,12
7192,I-22-22,152.0,688.0,2.0,12
7192,I-22-21,168.0,688.0,2.0,12
7193,I-22-22,152.0,688.0,2.0,12
7193,I-22-21,168.0,688.0,2.0,12
7194,I-22-22,152.0,688.0,2.0,12
7194,I-22-21,168.0,688.0,2.0,12
7195,I-22-22,152.0,688.0,2.0,12
7195,I-22-21,168.0,688.0,2.0,12
7196,I-22-22,152.0,688.0,2.0,12
7196,I-22-21,168.0,688.0,2.0,12
7197,I-22-22,152.0,688.0,2.0,12
7197,I-22-21,168.0,688.0,2.0,12
7198,I-22-22,152.0,688.0,2.0,12
7198,I-22-21,168.0,688.0,2.0,12
7199,I-22-22,152.0,688.0,2.0,3
7199,I-22-21,168.0,688.0,2.0,12
7199,I-20-23,186.0,688.0,2.0,10
7200,I-22-21,168.0,688.0,2.0,12
7200,I-20-23,186.0,688.0,2.0,12
7201,I-22-21,168.0,688.0,2.0,11
7201,I-20-23,186.0,688.0,2.0,12
7201,J-19-23,186.0,720.0,2.0,2
7202,I-20-23,186.0,688.0,2.0,12
7202,J-19-23,186.0,720.0,2.0,12
7203,I-20-23,186.0,688.0,2.0,12
7203,J-19-23,186.0,720.0,2.0,12
7204,I-20-23,186.0,688.0,2.0,5
7204,J-19-23,186.0,720.0,2.0,9
7204,J-21-21,168.0,720.0,2.0,11
7205,I-18-23,236.0,688.0,2.0,12
7205,I-18-21,268.0,688.0,2.0,12
7206,I-18-23,236.0,688.0,2.0,12
7206,I-18-21,268.0,688.0,2.0,12
7207,I-18-23,236.0,688.0,2.0,12
7207,I-18-21,268.0,688.0,2.0,12
7208,I-18-23,236.0,688.0,2.0,12
7208,I-18-21,268.0,688.0,2.0,12
7209,I-18-23,236.0,688.0,2.0,12
7209,I-18-21,268.0,688.0,2.0,12
7210,I-18-23,236.0,688.0,2.0,12
7210,I-18-21,268.0,688.0,2.0,12
7211,I-18-23,236.0,688.0,2.0,12
7211,I-18-21,268.0,688.0,2.0,12
7212,I-18-23,236.0,688.0,2.0,12
7212,I-18-21,268.0,688.0,2.0,12
7213,I-18-23,236.0,688.0,2.0,12
7213,I-18-21,268.0,688.0,2.0,12
7214,I-18-23,236.0,688.0,2.0,12
7214,I-18-21,268.0,688.0,2.0,12
7215,I-18-23,236.0,688.0,2.0,12
7215,I-18-21,268.0,688.0,2.0,12
7216,I-18-23,236.0,688.0,2.0,12
7216,I-18-21,268.0,688.0,2.0,12
7217,I-18-23,236.0,688.0,2.0,12
7217,I-18-21,268.0,688.0,2.0,12
7218,I-18-23,236.0,688.0,2.0,12
7218,I-18-21,268.0,688.0,2.0,12
7219,I-18-23,236.0,688.0,2.0,12
7219,I-18-21,268.0,688.0,2.0,12
7220,I-18-23,236.0,688.0,2.0,12
7220,I-18-21,268.0,688.0,2.0,12
7221,I-18-23,236.0,688.0,2.0,12
7221,I-18-21,268.0,688.0,2.0,12
7222,I-18-23,236.0,688.0,2.0,12
7222,I-18-21,268.0,688.0,2.0,12
7223,I-18-23,236.0,688.0,2.0,12
7223,I-18-21,268.0,688.0,2.0,4
7223,J-17-23,236.0,720.0,2.0,9
7224,I-18-23,236.0,688.0,2.0,12
7224,J-17-23,236.0,720.0,2.0,12
7225,I-18-23,236.0,688.0,2.0,12
7225,J-17-23,236.0,720.0,2.0,12
7226,I-18-23,236.0,688.0,2.0,12
7226,J-17-23,236.0,720.0,2.0,12
7227,I-18-23,236.0,688.0,2.0,12
7227,J-17-23,236.0,720.0,2.0,12
7228,I-18-23,236.0,688.0,2.0,12
7228,J-17-23,236.0,720.0,2.0,5
7229,I-18-23,236.0,688.0,2.0,12
7230,I-18-23,236.0,688.0,2.0,12
7231,I-18-23,236.0,688.0,2.0,12
7232,I-18-23,236.0,688.0,2.0,12
7233,I-18-23,236.0,688.0,2.0,12
7234,I-18-23,236.0,688.0,2.0,12
7235,I-18-23,236.0,688.0,2.0,12
7236,I-18-23,236.0,688.0,2.0,12
7237,I-18-23,236.0,688.0,2.0,12
7238,I-18-23,236.0,688.0,2.0,12
7239,I-18-23,236.0,688.0,2.0,12
7240,I-18-23,236.0,688.0,2.0,12
7241,I-18-23,236.0,688.0,2.0,12
7242,I-18-23,236.0,688.0,2.0,12
7243,I-18-23,236.0,688.0,2.0,12
7244,I-18-23,236.0,688.0,2.0,12
7245,I-18-23,236.0,688.0,2.0,12
7246,I-18-23,236.0,688.0,2.0,12
7247,I-18-23,236.0,688.0,2.0,7
7248,I-14-23,336.0,688.0,2.0,12
7248,I-14-21,368.0,688.0,2.0,12
7249,I-14-23,336.0,688.0,2.0,12
7249,I-14-21,368.0,688.0,2.0,2
7250,I-14-23,336.0,688.0,2.0,12
7251,I-14-23,336.0,688.0,2.0,12
7252,I-14-23,336.0,688.0,2.0,12
7253,I-14-23,336.0,688.0,2.0,11
7254,H-10-23,434.0,688.0,2.0,12
7254,H-10-22,450.0,688.0,2.0,12
7255,H-10-23,434.0,688.0,2.0,12
7255,H-10-22,450.0,688.0,2.0,12
7256,H-10-23,434.0,688.0,2.0,12
7256,H-10-22,450.0,688.0,2.0,12
7257,H-10-23,434.0,688.0,2.0,12
7257,H-10-22,450.0,688.0,2.0,12
7258,H-10-23,434.0,688.0,2.0,12
7258,H-10-22,450.0,688.0,2.0,12
7259,H-10-23,434.0,688.0,2.0,12
7259,H-10-22,450.0,688.0,2.0,12
7260,H-10-23,434.0,688.0,2.0,12
7260,H-10-22,450.0,688.0,2.0,12
7261,H-10-23,434.0,688.0,2.0,10
7261,H-10-22,450.0,688.0,2.0,12
7261,I-09-23,434.0,720.0,2.0,3
7262,H-10-22,450.0,688.0,2.0,12
7262,I-09-23,434.0,720.0,2.0,12
7263,H-10-22,450.0,688.0,2.0,12
7263,I-09-23,434.0,720.0,2.0,12
7264,H-10-22,450.0,688.0,2.0,12
7264,I-09-23,434.0,720.0,2.0,12
7265,H-10-22,450.0,688.0,2.0,12
7265,I-09-23,434.0,720.0,2.0,12
7266,H-10-22,450.0,688.0,2.0,12
7266,I-09-23,434.0,720.0,2.0,12
7267,H-10-22,450.0,688.0,2.0,12
7267,I-09-23,434.0,720.0,2.0,12
7268,H-10-22,450.0,688.0,2.0,12
7268,I-09-23,434.0,720.0,2.0,12
7269,H-10-22,450.0,688.0,2.0,12
7269,I-09-23,434.0,720.0,2.0,12
7270,H-10-22,450.0,688.0,2.0,12
7270,I-09-23,434.0,720.0,2.0,12
7271,H-10-22,450.0,688.0,2.0,12
7271,I-09-23,434.0,720.0,2.0,12
7272,H-10-22,450.0,688.0,2.0,12
7272,I-09-23,434.0,720.0,2.0,12
7273,H-10-22,450.0,688.0,2.0,12
7273,I-09-23,434.0,720.0,2.0,12
7274,H-10-22,450.0,688.0,2.0,12
7274,I-09-23,434.0,720.0,2.0,12
7275,H-10-22,450.0,688.0,2.0,12
7275,I-09-23,434.0,720.0,2.0,4
7275,I-09-21,466.0,720.0,2.0,9
7276,H-10-22,450.0,688.0,2.0,12
7276,I-09-21,466.0,720.0,2.0,12
7277,H-10-22,450.0,688.0,2.0,12
7277,I-09-21,466.0,720.0,2.0,12
7278,H-10-22,450.0,688.0,2.0,12
7278,I-09-21,466.0,720.0,2.0,12
7279,H-10-22,450.0,688.0,2.0,12
7279,I-09-21,466.0,720.0,2.0,12
7280,H-10-22,450.0,688.0,2.0,12
7280,I-09-21,466.0,720.0,2.0,12
7281,H-10-22,450.0,688.0,2.0,12
7281,I-09-21,466.0,720.0,2.0,12
7282,H-10-22,450.0,688.0,2.0,12
7282,I-09-21,466.0,720.0,2.0,12
7283,H-10-22,450.0,688.0,2.0,12
7283,I-09-21,466.0,720.0,2.0,12
7284,H-10-22,450.0,688.0,2.0,12
7284,I-09-21,466.0,720.0,2.0,12
7285,H-10-22,450.0,688.0,2.0,12
7285,I-09-21,466.0,720.0,2.0,12
7286,H-10-22,450.0,688.0,2.0,12
7286,I-09-21,466.0,720.0,2.0,12
7287,H-10-22,450.0,688.0,2.0,12
7287,I-09-21,466.0,720.0,2.0,12
7288,H-10-22,450.0,688.0,2.0,12
7288,I-09-21,466.0,720.0,2.0,12
7289,H-10-22,450.0,688.0,2.0,12
7289,I-09-21,466.0,720.0,2.0,12
7290,H-10-22,450.0,688.0,2.0,12
7290,I-09-21,466.0,720.0,2.0,12
7291,H-10-22,450.0,688.0,2.0,12
7291,I-09-21,466.0,720.0,2.0,12
7292,H-10-22,450.0,688.0,2.0,12
7292,I-09-21,466.0,720.0,2.0,12
7293,H-10-22,450.0,688.0,2.0,12
7293,I-09-21,466.0,720.0,2.0,12
7294,H-10-22,450.0,688.0,2.0,12
7294,I-09-21,466.0,720.0,2.0,12
7295,H-10-22,450.0,688.0,2.0,12
7295,I-09-21,466.0,720.0,2.0,12
7296,H-10-22,450.0,688.0,2.0,12
7296,I-09-21,466.0,720.0,2.0,12
7297,H-10-22,450.0,688.0,2.0,12
7297,I-09-21,466.0,720.0,2.0,12
7298,H-10-22,450.0,688.0,2.0,12
7298,I-09-21,466.0,720.0,2.0,12
7299,H-10-22,450.0,688.0,2.0,12
7299,I-09-21,466.0,720.0,2.0,12
7300,H-10-22,450.0,688.0,2.0,12
7300,I-09-21,466.0,720.0,2.0,12
7301,H-10-22,450.0,688.0,2.0,12
7301,I-09-21,466.0,720.0,2.0,12
7302,H-10-22,450.0,688.0,2.0,12
7302,I-09-21,466.0,720.0,2.0,12
7303,H-10-22,450.0,688.0,2.0,12
7303,I-09-21,466.0,720.0,2.0,12
7304,H-10-22,450.0,688.0,2.0,12
7304,I-09-21,466.0,720.0,2.0,12
7305,H-10-22,450.0,688.0,2.0,12
7305,I-09-21,466.0,720.0,2.0,12
7306,H-10-22,450.0,688.0,2.0,12
7306,I-09-21,466.0,720.0,2.0,12
7307,H-10-22,450.0,688.0,2.0,12
7307,I-09-21,466.0,720.0,2.0,12
7308,H-10-22,450.0,688.0,2.0,12
7308,I-09-21,466.0,720.0,2.0,12
7309,H-10-22,450.0,688.0,2.0,12
7309,I-09-21,466.0,720.0,2.0,12
7310,H-10-22,450.0,688.0,2.0,12
7310,I-09-21,466.0,720.0,2.0,12
7311,H-10-22,450.0,688.0,2.0,12
7311,I-09-21,466.0,720.0,2.0,12
7312,H-10-22,450.0,688.0,2.0,12
7312,I-09-21,466.0,720.0,2.0,12
7313,H-10-22,450.0,688.0,2.0,12
7313,H-08-22,500.0,688.0,2.0,12
7314,H-10-22,450.0,688.0,2.0,12
7314,H-08-22,500.0,688.0,2.0,12
7315,H-10-22,450.0,688.0,2.0,12
7315,H-08-22,500.0,688.0,2.0,12
7316,H-10-22,450.0,688.0,2.0,12
7316,H-08-22,500.0,688.0,2.0,12
7317,H-10-22,450.0,688.0,2.0,12
7317,H-08-22,500.0,688.0,2.0,12
7318,H-10-22,450.0,688.0,2.0,12
7318,H-08-22,500.0,688.0,2.0,12
7319,H-10-22,450.0,688.0,2.0,12
7319,H-08-22,500.0,688.0,2.0,12
7320,H-10-22,450.0,688.0,2.0,12
7320,H-08-22,500.0,688.0,2.0,12
7321,H-10-22,450.0,688.0,2.0,12
7321,H-08-22,500.0,688.0,2.0,12
7322,H-10-22,450.0,688.0,2.0,12
7322,H-08-22,500.0,688.0,2.0,12
7323,H-10-22,450.0,688.0,2.0,12
7323,H-08-22,500.0,688.0,2.0,12
7324,H-10-22,450.0,688.0,2.0,12
7324,H-08-22,500.0,688.0,2.0,12
7325,H-10-22,450.0,688.0,2.0,12
7325,H-08-22,500.0,688.0,2.0,12
7326,H-10-22,450.0,688.0,2.0,12
7326,H-08-22,500.0,688.0,2.0,12
7327,H-10-22,450.0,688.0,2.0,12
7327,H-08-22,500.0,688.0,2.0,12
7328,H-10-22,450.0,688.0,2.0,12
7328,H-08-22,500.0,688.0,2.0,12
7329,H-10-22,450.0,688.0,2.0,11
7329,H-08-22,500.0,688.0,2.0,12
7329,H-08-21,516.0,688.0,2.0,2
7330,H-08-22,500.0,688.0,2.0,12
7330,H-08-21,516.0,688.0,2.0,12
7331,H-08-22,500.0,688.0,2.0,12
7331,H-08-21,516.0,688.0,2.0,12
7332,H-08-22,500.0,688.0,2.0,12
7332,H-08-21,516.0,688.0,2.0,12
7333,H-08-22,500.0,688.0,2.0,12
7333,H-08-21,516.0,688.0,2.0,12
7334,H-08-22,500.0,688.0,2.0,12
7334,H-08-21,516.0,688.0,2.0,12
7335,H-08-22,500.0,688.0,2.0,12
7335,H-08-21,516.0,688.0,2.0,12
7336,H-08-22,500.0,688.0,2.0,10
7336,H-08-21,516.0,688.0,2.0,12
7336,I-05-23,534.0,720.0,2.0,3
7337,H-08-21,516.0,688.0,2.0,12
7337,I-05-23,534.0,720.0,2.0,1
7337,I-05-22,550.0,720.0,2.0,12
7338,H-08-21,516.0,688.0,2.0,12
7338,I-05-22,550.0,720.0,2.0,8
7338,I-05-21,566.0,720.0,2.0,5
7339,H-08-21,516.0,688.0,2.0,12
7339,H-06-21,566.0,688.0,2.0,12
7340,H-08-21,516.0,688.0,2.0,12
7340,H-06-21,566.0,688.0,2.0,12
7341,H-08-21,516.0,688.0,2.0,12
7341,H-06-21,566.0,688.0,2.0,12
7342,H-08-21,516.0,688.0,2.0,12
7342,H-06-21,566.0,688.0,2.0,12
7343,H-08-21,516.0,688.0,2.0,12
7343,H-06-21,566.0,688.0,2.0,12
7344,H-08-21,516.0,688.0,2.0,12
7344,H-06-21,566.0,688.0,2.0,12
7345,H-08-21,516.0,688.0,2.0,12
7345,H-06-21,566.0,688.0,2.0,12
7346,H-08-21,516.0,688.0,2.0,5
7346,H-06-21,566.0,688.0,2.0,12
7346,H-04-23,584.0,688.0,2.0,8
7347,H-06-21,566.0,688.0,2.0,12
7347,H-04-23,584.0,688.0,2.0,12
7348,H-06-21,566.0,688.0,2.0,12
7348,H-04-23,584.0,688.0,2.0,12
7349,H-06-21,566.0,688.0,2.0,12
7349,H-04-23,584.0,688.0,2.0,12
7350,H-06-21,566.0,688.0,2.0,12
7350,H-04-23,584.0,688.0,2.0,12
7351,H-06-21,566.0,688.0,2.0,12
7351,H-04-23,584.0,688.0,2.0,12
7352,H-06-21,566.0,688.0,2.0,3
7352,H-04-23,584.0,688.0,2.0,2
7352,H-04-21,616.0,688.0,2.0,12
7352,I-03-22,600.0,720.0,2.0,8
7353,H-04-21,616.0,688.0,2.0,12
7353,I-03-22,600.0,720.0,2.0,12
7354,H-04-21,616.0,688.0,2.0,12
7354,I-03-22,600.0,720.0,2.0,12
7355,H-04-21,616.0,688.0,2.0,12
7355,I-03-22,600.0,720.0,2.0,12
7356,H-04-21,616.0,688.0,2.0,12
7356,I-03-22,600.0,720.0,2.0,12
7357,H-04-21,616.0,688.0,2.0,12
7357,I-03-22,600.0,720.0,2.0,12
7358,H-04-21,616.0,688.0,2.0,12
7358,I-03-22,600.0,720.0,2.0,12
7359,H-02-21,666.0,688.0,2.0,12
7359,I-01-21,666.0,720.0,2.0,12
7360,H-02-21,666.0,688.0,2.0,12
7360,I-01-21,666.0,720.0,2.0,1
7360,I-01-22,650.0,720.0,2.0,12
7361,H-02-21,666.0,688.0,2.0,12
7361,I-01-22,650.0,720.0,2.0,12
7362,H-02-21,666.0,688.0,2.0,7
7362,I-01-22,650.0,720.0,2.0,12
7362,I-03-22,600.0,720.0,2.0,6
7363,J-23-23,86.0,720.0,2.0,12
7363,J-23-22,102.0,720.0,2.0,12
7364,J-23-23,86.0,720.0,2.0,12
7364,J-23-22,102.0,720.0,2.0,12
7365,J-23-23,86.0,720.0,2.0,12
7365,J-23-22,102.0,720.0,2.0,11
7365,J-23-21,118.0,720.0,2.0,2
7366,J-23-23,86.0,720.0,2.0,12
7366,J-23-21,118.0,720.0,2.0,12
7367,J-23-23,86.0,720.0,2.0,12
7367,J-23-21,118.0,720.0,2.0,12
7368,J-23-23,86.0,720.0,2.0,12
7368,J-23-21,118.0,720.0,2.0,12
7369,J-23-23,86.0,720.0,2.0,12
7369,J-23-21,118.0,720.0,2.0,12
7370,J-23-23,86.0,720.0,2.0,12
7370,J-23-21,118.0,720.0,2.0,12
7371,J-23-23,86.0,720.0,2.0,12
7371,J-23-21,118.0,720.0,2.0,12
7372,J-23-23,86.0,720.0,2.0,12
7372,J-23-21,118.0,720.0,2.0,12
7373,J-23-23,86.0,720.0,2.0,12
7373,J-23-21,118.0,720.0,2.0,5
7373,J-21-23,136.0,720.0,2.0,8
7374,J-23-23,86.0,720.0,2.0,9
7374,J-21-23,136.0,720.0,2.0,12
7374,J-21-22,152.0,720.0,2.0,4
7375,J-21-23,136.0,720.0,2.0,12
7375,J-21-22,152.0,720.0,2.0,12
7376,J-21-23,136.0,720.0,2.0,12
7376,J-21-22,152.0,720.0,2.0,12
7377,J-21-23,136.0,720.0,2.0,12
7377,J-21-22,152.0,720.0,2.0,3
7377,J-21-21,168.0,720.0,2.0,10
7378,J-21-23,136.0,720.0,2.0,12
7378,J-21-21,168.0,720.0,2.0,12
7379,J-21-23,136.0,720.0,2.0,12
7379,J-21-21,168.0,720.0,2.0,12
7380,J-21-23,136.0,720.0,2.0,12
7380,J-21-21,168.0,720.0,2.0,12
7381,J-21-23,136.0,720.0,2.0,12
7381,J-21-21,168.0,720.0,2.0,12
7382,J-21-23,136.0,720.0,2.0,12
7382,J-21-21,168.0,720.0,2.0,12
7383,J-21-23,136.0,720.0,2.0,12
7383,J-21-21,168.0,720.0,2.0,12
7384,J-21-23,136.0,720.0,2.0,12
7384,J-21-21,168.0,720.0,2.0,12
7385,J-21-23,136.0,720.0,2.0,12
7385,J-21-21,168.0,720.0,2.0,12
7386,J-21-23,136.0,720.0,2.0,12
7386,J-21-21,168.0,720.0,2.0,12
7387,J-21-23,136.0,720.0,2.0,12
7387,J-21-21,168.0,720.0,2.0,2
7388,J-21-23,136.0,720.0,2.0,12
7389,J-21-23,136.0,720.0,2.0,12
7390,J-21-23,136.0,720.0,2.0,8
7391,I-05-21,566.0,720.0,2.0,12
7391,I-03-22,600.0,720.0,2.0,5
7391,I-01-22,650.0,720.0,2.0,8
7392,I-05-21,566.0,720.0,2.0,12
7393,I-05-21,566.0,720.0,2.0,12
7394,I-05-21,566.0,720.0,2.0,12
7395,I-05-21,566.0,720.0,2.0,12
7396,I-05-21,566.0,720.0,2.0,12
7397,I-05-21,566.0,720.0,2.0,12
7398,I-05-21,566.0,720.0,2.0,12
7399,I-05-21,566.0,720.0,2.0,12
7400,I-05-21,566.0,720.0,2.0,12
7401,I-05-21,566.0,720.0,2.0,12
7402,I-05-21,566.0,720.0,2.0,12
7403,I-05-21,566.0,720.0,2.0,12
7404,I-05-21,566.0,720.0,2.0,12
7405,I-05-21,566.0,720.0,2.0,12
7406,I-05-21,566.0,720.0,2.0,12
7407,I-05-21,566.0,720.0,2.0,8
7408,I-01-22,650.0,720.0,2.0,12
7409,I-01-22,650.0,720.0,2.0,12
7410,I-01-22,650.0,720.0,2.0,12
7411,I-01-22,650.0,720.0,2.0,8
7412,J-24-23,86.0,778.0,2.0,12
7412,J-24-22,102.0,778.0,2.0,12
7413,J-24-23,86.0,778.0,2.0,12
7413,J-24-22,102.0,778.0,2.0,12
7414,J-24-23,86.0,778.0,2.0,12
7414,J-24-22,102.0,778.0,2.0,12
7415,J-24-23,86.0,778.0,2.0,12
7415,J-24-22,102.0,778.0,2.0,12
7416,J-24-23,86.0,778.0,2.0,12
7416,J-24-22,102.0,778.0,2.0,12
7417,J-24-23,86.0,778.0,2.0,12
7417,J-24-22,102.0,778.0,2.0,12
7418,J-24-23,86.0,778.0,2.0,12
7418,J-24-22,102.0,778.0,2.0,12
7419,J-24-23,86.0,778.0,2.0,12
7419,J-24-22,102.0,778.0,2.0,12
7420,J-24-23,86.0,778.0,2.0,12
7420,J-24-22,102.0,778.0,2.0,3
7420,J-24-21,118.0,778.0,2.0,10
7421,J-24-23,86.0,778.0,2.0,12
7421,J-24-21,118.0,778.0,2.0,12
7422,J-24-23,86.0,778.0,2.0,11
7422,J-24-21,118.0,778.0,2.0,12
7422,K-23-21,118.0,810.0,2.0,2
7423,J-24-21,118.0,778.0,2.0,12
7423,K-23-21,118.0,810.0,2.0,12
7424,J-24-21,118.0,778.0,2.0,12
7424,K-23-21,118.0,810.0,2.0,4
7424,K-23-22,102.0,810.0,2.0,9
7425,J-24-21,118.0,778.0,2.0,12
7425,K-23-22,102.0,810.0,2.0,12
7426,J-24-21,118.0,778.0,2.0,12
7426,K-23-22,102.0,810.0,2.0,12
7427,J-24-21,118.0,778.0,2.0,12
7427,K-23-22,102.0,810.0,2.0,2
7427,K-23-23,86.0,810.0,2.0,11
7428,J-24-21,118.0,778.0,2.0,12
7428,K-21-23,136.0,810.0,2.0,12
7429,J-24-21,118.0,778.0,2.0,3
7429,K-21-23,136.0,810.0,2.0,12
7429,K-21-22,152.0,810.0,2.0,10
7430,J-22-21,168.0,778.0,2.0,6
7430,K-21-21,168.0,810.0,2.0,12
7430,K-21-22,152.0,810.0,2.0,7
7431,J-20-22,202.0,778.0,2.0,12
7431,J-20-21,218.0,778.0,2.0,12
7432,J-20-22,202.0,778.0,2.0,12
7432,J-20-21,218.0,778.0,2.0,12
7433,J-20-22,202.0,778.0,2.0,12
7433,J-20-21,218.0,778.0,2.0,12
7434,J-20-22,202.0,778.0,2.0,12
7434,J-20-21,218.0,778.0,2.0,12
7435,J-20-22,202.0,778.0,2.0,9
7435,J-20-21,218.0,778.0,2.0,6
7435,J-18-23,236.0,778.0,2.0,10
7436,J-18-23,236.0,778.0,2.0,12
7436,J-18-21,268.0,778.0,2.0,12
7437,J-18-23,236.0,778.0,2.0,12
7437,J-18-21,268.0,778.0,2.0,12
7438,J-18-23,236.0,778.0,2.0,12
7438,J-18-21,268.0,778.0,2.0,12
7439,J-18-23,236.0,778.0,2.0,12
7439,J-18-21,268.0,778.0,2.0,12
7440,J-18-23,236.0,778.0,2.0,12
7440,K-17-23,236.0,810.0,2.0,12
7441,J-18-23,236.0,778.0,2.0,12
7441,K-17-23,236.0,810.0,2.0,12
7442,J-18-23,236.0,778.0,2.0,12
7442,K-17-23,236.0,810.0,2.0,12
7443,J-18-23,236.0,778.0,2.0,12
7443,K-17-23,236.0,810.0,2.0,12
7444,J-18-23,236.0,778.0,2.0,2
7444,K-17-23,236.0,810.0,2.0,12
7444,K-19-21,218.0,810.0,2.0,11
7445,J-16-22,302.0,778.0,2.0,12
7445,J-16-21,318.0,778.0,2.0,12
7446,J-16-22,302.0,778.0,2.0,12
7446,J-16-21,318.0,778.0,2.0,12
7447,J-16-22,302.0,778.0,2.0,12
7447,J-16-21,318.0,778.0,2.0,3
7447,J-14-23,336.0,778.0,2.0,10
7448,J-16-22,302.0,778.0,2.0,12
7448,J-14-23,336.0,778.0,2.0,2
7448,J-14-21,368.0,778.0,2.0,11
7449,J-16-22,302.0,778.0,2.0,12
7449,K-17-21,268.0,810.0,2.0,12
7450,J-16-22,302.0,778.0,2.0,12
7450,K-17-21,268.0,810.0,2.0,12
7451,J-16-22,302.0,778.0,2.0,12
7451,K-17-21,268.0,810.0,2.0,12
7452,J-16-22,302.0,778.0,2.0,12
7452,K-17-21,268.0,810.0,2.0,12
7453,J-14-21,368.0,778.0,2.0,8
7454,I-10-23,434.0,778.0,2.0,12
7454,I-10-22,450.0,778.0,2.0,12
7455,I-10-23,434.0,778.0,2.0,12
7455,I-10-22,450.0,778.0,2.0,12
7456,I-10-23,434.0,778.0,2.0,12
7456,I-10-22,450.0,778.0,2.0,12
7457,I-10-23,434.0,778.0,2.0,12
7457,I-10-22,450.0,778.0,2.0,12
7458,I-10-23,434.0,778.0,2.0,12
7458,I-10-22,450.0,778.0,2.0,12
7459,I-10-23,434.0,778.0,2.0,10
7459,I-10-22,450.0,778.0,2.0,12
7459,J-07-23,484.0,810.0,2.0,3
7460,I-10-22,450.0,778.0,2.0,12
7460,J-07-23,484.0,810.0,2.0,12
7461,I-10-22,450.0,778.0,2.0,12
7461,J-07-23,484.0,810.0,2.0,12
7462,I-10-22,450.0,778.0,2.0,12
7462,J-07-23,484.0,810.0,2.0,12
7463,I-10-22,450.0,778.0,2.0,12
7463,J-07-23,484.0,810.0,2.0,12
7464,I-10-22,450.0,778.0,2.0,12
7464,J-07-23,484.0,810.0,2.0,12
7465,I-10-22,450.0,778.0,2.0,12
7465,J-07-23,484.0,810.0,2.0,12
7466,I-10-22,450.0,778.0,2.0,12
7466,J-07-23,484.0,810.0,2.0,12
7467,I-10-22,450.0,778.0,2.0,8
7467,J-07-23,484.0,810.0,2.0,12
7467,J-07-22,500.0,810.0,2.0,5
7468,I-04-23,584.0,778.0,2.0,12
7468,J-03-23,584.0,810.0,2.0,12
7469,I-04-23,584.0,778.0,2.0,12
7469,J-03-23,584.0,810.0,2.0,12
7470,I-04-23,584.0,778.0,2.0,9
7470,J-03-23,584.0,810.0,2.0,12
7470,J-03-22,600.0,810.0,2.0,4
7471,I-02-21,666.0,778.0,2.0,9
7471,J-01-21,666.0,810.0,2.0,12
7471,J-01-22,650.0,810.0,2.0,4
7472,K-23-23,86.0,810.0,2.0,12
7472,K-21-23,136.0,810.0,2.0,12
7473,K-23-23,86.0,810.0,2.0,12
7473,K-21-23,136.0,810.0,2.0,12
7474,K-23-23,86.0,810.0,2.0,12
7474,K-21-23,136.0,810.0,2.0,12
7475,K-23-23,86.0,810.0,2.0,12
7475,K-21-23,136.0,810.0,2.0,9
7475,K-21-22,152.0,810.0,2.0,4
7476,K-23-23,86.0,810.0,2.0,12
7477,K-23-23,86.0,810.0,2.0,12
7478,K-23-23,86.0,810.0,2.0,12
7479,K-23-23,86.0,810.0,2.0,12
7480,K-23-23,86.0,810.0,2.0,12
7481,K-23-23,86.0,810.0,2.0,12
7482,K-23-23,86.0,810.0,2.0,12
7483,K-23-23,86.0,810.0,2.0,12
7484,K-23-23,86.0,810.0,2.0,12
7485,K-23-23,86.0,810.0,2.0,12
7486,K-23-23,86.0,810.0,2.0,12
7487,K-23-23,86.0,810.0,2.0,1
7488,K-21-22,152.0,810.0,2.0,12
7488,K-21-21,168.0,810.0,2.0,12
7489,K-21-22,152.0,810.0,2.0,6
7489,K-21-21,168.0,810.0,2.0,12
7489,K-19-23,186.0,810.0,2.0,7
7490,K-21-21,168.0,810.0,2.0,12
7490,K-19-23,186.0,810.0,2.0,12
7491,K-21-21,168.0,810.0,2.0,12
7491,K-19-23,186.0,810.0,2.0,12
7492,K-21-21,168.0,810.0,2.0,12
7492,K-19-23,186.0,810.0,2.0,12
7493,K-21-21,168.0,810.0,2.0,6
7493,K-19-23,186.0,810.0,2.0,4
7493,K-19-21,218.0,810.0,2.0,12
7493,K-17-23,236.0,810.0,2.0,3
7494,K-19-21,218.0,810.0,2.0,12
7494,K-17-23,236.0,810.0,2.0,10
7494,K-17-21,268.0,810.0,2.0,3
7495,K-19-21,218.0,810.0,2.0,1
7495,K-17-21,268.0,810.0,2.0,12
7496,K-17-21,268.0,810.0,2.0,12
7497,K-17-21,268.0,810.0,2.0,3
7498,J-07-23,484.0,810.0,2.0,12
7498,J-07-22,500.0,810.0,2.0,12
7499,J-07-23,484.0,810.0,2.0,12
7499,J-05-23,534.0,810.0,2.0,12
7500,J-07-23,484.0,810.0,2.0,1
7500,J-05-23,534.0,810.0,2.0,12
7500,J-05-22,550.0,810.0,2.0,12
7501,J-05-23,534.0,810.0,2.0,12
7501,J-05-22,550.0,810.0,2.0,12
7502,J-05-23,534.0,810.0,2.0,4
7502,J-05-22,550.0,810.0,2.0,12
7502,J-05-21,566.0,810.0,2.0,9
7503,J-05-22,550.0,810.0,2.0,12
7503,J-05-21,566.0,810.0,2.0,12
7504,J-05-22,550.0,810.0,2.0,12
7504,J-05-21,566.0,810.0,2.0,12
7505,J-05-22,550.0,810.0,2.0,1
7505,J-05-21,566.0,810.0,2.0,12
7505,J-03-23,584.0,810.0,2.0,12
7506,J-05-21,566.0,810.0,2.0,12
7506,J-03-23,584.0,810.0,2.0,12
7507,J-05-21,566.0,810.0,2.0,12
7507,J-03-23,584.0,810.0,2.0,12
7508,J-05-21,566.0,810.0,2.0,12
7508,J-03-23,584.0,810.0,2.0,12
7509,J-05-21,566.0,810.0,2.0,12
7509,J-03-23,584.0,810.0,2.0,12
7510,J-05-21,566.0,810.0,2.0,12
7510,J-03-23,584.0,810.0,2.0,12
7511,J-05-21,566.0,810.0,2.0,12
7511,J-03-23,584.0,810.0,2.0,12
7512,J-05-21,566.0,810.0,2.0,12
7512,J-03-23,584.0,810.0,2.0,4
7512,J-03-22,600.0,810.0,2.0,9
7513,J-05-21,566.0,810.0,2.0,12
7513,J-03-22,600.0,810.0,2.0,12
7514,J-05-21,566.0,810.0,2.0,12
7514,J-03-22,600.0,810.0,2.0,12
7515,J-05-21,566.0,810.0,2.0,2
7515,J-03-22,600.0,810.0,2.0,12
7515,J-01-23,634.0,810.0,2.0,11
7516,J-03-22,600.0,810.0,2.0,12
7516,J-01-23,634.0,810.0,2.0,12
7517,J-03-22,600.0,810.0,2.0,12
7517,J-01-23,634.0,810.0,2.0,12
7518,J-03-22,600.0,810.0,2.0,2
7518,J-01-23,634.0,810.0,2.0,3
7518,J-01-22,650.0,810.0,2.0,12
7518,J-01-21,666.0,810.0,2.0,8
7519,J-01-22,650.0,810.0,2.0,12
7519,J-01-21,666.0,810.0,2.0,12
7520,J-01-22,650.0,810.0,2.0,12
7520,J-01-21,666.0,810.0,2.0,12
7521,J-01-22,650.0,810.0,2.0,12
7521,J-01-21,666.0,810.0,2.0,6
7522,J-01-22,650.0,810.0,2.0,12
7523,J-01-22,650.0,810.0,2.0,12
7524,J-01-22,650.0,810.0,2.0,12
7525,J-01-22,650.0,810.0,2.0,12
7526,J-01-22,650.0,810.0,2.0,12
7527,J-01-22,650.0,810.0,2.0,12
7528,J-01-22,650.0,810.0,2.0,12
7529,J-01-22,650.0,810.0,2.0,12
7530,J-01-22,650.0,810.0,2.0,12
7531,J-01-22,650.0,810.0,2.0,9
7532,K-24-23,86.0,868.0,2.0,12
7532,K-24-21,118.0,868.0,2.0,12
7533,K-24-23,86.0,868.0,2.0,12
7533,K-24-21,118.0,868.0,2.0,12
7534,K-24-23,86.0,868.0,2.0,12
7534,K-24-21,118.0,868.0,2.0,12
7535,K-24-23,86.0,868.0,2.0,12
7535,K-24-21,118.0,868.0,2.0,12
7536,K-24-23,86.0,868.0,2.0,12
7536,K-24-21,118.0,868.0,2.0,12
7537,K-24-23,86.0,868.0,2.0,12
7537,K-24-21,118.0,868.0,2.0,8
7537,K-22-23,136.0,868.0,2.0,5
7538,K-24-23,86.0,868.0,2.0,12
7538,L-23-23,86.0,900.0,2.0,12
7539,K-24-23,86.0,868.0,2.0,12
7539,L-23-23,86.0,900.0,2.0,12
7540,K-22-23,136.0,868.0,2.0,12
7540,K-22-22,152.0,868.0,2.0,12
7541,K-22-23,136.0,868.0,2.0,12
7541,K-22-22,152.0,868.0,2.0,12
7542,K-22-23,136.0,868.0,2.0,12
7542,K-22-22,152.0,868.0,2.0,12
7543,K-22-23,136.0,868.0,2.0,12
7543,K-22-22,152.0,868.0,2.0,12
7544,K-22-23,136.0,868.0,2.0,12
7544,K-22-22,152.0,868.0,2.0,6
7544,K-22-21,168.0,868.0,2.0,2
7544,K-20-23,186.0,868.0,2.0,5
7545,K-22-23,136.0,868.0,2.0,12
7545,L-21-23,136.0,900.0,2.0,12
7546,K-22-23,136.0,868.0,2.0,12
7546,L-21-23,136.0,900.0,2.0,2
7546,L-23-21,118.0,900.0,2.0,11
7547,K-22-23,136.0,868.0,2.0,12
7547,L-23-21,118.0,900.0,2.0,12
7548,K-22-23,136.0,868.0,2.0,12
7548,L-23-21,118.0,900.0,2.0,1
7548,L-23-23,86.0,900.0,2.0,11
7549,K-22-23,136.0,868.0,2.0,12
7549,L-21-21,168.0,900.0,2.0,12
7550,K-22-23,136.0,868.0,2.0,12
7550,L-21-21,168.0,900.0,2.0,12
7551,K-22-23,136.0,868.0,2.0,12
7551,L-21-21,168.0,900.0,2.0,12
7552,K-22-23,136.0,868.0,2.0,12
7552,L-21-21,168.0,900.0,2.0,12
7553,K-22-23,136.0,868.0,2.0,12
7553,L-21-21,168.0,900.0,2.0,12
7554,K-22-23,136.0,868.0,2.0,12
7554,L-21-21,168.0,900.0,2.0,12
7555,K-22-23,136.0,868.0,2.0,4
7555,L-21-21,168.0,900.0,2.0,7
7555,L-19-23,186.0,900.0,2.0,12
7555,K-20-23,186.0,868.0,2.0,2
7556,K-20-23,186.0,868.0,2.0,12
7556,L-19-23,186.0,900.0,2.0,12
7557,K-20-23,186.0,868.0,2.0,12
7557,L-19-23,186.0,900.0,2.0,12
7558,K-20-23,186.0,868.0,2.0,12
7558,L-19-23,186.0,900.0,2.0,12
7559,K-20-23,186.0,868.0,2.0,12
7559,L-19-23,186.0,900.0,2.0,12
7560,K-20-23,186.0,868.0,2.0,12
7560,L-19-23,186.0,900.0,2.0,12
7561,K-20-23,186.0,868.0,2.0,12
7561,L-19-23,186.0,900.0,2.0,12
7562,K-20-23,186.0,868.0,2.0,12
7562,L-19-23,186.0,900.0,2.0,12
7563,K-20-23,186.0,868.0,2.0,12
7563,L-19-23,186.0,900.0,2.0,12
7564,K-20-23,186.0,868.0,2.0,12
7564,L-19-23,186.0,900.0,2.0,12
7565,K-20-23,186.0,868.0,2.0,12
7565,L-19-23,186.0,900.0,2.0,12
7566,K-20-23,186.0,868.0,2.0,7
7566,L-19-23,186.0,900.0,2.0,12
7567,K-18-23,236.0,868.0,2.0,12
7567,K-18-22,252.0,868.0,2.0,11
7567,K-18-21,268.0,868.0,2.0,2
7568,K-18-23,236.0,868.0,2.0,12
7568,K-18-21,268.0,868.0,2.0,12
7569,K-18-23,236.0,868.0,2.0,12
7569,K-18-21,268.0,868.0,2.0,12
7570,K-18-23,236.0,868.0,2.0,12
7570,K-18-21,268.0,868.0,2.0,10
7570,L-17-21,268.0,900.0,2.0,3
7571,K-18-23,236.0,868.0,2.0,12
7571,L-17-21,268.0,900.0,2.0,12
7572,K-18-23,236.0,868.0,2.0,12
7572,L-17-21,268.0,900.0,2.0,12
7573,K-18-23,236.0,868.0,2.0,12
7573,L-17-21,268.0,900.0,2.0,12
7574,K-18-23,236.0,868.0,2.0,12
7574,L-17-21,268.0,900.0,2.0,12
7575,K-18-23,236.0,868.0,2.0,12
7575,L-17-21,268.0,900.0,2.0,7
7575,L-15-23,286.0,900.0,2.0,6
7576,K-18-23,236.0,868.0,2.0,12
7577,K-18-23,236.0,868.0,2.0,12
7578,K-18-23,236.0,868.0,2.0,12
7579,K-18-23,236.0,868.0,2.0,12
7580,K-18-23,236.0,868.0,2.0,12
7581,K-18-23,236.0,868.0,2.0,9
7582,K-16-22,302.0,868.0,2.0,12
7582,K-16-21,318.0,868.0,2.0,12
7583,K-16-22,302.0,868.0,2.0,12
7583,K-16-21,318.0,868.0,2.0,12
7584,K-16-22,302.0,868.0,2.0,12
7584,K-16-21,318.0,868.0,2.0,12
7585,K-16-22,302.0,868.0,2.0,12
7585,K-16-21,318.0,868.0,2.0,12
7586,K-16-22,302.0,868.0,2.0,12
7586,K-16-21,318.0,868.0,2.0,12
7587,K-16-22,302.0,868.0,2.0,3
7587,K-16-21,318.0,868.0,2.0,12
7587,L-15-23,286.0,900.0,2.0,10
7588,K-16-21,318.0,868.0,2.0,12
7588,L-15-23,286.0,900.0,2.0,12
7589,K-16-21,318.0,868.0,2.0,12
7589,L-15-23,286.0,900.0,2.0,12
7590,K-16-21,318.0,868.0,2.0,12
7590,L-15-23,286.0,900.0,2.0,12
7591,K-16-21,318.0,868.0,2.0,12
7591,L-15-23,286.0,900.0,2.0,12
7592,K-16-21,318.0,868.0,2.0,12
7592,L-15-23,286.0,900.0,2.0,12
7593,K-16-21,318.0,868.0,2.0,8
7593,L-15-23,286.0,900.0,2.0,12
7594,J-10-23,434.0,868.0,2.0,12
7594,J-10-22,450.0,868.0,2.0,12
7595,J-10-23,434.0,868.0,2.0,12
7595,J-10-22,450.0,868.0,2.0,12
7596,J-10-23,434.0,868.0,2.0,12
7596,J-10-22,450.0,868.0,2.0,12
7597,J-10-23,434.0,868.0,2.0,12
7597,J-10-22,450.0,868.0,2.0,12
7598,J-10-23,434.0,868.0,2.0,12
7598,J-10-22,450.0,868.0,2.0,9
7598,K-09-22,450.0,900.0,2.0,4
7599,J-10-23,434.0,868.0,2.0,12
7599,K-09-23,434.0,900.0,2.0,8
7599,K-09-22,450.0,900.0,2.0,5
7600,J-10-23,434.0,868.0,2.0,12
7600,K-09-22,450.0,900.0,2.0,12
7601,J-10-23,434.0,868.0,2.0,12
7601,K-09-22,450.0,900.0,2.0,12
7602,J-10-23,434.0,868.0,2.0,12
7602,K-09-22,450.0,900.0,2.0,12
7603,J-10-23,434.0,868.0,2.0,3
7603,K-09-22,450.0,900.0,2.0,12
7603,K-09-21,466.0,900.0,2.0,10
7604,J-08-23,484.0,868.0,2.0,12
7604,J-08-22,500.0,868.0,2.0,12
7605,J-08-23,484.0,868.0,2.0,12
7605,J-08-22,500.0,868.0,2.0,11
7605,J-06-23,534.0,868.0,2.0,2
7606,J-08-23,484.0,868.0,2.0,12
7606,K-07-23,484.0,900.0,2.0,12
7607,J-08-23,484.0,868.0,2.0,12
7607,K-07-23,484.0,900.0,2.0,12
7608,J-08-23,484.0,868.0,2.0,12
7608,K-07-23,484.0,900.0,2.0,12
7609,J-08-23,484.0,868.0,2.0,12
7609,K-07-23,484.0,900.0,2.0,12
7610,J-08-23,484.0,868.0,2.0,12
7610,K-07-23,484.0,900.0,2.0,12
7611,J-08-23,484.0,868.0,2.0,12
7611,K-07-23,484.0,900.0,2.0,12
7612,J-08-23,484.0,868.0,2.0,12
7612,K-07-23,484.0,900.0,2.0,12
7613,J-08-23,484.0,868.0,2.0,9
7613,K-07-23,484.0,900.0,2.0,12
7613,K-09-21,466.0,900.0,2.0,4
7614,J-06-23,534.0,868.0,2.0,12
7614,J-06-22,550.0,868.0,2.0,12
7615,J-06-23,534.0,868.0,2.0,12
7615,J-06-22,550.0,868.0,2.0,3
7615,J-04-23,584.0,868.0,2.0,10
7616,J-06-23,534.0,868.0,2.0,12
7616,K-07-21,516.0,900.0,2.0,12
7617,J-06-23,534.0,868.0,2.0,12
7617,K-07-21,516.0,900.0,2.0,12
7618,J-06-23,534.0,868.0,2.0,12
7618,K-07-21,516.0,900.0,2.0,12
7619,J-06-23,534.0,868.0,2.0,12
7619,K-07-21,516.0,900.0,2.0,12
7620,J-06-23,534.0,868.0,2.0,11
7620,K-07-21,516.0,900.0,2.0,12
7620,K-07-23,484.0,900.0,2.0,2
7621,J-04-23,584.0,868.0,2.0,9
7621,J-04-22,600.0,868.0,2.0,12
7621,K-03-21,616.0,900.0,2.0,4
7622,J-04-22,600.0,868.0,2.0,12
7622,K-03-21,616.0,900.0,2.0,6
7623,J-04-22,600.0,868.0,2.0,2
7624,J-02-21,666.0,868.0,2.0,12
7625,J-02-21,666.0,868.0,2.0,12
7626,J-02-21,666.0,868.0,2.0,12
7627,J-02-21,666.0,868.0,2.0,12
7628,J-02-21,666.0,868.0,2.0,12
7629,J-02-21,666.0,868.0,2.0,12
7630,J-02-21,666.0,868.0,2.0,12
7631,J-02-21,666.0,868.0,2.0,12
7632,J-02-21,666.0,868.0,2.0,6
7633,L-19-23,186.0,900.0,2.0,12
7634,L-19-23,186.0,900.0,2.0,12
7635,L-19-23,186.0,900.0,2.0,12
7636,L-19-23,186.0,900.0,2.0,12
7637,L-19-23,186.0,900.0,2.0,12
7638,L-19-23,186.0,900.0,2.0,11
7639,L-15-23,286.0,900.0,2.0,12
7640,L-15-23,286.0,900.0,2.0,12
7641,L-15-23,286.0,900.0,2.0,12
7642,L-15-23,286.0,900.0,2.0,12
7643,L-15-23,286.0,900.0,2.0,12
7644,L-15-23,286.0,900.0,2.0,12
7645,L-15-23,286.0,900.0,2.0,12
7646,L-15-23,286.0,900.0,2.0,12
7647,L-15-23,286.0,900.0,2.0,12
7648,L-15-23,286.0,900.0,2.0,12
7649,L-15-23,286.0,900.0,2.0,12
7650,L-15-23,286.0,900.0,2.0,12
7651,L-15-23,286.0,900.0,2.0,12
7652,L-15-23,286.0,900.0,2.0,12
7653,L-15-23,286.0,900.0,2.0,12
7654,L-15-23,286.0,900.0,2.0,12
7655,L-15-23,286.0,900.0,2.0,12
7656,L-15-23,286.0,900.0,2.0,12
7657,L-15-23,286.0,900.0,2.0,12
7658,L-15-23,286.0,900.0,2.0,12
7659,L-15-23,286.0,900.0,2.0,12
7660,L-15-23,286.0,900.0,2.0,12
7661,L-15-23,286.0,900.0,2.0,12
7662,L-15-23,286.0,900.0,2.0,12
7663,L-15-23,286.0,900.0,2.0,12
7664,L-15-23,286.0,900.0,2.0,12
7665,L-15-23,286.0,900.0,2.0,12
7666,L-15-23,286.0,900.0,2.0,12
7667,L-15-23,286.0,900.0,2.0,12
7668,L-15-23,286.0,900.0,2.0,5
7669,K-09-22,450.0,900.0,2.0,12
7669,K-09-21,466.0,900.0,2.0,12
7670,K-09-22,450.0,900.0,2.0,5
7670,K-09-21,466.0,900.0,2.0,12
7670,K-07-23,484.0,900.0,2.0,8
7671,K-09-21,466.0,900.0,2.0,12
7671,K-07-23,484.0,900.0,2.0,6
7671,K-07-21,516.0,900.0,2.0,7
7672,K-09-21,466.0,900.0,2.0,12
7672,K-07-21,516.0,900.0,2.0,12
7673,K-09-21,466.0,900.0,2.0,12
7673,K-07-21,516.0,900.0,2.0,12
7674,K-09-21,466.0,900.0,2.0,10
7674,K-07-21,516.0,900.0,2.0,11
7675,L-24-23,86.0,958.0,2.0,12
7675,L-24-21,118.0,958.0,2.0,12
7676,L-24-23,86.0,958.0,2.0,12
7676,L-24-21,118.0,958.0,2.0,12
7677,L-24-23,86.0,958.0,2.0,12
7677,L-24-21,118.0,958.0,2.0,12
7678,L-24-23,86.0,958.0,2.0,12
7678,L-24-21,118.0,958.0,2.0,7
7678,L-22-22,152.0,958.0,2.0,6
7679,L-24-23,86.0,958.0,2.0,12
7679,M-23-23,86.0,990.0,2.0,12
7680,L-24-23,86.0,958.0,2.0,12
7680,M-23-23,86.0,990.0,2.0,12
7681,L-24-23,86.0,958.0,2.0,12
7681,M-23-23,86.0,990.0,2.0,12
7682,L-24-23,86.0,958.0,2.0,6
7682,M-23-23,86.0,990.0,2.0,12
7683,L-22-22,152.0,958.0,2.0,12
7683,M-21-22,152.0,990.0,2.0,7
7683,M-21-21,168.0,990.0,2.0,4
7683,L-20-23,186.0,958.0,2.0,2
7684,L-22-22,152.0,958.0,2.0,12
7684,L-20-23,186.0,958.0,2.0,12
7685,L-22-22,152.0,958.0,2.0,12
7685,L-20-23,186.0,958.0,2.0,12
7686,L-22-22,152.0,958.0,2.0,12
7686,L-20-23,186.0,958.0,2.0,12
7687,L-22-22,152.0,958.0,2.0,12
7687,L-20-23,186.0,958.0,2.0,12
7688,L-22-22,152.0,958.0,2.0,12
7688,L-20-23,186.0,958.0,2.0,12
7689,L-22-22,152.0,958.0,2.0,12
7689,L-20-23,186.0,958.0,2.0,12
7690,L-22-22,152.0,958.0,2.0,9
7690,L-20-23,186.0,958.0,2.0,12
7690,M-19-21,218.0,990.0,2.0,4
7691,L-20-23,186.0,958.0,2.0,12
7691,M-19-21,218.0,990.0,2.0,12
7692,L-20-23,186.0,958.0,2.0,7
7692,M-19-21,218.0,990.0,2.0,12
7692,M-17-22,252.0,990.0,2.0,6
7693,L-18-22,252.0,958.0,2.0,12
7693,M-17-22,252.0,990.0,2.0,12
7694,L-16-23,286.0,958.0,2.0,12
7694,M-15-23,286.0,990.0,2.0,12
7695,L-16-23,286.0,958.0,2.0,12
7695,M-15-23,286.0,990.0,2.0,10
7695,M-17-21,268.0,990.0,2.0,3
7696,L-16-23,286.0,958.0,2.0,12
7696,M-17-21,268.0,990.0,2.0,5
7696,M-17-22,252.0,990.0,2.0,8
7697,L-16-23,286.0,958.0,2.0,12
7697,M-17-22,252.0,990.0,2.0,12
7698,L-16-23,286.0,958.0,2.0,12
7698,M-17-22,252.0,990.0,2.0,12
7699,L-16-23,286.0,958.0,2.0,12
7699,M-17-22,252.0,990.0,2.0,12
7700,L-16-23,286.0,958.0,2.0,12
7700,M-17-22,252.0,990.0,2.0,5
7700,M-19-21,218.0,990.0,2.0,8
7701,L-16-23,286.0,958.0,2.0,12
7702,L-16-23,286.0,958.0,2.0,12
7703,L-16-23,286.0,958.0,2.0,12
7704,L-16-23,286.0,958.0,2.0,12
7705,L-16-23,286.0,958.0,2.0,12
7706,L-16-23,286.0,958.0,2.0,12
7707,L-16-23,286.0,958.0,2.0,12
7708,L-16-23,286.0,958.0,2.0,12
7709,L-16-23,286.0,958.0,2.0,12
7710,L-16-23,286.0,958.0,2.0,12
7711,L-16-23,286.0,958.0,2.0,12
7712,L-16-23,286.0,958.0,2.0,12
7713,L-16-23,286.0,958.0,2.0,12
7714,K-10-23,434.0,958.0,2.0,12
7714,L-09-22,450.0,990.0,2.0,12
7715,K-10-23,434.0,958.0,2.0,12
7715,L-09-22,450.0,990.0,2.0,12
7716,K-10-23,434.0,958.0,2.0,12
7716,L-09-22,450.0,990.0,2.0,2
7716,L-07-23,484.0,990.0,2.0,11
7717,K-10-23,434.0,958.0,2.0,12
7718,K-10-23,434.0,958.0,2.0,12
7719,K-10-23,434.0,958.0,2.0,12
7720,K-10-23,434.0,958.0,2.0,12
7721,K-10-23,434.0,958.0,2.0,12
7722,K-10-23,434.0,958.0,2.0,12
7723,K-10-23,434.0,958.0,2.0,12
7724,K-10-23,434.0,958.0,2.0,12
7725,K-10-23,434.0,958.0,2.0,12
7726,K-10-23,434.0,958.0,2.0,12
7727,K-10-23,434.0,958.0,2.0,12
7728,K-10-23,434.0,958.0,2.0,12
7729,K-10-23,434.0,958.0,2.0,2
7730,K-08-21,516.0,958.0,2.0,12
7730,L-07-21,516.0,990.0,2.0,12
7731,K-08-21,516.0,958.0,2.0,12
7731,L-07-21,516.0,990.0,2.0,12
7732,K-08-21,516.0,958.0,2.0,12
7732,L-07-21,516.0,990.0,2.0,12
7733,K-08-21,516.0,958.0,2.0,12
7733,L-07-21,516.0,990.0,2.0,12
7734,K-08-21,516.0,958.0,2.0,12
7734,L-07-21,516.0,990.0,2.0,12
7735,K-08-21,516.0,958.0,2.0,12
7735,L-07-21,516.0,990.0,2.0,12
7736,K-08-21,516.0,958.0,2.0,12
7736,L-07-21,516.0,990.0,2.0,12
7737,K-08-21,516.0,958.0,2.0,2
7737,L-07-21,516.0,990.0,2.0,12
7737,L-07-22,500.0,990.0,2.0,11
7738,K-06-22,550.0,958.0,2.0,12
7738,K-06-21,566.0,958.0,2.0,12
7739,K-06-22,550.0,958.0,2.0,12
7739,K-06-21,566.0,958.0,2.0,12
7740,K-06-22,550.0,958.0,2.0,12
7740,K-06-21,566.0,958.0,2.0,12
7741,K-06-22,550.0,958.0,2.0,12
7741,K-06-21,566.0,958.0,2.0,12
7742,K-06-22,550.0,958.0,2.0,12
7742,K-06-21,566.0,958.0,2.0,12
7743,K-06-22,550.0,958.0,2.0,12
7743,K-06-21,566.0,958.0,2.0,7
7743,K-04-23,584.0,958.0,2.0,6
7744,K-06-22,550.0,958.0,2.0,12
7744,L-05-22,550.0,990.0,2.0,12
7745,K-06-22,550.0,958.0,2.0,12
7745,L-05-22,550.0,990.0,2.0,12
7746,K-06-22,550.0,958.0,2.0,12
7746,L-05-22,550.0,990.0,2.0,12
7747,K-06-22,550.0,958.0,2.0,12
7747,L-05-22,550.0,990.0,2.0,12
7748,K-06-22,550.0,958.0,2.0,12
7748,L-05-22,550.0,990.0,2.0,12
7749,K-06-22,550.0,958.0,2.0,12
7749,L-05-22,550.0,990.0,2.0,12
7750,K-06-22,550.0,958.0,2.0,12
7750,L-05-22,550.0,990.0,2.0,12
7751,K-06-22,550.0,958.0,2.0,12
7751,L-05-22,550.0,990.0,2.0,12
7752,K-06-22,550.0,958.0,2.0,12
7752,L-05-22,550.0,990.0,2.0,12
7753,K-06-22,550.0,958.0,2.0,2
7753,L-05-22,550.0,990.0,2.0,12
7753,L-05-23,534.0,990.0,2.0,11
7754,K-04-23,584.0,958.0,2.0,11
7754,K-04-21,616.0,958.0,2.0,12
7754,L-03-21,616.0,990.0,2.0,2
7755,K-04-21,616.0,958.0,2.0,12
7755,L-03-21,616.0,990.0,2.0,11
7755,L-03-22,600.0,990.0,2.0,2
7756,K-04-21,616.0,958.0,2.0,12
7756,L-03-22,600.0,990.0,2.0,12
7757,K-04-21,616.0,958.0,2.0,10
7757,L-03-22,600.0,990.0,2.0,3
7757,L-03-23,584.0,990.0,2.0,12
7758,K-02-21,666.0,958.0,2.0,12
7758,L-01-21,666.0,990.0,2.0,12
7759,K-02-21,666.0,958.0,2.0,12
7759,L-01-21,666.0,990.0,2.0,12
7760,K-02-21,666.0,958.0,2.0,12
7760,L-01-21,666.0,990.0,2.0,12
7761,K-02-21,666.0,958.0,2.0,12
7761,L-01-21,666.0,990.0,2.0,12
7762,K-02-21,666.0,958.0,2.0,12
7762,L-01-21,666.0,990.0,2.0,11
7762,L-01-22,650.0,990.0,2.0,2
7763,K-02-21,666.0,958.0,2.0,12
7763,L-01-22,650.0,990.0,2.0,12
7764,K-02-21,666.0,958.0,2.0,12
7764,L-01-22,650.0,990.0,2.0,12
7765,K-02-21,666.0,958.0,2.0,12
7765,L-01-22,650.0,990.0,2.0,12
7766,K-02-21,666.0,958.0,2.0,12
7766,L-01-22,650.0,990.0,2.0,12
7767,K-02-21,666.0,958.0,2.0,12
7767,L-01-22,650.0,990.0,2.0,12
7768,K-02-21,666.0,958.0,2.0,12
7768,L-01-22,650.0,990.0,2.0,12
7769,K-02-21,666.0,958.0,2.0,12
7769,L-01-22,650.0,990.0,2.0,2
7770,K-02-21,666.0,958.0,2.0,10
7771,M-23-23,86.0,990.0,2.0,12
7772,M-23-23,86.0,990.0,2.0,12
7773,M-23-23,86.0,990.0,2.0,12
7774,M-23-23,86.0,990.0,2.0,12
7775,M-23-23,86.0,990.0,2.0,12
7776,M-23-23,86.0,990.0,2.0,12
7777,M-23-23,86.0,990.0,2.0,12
7778,M-23-23,86.0,990.0,2.0,12
7779,M-23-23,86.0,990.0,2.0,12
7780,M-23-23,86.0,990.0,2.0,12
7781,M-23-23,86.0,990.0,2.0,12
7782,M-23-23,86.0,990.0,2.0,12
7783,M-23-23,86.0,990.0,2.0,12
7784,M-23-23,86.0,990.0,2.0,12
7785,M-23-23,86.0,990.0,2.0,12
7786,M-19-21,218.0,990.0,2.0,12
7787,M-19-21,218.0,990.0,2.0,10
7788,M-13-22,352.0,990.0,2.0,12
7789,M-13-22,352.0,990.0,2.0,12
7790,M-13-22,352.0,990.0,2.0,12
7791,M-13-22,352.0,990.0,2.0,12
7792,M-13-22,352.0,990.0,2.0,1
7793,L-07-23,484.0,990.0,2.0,12
7793,L-07-22,500.0,990.0,2.0,12
7794,L-07-23,484.0,990.0,2.0,12
7794,L-07-22,500.0,990.0,2.0,12
7795,L-07-23,484.0,990.0,2.0,12
7795,L-07-22,500.0,990.0,2.0,12
7796,L-07-23,484.0,990.0,2.0,12
7796,L-07-22,500.0,990.0,2.0,12
7797,L-07-22,500.0,990.0,2.0,12
7797,L-07-21,516.0,990.0,2.0,12
7798,L-07-22,500.0,990.0,2.0,8
7798,L-07-21,516.0,990.0,2.0,12
7798,L-05-23,534.0,990.0,2.0,5
7799,L-07-21,516.0,990.0,2.0,5
7799,L-05-23,534.0,990.0,2.0,12
7799,L-05-22,550.0,990.0,2.0,8
7800,L-05-23,534.0,990.0,2.0,12
7800,L-05-22,550.0,990.0,2.0,1
7800,L-05-21,566.0,990.0,2.0,12
7801,L-05-23,534.0,990.0,2.0,12
7801,L-05-21,566.0,990.0,2.0,12
7802,L-05-23,534.0,990.0,2.0,12
7802,L-05-21,566.0,990.0,2.0,12
7803,L-05-23,534.0,990.0,2.0,6
7803,L-05-21,566.0,990.0,2.0,12
7803,L-03-23,584.0,990.0,2.0,7
7804,L-05-21,566.0,990.0,2.0,12
7804,L-03-23,584.0,990.0,2.0,11
7805,L-05-21,566.0,990.0,2.0,12
7806,L-05-21,566.0,990.0,2.0,12
7807,L-05-21,566.0,990.0,2.0,12
7808,L-05-21,566.0,990.0,2.0,12
7809,L-05-21,566.0,990.0,2.0,12
7810,L-05-21,566.0,990.0,2.0,12
7811,L-05-21,566.0,990.0,2.0,2
7812,M-24-23,86.0,1048.0,2.0,12
7812,N-23-23,86.0,1080.0,2.0,5
7813,M-24-23,86.0,1048.0,2.0,12
7814,M-24-23,86.0,1048.0,2.0,12
7815,M-24-23,86.0,1048.0,2.0,12
7816,M-24-23,86.0,1048.0,2.0,12
7817,M-24-23,86.0,1048.0,2.0,12
7818,M-24-23,86.0,1048.0,2.0,12
7819,M-24-23,86.0,1048.0,2.0,12
7820,M-24-23,86.0,1048.0,2.0,12
7821,M-24-23,86.0,1048.0,2.0,12
7822,M-24-23,86.0,1048.0,2.0,12
7823,M-24-23,86.0,1048.0,2.0,12
7824,M-24-23,86.0,1048.0,2.0,7
7825,M-20-23,186.0,1048.0,2.0,12
7825,N-19-23,186.0,1080.0,2.0,12
7826,M-20-23,186.0,1048.0,2.0,12
7826,N-19-23,186.0,1080.0,2.0,9
7826,N-21-21,168.0,1080.0,2.0,4
7827,M-20-23,186.0,1048.0,2.0,12
7827,N-21-21,168.0,1080.0,2.0,12
7828,M-20-23,186.0,1048.0,2.0,12
7828,N-21-21,168.0,1080.0,2.0,12
7829,M-20-23,186.0,1048.0,2.0,12
7829,N-21-21,168.0,1080.0,2.0,12
7830,M-20-23,186.0,1048.0,2.0,12
7830,N-21-21,168.0,1080.0,2.0,12
7831,M-20-23,186.0,1048.0,2.0,12
7831,N-21-21,168.0,1080.0,2.0,12
7832,M-20-23,186.0,1048.0,2.0,12
7832,N-21-21,168.0,1080.0,2.0,12
7833,M-20-23,186.0,1048.0,2.0,12
7833,N-21-21,168.0,1080.0,2.0,1
7834,M-20-23,186.0,1048.0,2.0,12
7835,M-20-23,186.0,1048.0,2.0,12
7836,M-20-23,186.0,1048.0,2.0,12
7837,M-20-23,186.0,1048.0,2.0,12
7838,M-20-23,186.0,1048.0,2.0,12
7839,M-20-23,186.0,1048.0,2.0,12
7840,M-20-23,186.0,1048.0,2.0,12
7841,M-20-23,186.0,1048.0,2.0,12
7842,M-20-23,186.0,1048.0,2.0,12
7843,M-20-23,186.0,1048.0,2.0,12
7844,M-20-23,186.0,1048.0,2.0,12
7845,M-16-23,286.0,1048.0,2.0,12
7845,N-15-23,286.0,1080.0,2.0,12
7846,M-16-23,286.0,1048.0,2.0,12
7846,N-15-23,286.0,1080.0,2.0,12
7847,M-16-23,286.0,1048.0,2.0,12
7847,N-15-23,286.0,1080.0,2.0,12
7848,M-16-23,286.0,1048.0,2.0,12
7848,N-15-23,286.0,1080.0,2.0,2
7848,N-17-21,268.0,1080.0,2.0,9
7848,N-17-23,236.0,1080.0,2.0,2
7849,M-16-23,286.0,1048.0,2.0,12
7850,M-16-23,286.0,1048.0,2.0,12
7851,M-16-23,286.0,1048.0,2.0,12
7852,M-16-23,286.0,1048.0,2.0,12
7853,M-16-23,286.0,1048.0,2.0,12
7854,M-16-23,286.0,1048.0,2.0,12
7855,M-16-23,286.0,1048.0,2.0,12
7856,M-16-23,286.0,1048.0,2.0,12
7857,M-16-23,286.0,1048.0,2.0,12
7858,M-16-23,286.0,1048.0,2.0,12
7859,M-16-23,286.0,1048.0,2.0,12
7860,M-16-23,286.0,1048.0,2.0,12
7861,M-16-23,286.0,1048.0,2.0,12
7862,M-16-23,286.0,1048.0,2.0,12
7863,M-16-23,286.0,1048.0,2.0,12
7864,M-14-21,368.0,1048.0,2.0,2
7864,N-13-22,352.0,1080.0,2.0,12
7865,L-10-23,434.0,1048.0,2.0,9
7865,L-10-21,466.0,1048.0,2.0,12
7865,L-08-23,484.0,1048.0,2.0,4
7866,L-10-21,466.0,1048.0,2.0,12
7866,L-08-23,484.0,1048.0,2.0,12
7867,L-10-21,466.0,1048.0,2.0,12
7867,L-08-23,484.0,1048.0,2.0,12
7868,L-10-21,466.0,1048.0,2.0,12
7868,L-08-23,484.0,1048.0,2.0,12
7869,L-10-21,466.0,1048.0,2.0,7
7869,L-08-23,484.0,1048.0,2.0,12
7869,L-08-21,516.0,1048.0,2.0,6
7870,L-08-23,484.0,1048.0,2.0,12
7870,L-08-21,516.0,1048.0,2.0,12
7871,L-08-23,484.0,1048.0,2.0,12
7871,L-08-21,516.0,1048.0,2.0,12
7872,L-08-23,484.0,1048.0,2.0,12
7872,L-08-21,516.0,1048.0,2.0,12
7873,L-08-23,484.0,1048.0,2.0,12
7873,L-08-21,516.0,1048.0,2.0,12
7874,L-08-23,484.0,1048.0,2.0,1
7874,L-08-21,516.0,1048.0,2.0,12
7874,L-06-23,534.0,1048.0,2.0,12
7875,L-08-21,516.0,1048.0,2.0,11
7875,L-06-23,534.0,1048.0,2.0,12
7875,L-06-22,550.0,1048.0,2.0,2
7876,L-06-23,534.0,1048.0,2.0,12
7876,L-06-22,550.0,1048.0,2.0,12
7877,L-06-23,534.0,1048.0,2.0,12
7877,L-06-22,550.0,1048.0,2.0,12
7878,L-06-23,534.0,1048.0,2.0,4
7878,L-06-22,550.0,1048.0,2.0,12
7878,L-06-21,566.0,1048.0,2.0,9
7879,L-06-22,550.0,1048.0,2.0,12
7879,L-06-21,566.0,1048.0,2.0,8
7879,L-04-23,584.0,1048.0,2.0,5
7880,L-06-22,550.0,1048.0,2.0,10
7880,M-05-22,550.0,1080.0,2.0,12
7880,M-05-23,534.0,1080.0,2.0,3
7881,L-04-23,584.0,1048.0,2.0,4
7881,M-03-23,584.0,1080.0,2.0,12
7881,M-03-22,600.0,1080.0,2.0,9
7882,L-02-23,634.0,1048.0,2.0,12
7882,L-02-21,666.0,1048.0,2.0,12
7883,L-02-23,634.0,1048.0,2.0,5
7883,L-02-21,666.0,1048.0,2.0,12
7884,L-02-21,666.0,1048.0,2.0,12
7885,L-02-21,666.0,1048.0,2.0,12
7886,L-02-21,666.0,1048.0,2.0,12
7887,L-02-21,666.0,1048.0,2.0,12
7888,L-02-21,666.0,1048.0,2.0,12
7889,L-02-21,666.0,1048.0,2.0,12
7890,L-02-21,666.0,1048.0,2.0,12
7891,L-02-21,666.0,1048.0,2.0,12
7892,L-02-21,666.0,1048.0,2.0,12
7893,L-02-21,666.0,1048.0,2.0,9
7894,N-17-23,236.0,1080.0,2.0,12
7895,N-17-23,236.0,1080.0,2.0,12
7896,N-17-23,236.0,1080.0,2.0,12
7897,N-17-23,236.0,1080.0,2.0,11
7898,N-13-22,352.0,1080.0,2.0,12
7899,N-13-22,352.0,1080.0,2.0,12
7900,N-13-22,352.0,1080.0,2.0,12
7901,N-13-22,352.0,1080.0,2.0,6
7902,M-09-23,434.0,1080.0,2.0,12
7903,M-09-23,434.0,1080.0,2.0,3
7904,M-07-22,500.0,1080.0,2.0,12
7904,M-07-21,516.0,1080.0,2.0,7
7904,M-05-23,534.0,1080.0,2.0,6
7905,M-07-22,500.0,1080.0,2.0,12
7905,M-05-23,534.0,1080.0,2.0,12
7906,M-07-22,500.0,1080.0,2.0,12
7906,M-05-23,534.0,1080.0,2.0,12
7907,M-07-22,500.0,1080.0,2.0,12
7907,M-05-23,534.0,1080.0,2.0,12
7908,M-07-22,500.0,1080.0,2.0,12
7908,M-05-23,534.0,1080.0,2.0,12
7909,M-07-22,500.0,1080.0,2.0,2
7909,M-05-23,534.0,1080.0,2.0,12
7909,M-05-22,550.0,1080.0,2.0,11
7910,M-05-23,534.0,1080.0,2.0,6
7910,M-05-22,550.0,1080.0,2.0,12
7910,M-05-21,566.0,1080.0,2.0,7
7911,M-05-22,550.0,1080.0,2.0,12
7911,M-05-21,566.0,1080.0,2.0,12
7912,M-05-22,550.0,1080.0,2.0,12
7912,M-05-21,566.0,1080.0,2.0,12
7913,M-05-22,550.0,1080.0,2.0,7
7913,M-05-21,566.0,1080.0,2.0,12
7913,M-03-23,584.0,1080.0,2.0,6
7914,M-05-21,566.0,1080.0,2.0,12
7914,M-03-23,584.0,1080.0,2.0,12
7915,M-05-21,566.0,1080.0,2.0,5
7915,M-03-23,584.0,1080.0,2.0,12
7915,M-03-22,600.0,1080.0,2.0,8
7916,M-03-23,584.0,1080.0,2.0,8
7916,M-03-22,600.0,1080.0,2.0,1
7917,N-22-21,168.0,1138.0,2.0,12
7917,O-21-21,168.0,1170.0,2.0,12
7918,N-22-21,168.0,1138.0,2.0,12
7918,O-21-21,168.0,1170.0,2.0,7
7918,N-20-22,202.0,1138.0,2.0,6
7919,N-22-21,168.0,1138.0,2.0,12
7919,N-20-22,202.0,1138.0,2.0,12
7920,N-22-21,168.0,1138.0,2.0,10
7920,N-20-22,202.0,1138.0,2.0,10
7920,N-20-21,218.0,1138.0,2.0,5
7921,N-20-21,218.0,1138.0,2.0,12
7921,O-19-21,218.0,1170.0,2.0,12
7922,N-20-21,218.0,1138.0,2.0,4
7922,O-19-21,218.0,1170.0,2.0,7
7922,O-17-21,268.0,1170.0,2.0,12
7922,N-16-23,286.0,1138.0,2.0,2
7923,N-16-23,286.0,1138.0,2.0,12
7923,O-17-21,268.0,1170.0,2.0,12
7924,N-16-23,286.0,1138.0,2.0,12
7924,O-17-21,268.0,1170.0,2.0,12
7925,N-16-23,286.0,1138.0,2.0,12
7925,O-17-21,268.0,1170.0,2.0,10
7926,N-16-23,286.0,1138.0,2.0,12
7927,N-16-23,286.0,1138.0,2.0,12
7928,N-16-23,286.0,1138.0,2.0,6
7929,M-10-23,434.0,1138.0,2.0,12
7929,N-09-23,434.0,1170.0,2.0,12
7930,M-10-23,434.0,1138.0,2.0,12
7930,N-09-23,434.0,1170.0,2.0,12
7931,M-10-23,434.0,1138.0,2.0,12
7931,N-09-23,434.0,1170.0,2.0,12
7932,M-10-23,434.0,1138.0,2.0,4
7932,N-09-23,434.0,1170.0,2.0,12
7932,N-09-21,466.0,1170.0,2.0,3
7933,M-06-23,534.0,1138.0,2.0,12
7933,M-06-21,566.0,1138.0,2.0,12
7934,M-06-23,534.0,1138.0,2.0,12
7934,M-06-21,566.0,1138.0,2.0,12
7935,M-06-23,534.0,1138.0,2.0,12
7935,M-06-21,566.0,1138.0,2.0,12
7936,M-06-23,534.0,1138.0,2.0,12
7936,M-06-21,566.0,1138.0,2.0,12
7937,M-06-23,534.0,1138.0,2.0,12
7937,M-06-21,566.0,1138.0,2.0,12
7938,M-06-23,534.0,1138.0,2.0,12
7938,M-06-21,566.0,1138.0,2.0,12
7939,M-06-23,534.0,1138.0,2.0,12
7939,M-06-21,566.0,1138.0,2.0,12
7940,M-06-23,534.0,1138.0,2.0,12
7940,M-06-21,566.0,1138.0,2.0,4
7940,N-05-21,566.0,1170.0,2.0,9
7941,M-06-23,534.0,1138.0,2.0,12
7941,N-05-21,566.0,1170.0,2.0,12
7942,M-06-23,534.0,1138.0,2.0,12
7942,N-05-21,566.0,1170.0,2.0,3
7942,N-03-23,584.0,1170.0,2.0,10
7943,M-06-23,534.0,1138.0,2.0,12
7944,M-06-23,534.0,1138.0,2.0,12
7945,M-06-23,534.0,1138.0,2.0,12
7946,M-06-23,534.0,1138.0,2.0,12
7947,M-06-23,534.0,1138.0,2.0,12
7948,M-06-23,534.0,1138.0,2.0,12
7949,M-06-23,534.0,1138.0,2.0,12
7950,M-06-23,534.0,1138.0,2.0,12
7951,M-06-23,534.0,1138.0,2.0,12
7952,M-06-23,534.0,1138.0,2.0,12
7953,M-06-23,534.0,1138.0,2.0,12
7954,M-04-22,600.0,1138.0,2.0,8
7954,M-04-21,616.0,1138.0,2.0,12
7954,N-03-21,616.0,1170.0,2.0,5
7955,M-04-21,616.0,1138.0,2.0,12
7955,N-03-21,616.0,1170.0,2.0,12
7956,M-04-21,616.0,1138.0,2.0,12
7956,N-03-21,616.0,1170.0,2.0,5
7956,N-03-22,600.0,1170.0,2.0,8
7957,M-04-21,616.0,1138.0,2.0,12
7957,N-03-22,600.0,1170.0,2.0,12
7958,M-04-21,616.0,1138.0,2.0,12
7958,N-03-22,600.0,1170.0,2.0,12
7959,M-04-21,616.0,1138.0,2.0,12
7959,N-03-22,600.0,1170.0,2.0,2
7959,N-03-23,584.0,1170.0,2.0,6
7959,N-01-23,634.0,1170.0,2.0,5
7960,M-04-21,616.0,1138.0,2.0,12
7960,N-01-23,634.0,1170.0,2.0,12
7961,M-04-21,616.0,1138.0,2.0,12
7961,N-01-23,634.0,1170.0,2.0,12
7962,M-04-21,616.0,1138.0,2.0,12
7962,N-01-23,634.0,1170.0,2.0,1
7962,N-01-21,666.0,1170.0,2.0,12
7963,M-04-21,616.0,1138.0,2.0,12
7964,M-04-21,616.0,1138.0,2.0,12
7965,M-04-21,616.0,1138.0,2.0,4
7966,O-13-23,336.0,1170.0,2.0,3
7967,N-09-23,434.0,1170.0,2.0,12
7968,N-09-23,434.0,1170.0,2.0,12
7969,N-09-23,434.0,1170.0,2.0,12
7970,N-09-23,434.0,1170.0,2.0,12
7971,N-09-23,434.0,1170.0,2.0,12
7972,N-09-23,434.0,1170.0,2.0,2
7973,N-01-21,666.0,1170.0,2.0,12
7974,N-01-21,666.0,1170.0,2.0,12
7975,N-01-21,666.0,1170.0,2.0,12
7976,N-01-21,666.0,1170.0,2.0,12
7977,N-01-21,666.0,1170.0,2.0,12
7978,N-01-21,666.0,1170.0,2.0,12
7979,N-01-21,666.0,1170.0,2.0,12
7980,N-01-21,666.0,1170.0,2.0,12
7981,O-24-21,118.0,1228.0,2.0,12
7981,O-22-22,152.0,1228.0,2.0,12
7982,O-24-21,118.0,1228.0,2.0,12
7982,O-22-22,152.0,1228.0,2.0,12
7983,O-24-21,118.0,1228.0,2.0,12
7983,O-22-22,152.0,1228.0,2.0,12
7984,O-24-21,118.0,1228.0,2.0,12
7984,O-22-22,152.0,1228.0,2.0,12
7985,O-24-21,118.0,1228.0,2.0,12
7985,O-22-22,152.0,1228.0,2.0,7
7985,P-21-23,136.0,1260.0,2.0,6
7986,O-24-21,118.0,1228.0,2.0,12
7986,P-21-23,136.0,1260.0,2.0,12
7987,O-24-21,118.0,1228.0,2.0,12
7987,P-21-23,136.0,1260.0,2.0,12
7988,O-24-21,118.0,1228.0,2.0,12
7988,P-21-23,136.0,1260.0,2.0,12
7989,O-24-21,118.0,1228.0,2.0,12
7989,P-21-23,136.0,1260.0,2.0,10
7989,P-21-21,168.0,1260.0,2.0,3
7990,O-24-21,118.0,1228.0,2.0,2
7991,O-18-22,252.0,1228.0,2.0,12
7991,O-18-21,268.0,1228.0,2.0,12
7992,O-18-22,252.0,1228.0,2.0,12
7992,O-18-21,268.0,1228.0,2.0,12
7993,O-18-22,252.0,1228.0,2.0,10
7993,O-18-21,268.0,1228.0,2.0,11
7993,P-17-21,268.0,1260.0,2.0,4
7994,N-10-23,434.0,1228.0,2.0,12
7994,N-10-21,466.0,1228.0,2.0,12
7995,N-10-23,434.0,1228.0,2.0,12
7995,N-10-21,466.0,1228.0,2.0,2
7995,N-08-22,500.0,1228.0,2.0,11
7996,N-10-23,434.0,1228.0,2.0,12
7996,O-09-23,434.0,1260.0,2.0,12
7997,N-10-23,434.0,1228.0,2.0,10
7997,O-09-23,434.0,1260.0,2.0,12
7997,O-09-22,450.0,1260.0,2.0,3
7998,N-08-22,500.0,1228.0,2.0,12
7998,N-08-21,516.0,1228.0,2.0,9
7998,N-06-23,534.0,1228.0,2.0,4
7999,N-08-22,500.0,1228.0,2.0,12
7999,N-06-23,534.0,1228.0,2.0,12
8000,N-08-22,500.0,1228.0,2.0,12
8000,N-06-23,534.0,1228.0,2.0,12
8001,N-08-22,500.0,1228.0,2.0,12
8001,N-06-23,534.0,1228.0,2.0,10
8001,N-06-22,550.0,1228.0,2.0,3
8002,N-08-22,500.0,1228.0,2.0,2
8002,O-05-23,534.0,1260.0,2.0,11
8002,O-05-22,550.0,1260.0,2.0,12
8003,N-06-22,550.0,1228.0,2.0,12
8003,N-06-21,566.0,1228.0,2.0,12
8004,N-06-22,550.0,1228.0,2.0,12
8004,N-06-21,566.0,1228.0,2.0,12
8005,N-06-22,550.0,1228.0,2.0,12
8005,N-06-21,566.0,1228.0,2.0,12
8006,N-06-22,550.0,1228.0,2.0,12
8006,N-06-21,566.0,1228.0,2.0,12
8007,N-06-22,550.0,1228.0,2.0,12
8007,N-06-21,566.0,1228.0,2.0,12
8008,N-06-22,550.0,1228.0,2.0,12
8008,N-06-21,566.0,1228.0,2.0,12
8009,N-06-22,550.0,1228.0,2.0,12
8009,N-06-21,566.0,1228.0,2.0,12
8010,N-06-22,550.0,1228.0,2.0,12
8010,N-06-21,566.0,1228.0,2.0,12
8011,N-06-22,550.0,1228.0,2.0,11
8011,N-06-21,566.0,1228.0,2.0,12
8011,N-04-23,584.0,1228.0,2.0,2
8012,N-06-21,566.0,1228.0,2.0,12
8012,N-04-23,584.0,1228.0,2.0,2
8012,N-04-22,600.0,1228.0,2.0,11
8013,N-06-21,566.0,1228.0,2.0,12
8013,O-05-21,566.0,1260.0,2.0,2
8013,O-05-22,550.0,1260.0,2.0,11
8014,N-06-21,566.0,1228.0,2.0,12
8014,N-04-22,600.0,1228.0,2.0,12
8015,N-06-21,566.0,1228.0,2.0,12
8015,N-04-22,600.0,1228.0,2.0,4
8015,N-04-21,616.0,1228.0,2.0,9
8016,N-06-21,566.0,1228.0,2.0,12
8016,O-05-22,550.0,1260.0,2.0,12
8017,N-06-21,566.0,1228.0,2.0,4
8017,O-05-22,550.0,1260.0,2.0,12
8017,O-03-23,584.0,1260.0,2.0,9
8018,N-04-21,616.0,1228.0,2.0,2
8018,O-03-21,616.0,1260.0,2.0,12
8018,O-03-22,600.0,1260.0,2.0,11
8019,P-21-21,168.0,1260.0,2.0,12
8019,P-19-22,202.0,1260.0,2.0,12
8020,P-21-21,168.0,1260.0,2.0,12
8020,P-19-22,202.0,1260.0,2.0,11
8020,P-17-23,236.0,1260.0,2.0,2
8021,P-21-21,168.0,1260.0,2.0,12
8022,P-21-21,168.0,1260.0,2.0,12
8023,P-21-21,168.0,1260.0,2.0,12
8024,P-21-21,168.0,1260.0,2.0,12
8025,P-21-21,168.0,1260.0,2.0,12
8026,P-21-21,168.0,1260.0,2.0,12
8027,P-21-21,168.0,1260.0,2.0,12
8028,P-21-21,168.0,1260.0,2.0,12
8029,P-21-21,168.0,1260.0,2.0,12
8030,P-21-21,168.0,1260.0,2.0,12
8031,P-21-21,168.0,1260.0,2.0,2
8032,P-17-23,236.0,1260.0,2.0,12
8032,P-17-21,268.0,1260.0,2.0,12
8033,P-17-23,236.0,1260.0,2.0,2
8033,P-17-21,268.0,1260.0,2.0,12
8034,P-17-21,268.0,1260.0,2.0,12
8035,P-17-21,268.0,1260.0,2.0,12
8036,P-17-21,268.0,1260.0,2.0,12
8037,P-17-21,268.0,1260.0,2.0,12
8038,P-17-21,268.0,1260.0,2.0,2
8039,P-13-21,368.0,1260.0,2.0,12
8040,P-13-21,368.0,1260.0,2.0,12
8041,P-13-21,368.0,1260.0,2.0,12
8042,P-13-21,368.0,1260.0,2.0,12
8043,P-13-21,368.0,1260.0,2.0,12
8044,P-13-21,368.0,1260.0,2.0,12
8045,P-13-21,368.0,1260.0,2.0,12
8046,P-13-21,368.0,1260.0,2.0,12
8047,P-13-21,368.0,1260.0,2.0,12
8048,P-13-21,368.0,1260.0,2.0,5
8049,O-09-23,434.0,1260.0,2.0,12
8049,O-09-22,450.0,1260.0,2.0,1
8050,O-09-23,434.0,1260.0,2.0,12
8051,O-09-23,434.0,1260.0,2.0,12
8052,O-09-23,434.0,1260.0,2.0,12
8053,O-09-23,434.0,1260.0,2.0,12
8054,O-09-23,434.0,1260.0,2.0,12
8055,O-09-23,434.0,1260.0,2.0,12
8056,O-09-23,434.0,1260.0,2.0,12
8057,O-09-23,434.0,1260.0,2.0,6
8058,O-05-22,550.0,1260.0,2.0,12
8058,O-03-23,584.0,1260.0,2.0,12
8059,O-05-22,550.0,1260.0,2.0,12
8059,O-03-23,584.0,1260.0,2.0,12
8060,O-05-22,550.0,1260.0,2.0,12
8060,O-03-23,584.0,1260.0,2.0,12
8061,O-05-22,550.0,1260.0,2.0,12
8061,O-03-23,584.0,1260.0,2.0,12
8062,O-05-22,550.0,1260.0,2.0,12
8062,O-03-23,584.0,1260.0,2.0,9
8062,O-03-22,600.0,1260.0,2.0,4
8063,O-05-22,550.0,1260.0,2.0,12
8063,O-03-22,600.0,1260.0,2.0,12
8064,O-05-22,550.0,1260.0,2.0,12
8064,O-03-22,600.0,1260.0,2.0,12
8065,O-05-22,550.0,1260.0,2.0,12
8065,O-03-22,600.0,1260.0,2.0,5
8065,O-03-21,616.0,1260.0,2.0,8
8066,O-05-22,550.0,1260.0,2.0,3
8067,O-03-21,616.0,1260.0,2.0,12
8068,O-03-21,616.0,1260.0,2.0,12
8069,O-03-21,616.0,1260.0,2.0,4
8070,P-24-23,86.0,1318.0,2.0,1
8070,Q-23-21,118.0,1350.0,2.0,2
8071,P-22-21,168.0,1318.0,2.0,12
8072,P-22-21,168.0,1318.0,2.0,12
8073,P-22-21,168.0,1318.0,2.0,12
8074,P-22-21,168.0,1318.0,2.0,12
8075,P-22-21,168.0,1318.0,2.0,6
8076,P-16-22,302.0,1318.0,2.0,12
8076,P-16-21,318.0,1318.0,2.0,12
8077,P-16-22,302.0,1318.0,2.0,12
8077,P-16-21,318.0,1318.0,2.0,9
8077,P-14-23,336.0,1318.0,2.0,4
8078,P-16-22,302.0,1318.0,2.0,5
8078,P-14-23,336.0,1318.0,2.0,4
8078,P-14-21,368.0,1318.0,2.0,12
8078,Q-13-21,368.0,1350.0,2.0,4
8079,P-14-21,368.0,1318.0,2.0,12
8079,Q-13-21,368.0,1350.0,2.0,12
8080,P-14-21,368.0,1318.0,2.0,12
8080,Q-13-21,368.0,1350.0,2.0,3
8081,P-14-21,368.0,1318.0,2.0,12
8082,P-14-21,368.0,1318.0,2.0,12
8083,P-14-21,368.0,1318.0,2.0,12
8084,P-14-21,368.0,1318.0,2.0,12
8085,P-14-21,368.0,1318.0,2.0,12
8086,P-14-21,368.0,1318.0,2.0,12
8087,P-14-21,368.0,1318.0,2.0,12
8088,P-14-21,368.0,1318.0,2.0,12
8089,P-14-21,368.0,1318.0,2.0,12
8090,P-14-21,368.0,1318.0,2.0,12
8091,P-14-21,368.0,1318.0,2.0,12
8092,P-14-21,368.0,1318.0,2.0,12
8093,P-14-21,368.0,1318.0,2.0,12
8094,P-14-21,368.0,1318.0,2.0,12
8095,P-14-21,368.0,1318.0,2.0,12
8096,P-14-21,368.0,1318.0,2.0,12
8097,P-14-21,368.0,1318.0,2.0,7
8098,O-10-22,450.0,1318.0,2.0,12
8098,P-09-21,466.0,1350.0,2.0,12
8099,O-10-22,450.0,1318.0,2.0,11
8099,P-09-21,466.0,1350.0,2.0,12
8099,O-08-22,500.0,1318.0,2.0,2
8100,O-08-22,500.0,1318.0,2.0,12
8100,O-08-21,516.0,1318.0,2.0,12
8101,O-08-22,500.0,1318.0,2.0,12
8101,O-08-21,516.0,1318.0,2.0,12
8102,O-08-22,500.0,1318.0,2.0,12
8102,O-08-21,516.0,1318.0,2.0,12
8103,O-08-22,500.0,1318.0,2.0,12
8103,O-08-21,516.0,1318.0,2.0,12
8104,O-08-22,500.0,1318.0,2.0,12
8104,O-08-21,516.0,1318.0,2.0,7
8104,P-07-21,516.0,1350.0,2.0,6
8105,O-06-22,550.0,1318.0,2.0,12
8105,P-07-21,516.0,1350.0,2.0,12
8106,O-06-22,550.0,1318.0,2.0,12
8106,P-07-21,516.0,1350.0,2.0,12
8107,O-06-22,550.0,1318.0,2.0,12
8107,P-07-21,516.0,1350.0,2.0,12
8108,O-06-22,550.0,1318.0,2.0,12
8108,P-07-21,516.0,1350.0,2.0,12
8109,O-06-22,550.0,1318.0,2.0,12
8109,P-07-21,516.0,1350.0,2.0,12
8110,O-06-22,550.0,1318.0,2.0,12
8110,P-07-21,516.0,1350.0,2.0,12
8111,O-06-22,550.0,1318.0,2.0,12
8111,P-07-21,516.0,1350.0,2.0,3
8111,P-09-21,466.0,1350.0,2.0,10
8112,O-06-22,550.0,1318.0,2.0,12
8113,O-06-22,550.0,1318.0,2.0,12
8114,O-06-22,550.0,1318.0,2.0,12
8115,O-06-22,550.0,1318.0,2.0,12
8116,O-06-22,550.0,1318.0,2.0,12
8117,O-06-22,550.0,1318.0,2.0,10
8118,P-09-21,466.0,1350.0,2.0,12
8119,P-09-21,466.0,1350.0,2.0,12
8120,P-09-21,466.0,1350.0,2.0,12
8121,P-09-21,466.0,1350.0,2.0,12
8122,P-09-21,466.0,1350.0,2.0,12
8123,P-09-21,466.0,1350.0,2.0,12
8124,P-09-21,466.0,1350.0,2.0,12
8125,P-09-21,466.0,1350.0,2.0,12
8126,P-09-21,466.0,1350.0,2.0,12
8127,P-09-21,466.0,1350.0,2.0,3
8128,P-03-22,600.0,1350.0,2.0,7
8128,P-03-21,616.0,1350.0,2.0,12
8129,P-03-21,616.0,1350.0,2.0,12
8130,P-03-21,616.0,1350.0,2.0,12
8131,P-03-21,616.0,1350.0,2.0,12
8132,P-03-21,616.0,1350.0,2.0,12
8133,P-03-21,616.0,1350.0,2.0,12
8134,P-03-21,616.0,1350.0,2.0,12
8135,P-03-21,616.0,1350.0,2.0,12
8136,P-03-21,616.0,1350.0,2.0,12
8137,P-03-21,616.0,1350.0,2.0,12
8138,P-03-21,616.0,1350.0,2.0,5
8139,Q-24-22,102.0,1408.0,2.0,8
8139,R-23-22,102.0,1440.0,2.0,12
8139,R-23-21,118.0,1440.0,2.0,3
8139,R-21-21,168.0,1440.0,2.0,2
8140,P-08-23,484.0,1408.0,2.0,12
8140,Q-09-21,466.0,1440.0,2.0,12
8141,P-08-23,484.0,1408.0,2.0,7
8141,Q-09-21,466.0,1440.0,2.0,12
8141,Q-09-23,434.0,1440.0,2.0,6
8142,P-06-21,566.0,1408.0,2.0,12
8142,Q-05-21,566.0,1440.0,2.0,12
8143,P-06-21,566.0,1408.0,2.0,12
8143,Q-05-21,566.0,1440.0,2.0,12
8144,P-06-21,566.0,1408.0,2.0,12
8144,Q-05-21,566.0,1440.0,2.0,12
8145,P-06-21,566.0,1408.0,2.0,12
8145,Q-05-21,566.0,1440.0,2.0,12
8146,P-06-21,566.0,1408.0,2.0,12
8146,Q-05-21,566.0,1440.0,2.0,12
8147,P-06-21,566.0,1408.0,2.0,12
8147,Q-05-21,566.0,1440.0,2.0,6
8147,Q-07-21,516.0,1440.0,2.0,2
8147,Q-09-21,466.0,1440.0,2.0,5
8148,P-06-21,566.0,1408.0,2.0,12
8149,P-06-21,566.0,1408.0,2.0,12
8150,P-06-21,566.0,1408.0,2.0,12
8151,P-06-21,566.0,1408.0,2.0,12
8152,P-06-21,566.0,1408.0,2.0,9
8153,P-02-23,634.0,1408.0,2.0,12
8153,P-02-22,650.0,1408.0,2.0,12
8154,P-02-23,634.0,1408.0,2.0,12
8154,P-02-22,650.0,1408.0,2.0,12
8155,P-02-23,634.0,1408.0,2.0,12
8155,P-02-22,650.0,1408.0,2.0,12
8156,P-02-23,634.0,1408.0,2.0,12
8156,P-02-22,650.0,1408.0,2.0,2
8156,Q-01-23,634.0,1440.0,2.0,11
8157,P-02-23,634.0,1408.0,2.0,12
8157,Q-01-23,634.0,1440.0,2.0,12
8158,P-02-23,634.0,1408.0,2.0,12
8158,Q-01-23,634.0,1440.0,2.0,12
8159,P-02-23,634.0,1408.0,2.0,12
8159,Q-01-23,634.0,1440.0,2.0,11
8159,Q-03-21,616.0,1440.0,2.0,2
8160,P-02-23,634.0,1408.0,2.0,12
8160,Q-03-21,616.0,1440.0,2.0,12
8161,P-02-23,634.0,1408.0,2.0,12
8161,Q-03-21,616.0,1440.0,2.0,12
8162,P-02-23,634.0,1408.0,2.0,8
8162,Q-03-21,616.0,1440.0,2.0,12
8163,R-23-22,102.0,1440.0,2.0,12
8164,R-23-22,102.0,1440.0,2.0,12
8165,R-23-22,102.0,1440.0,2.0,7
8166,R-21-21,168.0,1440.0,2.0,12
8166,R-19-23,186.0,1440.0,2.0,12
8167,R-21-21,168.0,1440.0,2.0,12
8167,R-19-23,186.0,1440.0,2.0,12
8168,R-21-21,168.0,1440.0,2.0,12
8168,R-19-23,186.0,1440.0,2.0,12
8169,R-21-21,168.0,1440.0,2.0,12
8169,R-19-23,186.0,1440.0,2.0,12
8170,R-21-21,168.0,1440.0,2.0,12
8170,R-19-23,186.0,1440.0,2.0,12
8171,R-21-21,168.0,1440.0,2.0,12
8171,R-19-23,186.0,1440.0,2.0,7
8172,R-21-21,168.0,1440.0,2.0,12
8173,R-21-21,168.0,1440.0,2.0,5
8174,R-17-22,252.0,1440.0,2.0,12
8174,R-17-21,268.0,1440.0,2.0,12
8175,R-17-22,252.0,1440.0,2.0,12
8175,R-17-21,268.0,1440.0,2.0,12
8176,R-17-22,252.0,1440.0,2.0,12
8176,R-17-21,268.0,1440.0,2.0,12
8177,R-17-22,252.0,1440.0,2.0,12
8177,R-17-21,268.0,1440.0,2.0,12
8178,R-17-22,252.0,1440.0,2.0,12
8178,R-17-21,268.0,1440.0,2.0,1
8178,R-15-22,302.0,1440.0,2.0,12
8179,R-17-22,252.0,1440.0,2.0,3
8179,R-15-22,302.0,1440.0,2.0,12
8179,R-13-22,352.0,1440.0,2.0,10
8180,R-15-22,302.0,1440.0,2.0,12
8180,R-13-22,352.0,1440.0,2.0,12
8181,R-15-22,302.0,1440.0,2.0,12
8181,R-13-22,352.0,1440.0,2.0,12
8182,R-15-22,302.0,1440.0,2.0,12
8182,R-13-22,352.0,1440.0,2.0,12
8183,R-15-22,302.0,1440.0,2.0,12
8183,R-13-22,352.0,1440.0,2.0,7
8184,R-15-22,302.0,1440.0,2.0,1
8185,Q-09-21,466.0,1440.0,2.0,12
8186,Q-09-21,466.0,1440.0,2.0,1
8187,Q-03-21,616.0,1440.0,2.0,12
8188,Q-03-21,616.0,1440.0,2.0,12
8189,Q-03-21,616.0,1440.0,2.0,12
